Age,Qual,Quant
9705,warm,0.5
9565,warm,0.5
9500,warm,0.5
9135,warm,0.5
9105,warm,0.5
8780,Warm,0.5
8480,Warm,0.5
8100,Warm,0.5
8065,Warm,0.5
8035,Warm,0.5
7920,Warm,0.5
7865,Warm,0.5
7495,Warmest,1.5
7470,Warmest,1.5
7365,Warmest,1.5
7340,Warmest,1.5
7335,Warmest,1.5
7335,Warmest,1.5
7040,Warmest,1.5
7020,Warmest,1.5
6940,Warmest,1.5
6860,Warmest,1.5
6855,Warmest,1.5
6825,Warmest,1.5
6815,Warmest,1.5
6795,Warmest,1.5
6725,Warmest,1.5
6565,Warmest,1.5
6515,Warmest,1.5
6360,Warmest,1.5
6355,Warmest,1.5
6350,Warmest,1.5
6305,Warmest,1.5
6240,Warmest,1.5
6240,Warmest,1.5
6195,Warmest,1.5
6165,Warmest,1.5
6095,Warmest,1.5
6060,Warmest,1.5
6040,Warmest,1.5
5965,Warmest,1.5
5950,Warmest,1.5
5870,Warmest,1.5
5830,Warmest,1.5
5825,Warmest,1.5
5825,Warmest,1.5
5790,Warmest,1.5
5790,Warmest,1.5
5790,Warmest,1.5
5790,Warmest,1.5
5790,Warmest,1.5
5790,Warmest,1.5
5760,Warmest,1.5
5670,Warmest,1.5
5575,Warmest,1.5
5545,Warmest,1.5
5535,Warmest,1.5
5455,Warmest,1.5
5445,Warmest,1.5
5385,Warmest,1.5
5370,Warmest,1.5
5255,Warmest,1.5
5145,Warmest,1.5
5035,Warmest,1.5
4785,Warmest,1.5
4630,Warmest,1.5
4495,Cold,-0.5
4165,Cold,-0.5
4035,Cold,-0.5
3985,Cold,-0.5
3815,Cold,-0.5
2795,Cold,-0.5
1360,Cold,-0.5
1310,Cold,-0.5
840,Coldest,-1.5
805,Coldest,-1.5
140,Coldest,-1.5