Age,Qual,Quant,Source
9530,Warmest,1.5,Table 1 - Zackenberg delta and nearbly Permdal
9510,Warmest,1.5,Table 1 - Zackenberg delta and nearbly Permdal
9340,Warmest,1.5,Table 1 - Zackenberg delta and nearbly Permdal
9250,Warmest,1.5,Table 1 - Zackenberg delta and nearbly Permdal
8510,Warmest,1.5,Table 1 - Zackenberg delta and nearbly Permdal
8505,Warmest,1.5,Table 1 - Zackenberg delta and nearbly Permdal
7970,Warmest,1.5,Table 1 - Zackenberg delta and nearbly Permdal
7960,Warmest,1.5,Table 1 - Zackenberg delta and nearbly Permdal
7585,Warmest,1.5,Table 1 - Zackenberg delta and nearbly Permdal
7350,Warmest,1.5,Table 1 - Zackenberg delta and nearbly Permdal
7195,Warmest,1.5,Table 1 - Zackenberg delta and nearbly Permdal
7140,Warmest,1.5,Table 1 - Zackenberg delta and nearbly Permdal
6305,Warmest,1.5,Table 1 - Zackenberg delta and nearbly Permdal
6300,Warmest,1.5,Table 1 - Zackenberg delta and nearbly Permdal
6200,Warm,0.5,Table 1 - Zackenberg delta and nearbly Permdal
2903,Coldest,-1.5,Table 4 - buried podsol ages
2815,Coldest,-1.5,Table 4 - buried podsol ages
2540,Coldest,-1.5,Table 4 - buried podsol ages