Age,CCA,Qual,Quant,Source
470,-0.87,Coldest,-1.5,Digitized chironomid CCA Axis 1 Fig. 7
940,-0.82,Coldest,-1.5,Digitized chironomid CCA Axis 1 Fig. 7
1060,-0.42,Warm,0.5,Digitized chironomid CCA Axis 1 Fig. 7
1210,-0.8,Warm,0.5,Digitized chironomid CCA Axis 1 Fig. 7
1280,-0.23,Warm,0.5,Digitized chironomid CCA Axis 1 Fig. 7
1380,-0.8,Warm,0.5,Digitized chironomid CCA Axis 1 Fig. 7
1710,-0.7,Coldest,-1.5,Digitized chironomid CCA Axis 1 Fig. 7
2260,-0.8,Coldest,-1.5,Digitized chironomid CCA Axis 1 Fig. 7
3170,0.22,Cold,-0.5,Digitized chironomid CCA Axis 1 Fig. 7
3670,-0.55,Cold,-0.5,Digitized chironomid CCA Axis 1 Fig. 7
4010,0.1,Cold,-0.5,Digitized chironomid CCA Axis 1 Fig. 7
4330,0.32,Cold,-0.5,Digitized chironomid CCA Axis 1 Fig. 7
4540,0.02,Cold,-0.5,Digitized chironomid CCA Axis 1 Fig. 7
4810,0.1,Cold,-0.5,Digitized chironomid CCA Axis 1 Fig. 7
5020,1.1,Warmest,1.5,Digitized chironomid CCA Axis 1 Fig. 7
5250,0.6,Warmest,1.5,Digitized chironomid CCA Axis 1 Fig. 7
5480,0.6,Warmest,1.5,Digitized chironomid CCA Axis 1 Fig. 7
5750,0.75,Warmest,1.5,Digitized chironomid CCA Axis 1 Fig. 7
6000,0.55,Warmest,1.5,Digitized chironomid CCA Axis 1 Fig. 7
6270,0.76,Warmest,1.5,Digitized chironomid CCA Axis 1 Fig. 7
6540,0.59,Warmest,1.5,Digitized chironomid CCA Axis 1 Fig. 7
6790,0.3,Warmest,1.5,Digitized chironomid CCA Axis 1 Fig. 7
7060,0.83,Warmest,1.5,Digitized chironomid CCA Axis 1 Fig. 7
7330,-0.03,Warmest,1.5,Digitized chironomid CCA Axis 1 Fig. 7
7770,0.2,Warmest,1.5,Digitized chironomid CCA Axis 1 Fig. 7
8410,-0.67,Cold,-0.5,Digitized chironomid CCA Axis 1 Fig. 7
9110,-1.32,Cold,-0.5,Digitized chironomid CCA Axis 1 Fig. 7
9830,-0.58,Coldest,-1.5,Digitized chironomid CCA Axis 1 Fig. 7