Age,Number of Species,Qual,Quant,Source
7686.60,13,Warmest,1.5,Number of Species Fig. 5.
7521.65,12,Warmest,1.5,Number of Species Fig. 5.
7340.21,10,Warmest,1.5,Number of Species Fig. 5.
7092.78,9,Warmest,1.5,Number of Species Fig. 5.
6812.37,11,Warm,0.5,Number of Species Fig. 5.
6482.47,11,Warm,0.5,Number of Species Fig. 5.
6086.60,11,Warm,0.5,Number of Species Fig. 5.
5690.72,10,Warm,0.5,Number of Species Fig. 5.
5294.85,8,Warm,0.5,Number of Species Fig. 5.
4898.97,8,Warm,0.5,Number of Species Fig. 5.
4503.09,7,Cold,-0.5,Number of Species Fig. 5.
4156.70,7,Cold,-0.5,Number of Species Fig. 5.
3793.81,8,Cold,-0.5,Number of Species Fig. 5.
3447.42,9,Cold,-0.5,Number of Species Fig. 5.
3117.53,5,Coldest,-1.5,Number of Species Fig. 5.
2804.12,5,Coldest,-1.5,Number of Species Fig. 5.
2474.23,6,Coldest,-1.5,Number of Species Fig. 5.
2127.84,6,Coldest,-1.5,Number of Species Fig. 5.
1797.94,6,Coldest,-1.5,Number of Species Fig. 5.
1484.54,6,Coldest,-1.5,Number of Species Fig. 5.
1154.64,6,Coldest,-1.5,Number of Species Fig. 5.
1055.67,6,Coldest,-1.5,Number of Species Fig. 5.
643.30,2,Coldest,-1.5,Number of Species Fig. 5.
329.90,3,Coldest,-1.5,Number of Species Fig. 5.
0.00,7,Coldest,-1.5,Number of Species Fig. 5.