short_name,sample,age (cal yr BP),d18O (permil) {core A77},d18O (permil) {core A79},d18O (permil) {core A84},d18O (permil) {core A87},age (cal yr BP).1,corrected d18O (permil) {core A84/A87},sample.1,age (cal yr BP).2,melt (%)
Agassiz,Vinter2009,0.0,-30.17,-27.67,-26.7,-27.36,40,-27.18,Fisher2011,-34.0,35.609
,,20.0,-30.76,-28.0,-27.48,-26.99,60,-27.03,,-9.0,19.661
,,40.0,-30.45,-28.79,-27.32,-27.17,80,-27.24,,16.0,20.856
,,60.0,-31.03,-27.91,-27.54,-27.8,100,-27.25,,41.0,16.216
,,80.0,-30.49,-28.49,-28.48,-28.49,120,-27.67,,66.0,7.061
,,100.0,-31.63,-28.85,-28.08,-27.96,140,-28.49,,91.0,11.571
,,120.0,-31.67,-28.57,-27.69,-27.99,160,-28.02,,116.0,3.613
,,140.0,-31.77,-28.87,-27.52,-28.07,180,-27.84,,141.0,3.03
,,160.0,-30.82,-28.2,-27.44,-27.8,200,-27.8,,166.0,2.161
,,180.0,-30.74,-28.43,-27.62,-27.62,220,-27.63,,191.0,6.585
,,200.0,-31.15,-29.2,-28.28,-28.34,240,-27.63,,216.0,1.194
,,220.0,-31.27,-29.75,-29.12,-27.82,260,-28.32,,241.0,2.903
,,240.0,-31.53,-29.19,-28.34,-28.76,280,-28.48,,266.0,0.49100000000000005
,,260.0,-31.24,-29.46,-28.46,-28.6,300,-28.56,,291.0,2.546
,,280.0,-31.82,-29.64,-28.2,-27.83,320,-28.54,,316.0,4.894
,,300.0,-31.2,-28.82,-28.55,-28.17,340,-28.02,,341.0,2.008
,,320.0,-30.78,-29.2,-27.88,-27.7,360,-28.37,,366.0,5.087
,,340.0,-31.13,-28.11,-28.21,-28.06,380,-27.8,,391.0,4.115
,,360.0,-30.59,-27.89,-27.58,-27.85,400,-28.14,,416.0,3.149
,,380.0,-31.01,-28.66,-28.38,-28.34,420,-27.72,,441.0,4.367
,,400.0,-31.35,-28.3,-28.23,-27.71,440,-28.37,,466.0,4.409
,,420.0,-30.74,-28.5,-28.17,-28.07,460,-27.98,,491.0,3.324
,,440.0,-31.4,-28.74,-29.32,-28.19,480,-28.13,,516.0,2.11
,,460.0,-30.29,-28.98,-28.16,-27.94,500,-28.76,,541.0,7.985
,,480.0,-31.06,-28.89,-28.53,-27.19,520,-28.06,,566.0,1.868
,,500.0,-31.16,-27.95,-27.74,-27.49,540,-27.87,,591.0,0.998
,,520.0,-30.87,-27.88,-27.77,-27.85,560,-27.62,,616.0,5.455
,,540.0,-30.52,-28.33,-28.03,-28.06,580,-27.82,,641.0,5.154
,,560.0,-30.74,-28.22,-28.03,-27.75,600,-28.05,,666.0,6.328
,,580.0,-31.11,-28.49,-28.1,-27.6,620,-27.9,,691.0,1.6
,,600.0,-30.48,-28.65,-28.33,-27.97,640,-27.86,,716.0,0.14600000000000002
,,620.0,-30.27,-28.63,-27.84,-28.43,660,-28.16,,741.0,1.62
,,640.0,-30.24,-28.56,-27.6,-27.26,680,-28.14,,766.0,0.509
,,660.0,-30.62,-27.93,-27.37,-28.27,700,-27.44,,791.0,1.308
,,680.0,-31.1,-29.42,-28.54,-27.91,720,-27.83,,816.0,8.029
,,700.0,-30.67,-28.67,-28.03,-27.99,740,-28.23,,841.0,1.286
,,720.0,-30.97,-28.29,-27.55,-27.8,760,-28.02,,866.0,8.57
,,740.0,-30.42,-27.48,-27.01,-28.18,780,-27.68,,891.0,2.287
,,760.0,-31.02,-28.84,-27.77,-27.37,800,-27.6,,916.0,3.004
,,780.0,-30.59,-28.33,-28.08,-28.12,820,-27.58,,941.0,5.505
,,800.0,-30.54,-27.59,-28.41,-26.74,840,-28.11,,966.0,4.982
,,820.0,-30.35,-29.14,-27.02,-27.28,860,-27.58,,991.0,2.838
,,840.0,-30.39,-29.2,-28.97,-27.92,880,-27.16,,1016.0,10.117
,,860.0,-31.54,-28.21,-28.25,-28.25,900,-28.45,,1041.0,1.705
,,880.0,-30.45,-28.27,-28.45,-27.76,920,-28.26,,1066.0,1.667
,,900.0,-30.3,-29.03,-27.85,-27.48,940,-28.12,,1091.0,4.193
,,920.0,-29.99,-28.35,-27.4,-27.69,960,-27.68,,1116.0,6.031
,,940.0,-29.99,-28.17,-27.9,-27.82,980,-27.56,,1141.0,3.557
,,960.0,-30.5,-28.96,-28.0,-27.61,1000,-27.87,,1166.0,0.777
,,980.0,-30.01,-27.98,-27.62,-27.4,1020,-27.82,,1191.0,4.955
,,1000.0,-31.13,-27.17,-27.12,-27.85,1040,-27.52,,1216.0,2.509
,,1020.0,-30.59,-28.07,-27.49,-27.03,1060,-27.5,,1241.0,2.172
,,1040.0,-29.77,-28.14,-27.71,-28.0,1080,-27.27,,1266.0,1.9909999999999999
,,1060.0,-30.35,-28.95,-28.05,-27.32,1100,-27.87,,1291.0,1.868
,,1080.0,-31.19,-27.94,-27.0,-26.8,1120,-27.7,,1316.0,3.98
,,1100.0,-30.87,-28.75,-26.65,-27.09,1140,-26.91,,1341.0,3.624
,,1120.0,-30.71,-28.24,-28.2,-28.03,1160,-26.88,,1366.0,0.194
,,1140.0,-29.85,-27.51,-27.63,-27.29,1180,-28.13,,1391.0,0.767
,,1160.0,-30.18,-28.54,-27.75,-26.97,1200,-27.47,,1416.0,2.498
,,1180.0,-29.43,-27.87,-27.73,-27.76,1220,-27.37,,1441.0,4.026
,,1200.0,-29.73,-28.49,-27.42,-27.53,1240,-27.76,,1466.0,7.347
,,1220.0,-30.19,-28.17,-28.0,-28.15,1260,-27.49,,1491.0,2.842
,,1240.0,-30.75,-27.6,-27.71,-27.55,1280,-28.09,,1516.0,7.819
,,1260.0,-30.71,-28.43,-27.78,-26.48,1300,-27.64,,1541.0,1.181
,,1280.0,-29.71,-28.95,-27.15,-26.85,1320,-27.14,,1566.0,0.903
,,1300.0,-29.77,-28.78,-27.55,-27.67,1340,-27.01,,1591.0,2.305
,,1320.0,-30.11,-27.57,-27.8,-28.01,1360,-27.62,,1616.0,0.317
,,1340.0,-30.29,-28.61,-27.95,-27.88,1380,-27.92,,1641.0,1.769
,,1360.0,-30.05,-27.94,-27.52,-27.58,1400,-27.93,,1666.0,1.641
,,1380.0,-30.11,-27.37,-27.76,-28.05,1420,-27.56,,1691.0,1.31
,,1400.0,-30.33,-27.31,-28.23,-27.61,1440,-27.92,,1716.0,3.649
,,1420.0,-30.38,-27.79,-27.37,-27.86,1460,-27.93,,1741.0,2.685
,,1440.0,-29.15,-28.82,-28.04,-27.6,1480,-27.63,,1766.0,2.274
,,1460.0,-30.22,-27.49,-27.9,-27.6,1500,-27.84,,1791.0,0.673
,,1480.0,-29.83,-27.95,-27.65,-27.25,1520,-27.77,,1816.0,17.125
,,1500.0,-29.95,-27.61,-27.34,-27.2,1540,-27.47,,1841.0,3.429
,,1520.0,-29.81,-27.9,-27.06,-27.11,1560,-27.29,,1866.0,0.519
,,1540.0,-29.18,-27.55,-27.34,-27.0,1580,-27.1,,1891.0,1.077
,,1560.0,-29.8,-27.8,-27.6,-27.71,1600,-27.19,,1916.0,0.532
,,1580.0,-29.77,-28.17,-27.09,-27.46,1620,-27.67,,1941.0,3.881
,,1600.0,-29.96,-27.41,-26.95,-27.65,1640,-27.29,,1966.0,1.278
,,1620.0,-29.84,-28.01,-27.18,-27.17,1660,-27.32,,1991.0,10.727
,,1640.0,-29.21,-28.0,-27.25,-27.41,1680,-27.19,,2016.0,2.512
,,1660.0,-29.4,-27.35,-27.6,-27.23,1700,-27.35,,2041.0,1.758
,,1680.0,-29.47,-28.39,-27.74,-27.29,1720,-27.43,,2066.0,2.146
,,1700.0,-30.09,-27.98,-27.59,-26.51,1740,-27.53,,2091.0,2.008
,,1720.0,-29.39,-28.42,-27.43,-27.19,1760,-27.07,,2116.0,3.422
,,1740.0,-29.53,-28.04,-27.72,-26.9,1780,-27.33,,2141.0,4.359
,,1760.0,-29.6,-27.81,-27.58,-27.08,1800,-27.33,,2166.0,0.64
,,1780.0,-30.17,-28.83,-27.66,-27.59,1820,-27.35,,2191.0,0.0
,,1800.0,-30.79,-27.53,-27.14,-28.22,1840,-27.64,,2216.0,0.21200000000000002
,,1820.0,-30.11,-27.66,-27.61,-27.56,1860,-27.7,,2241.0,1.93
,,1840.0,-29.49,-28.61,-28.46,-27.18,1880,-27.6,,2266.0,5.014
,,1860.0,-30.57,-28.54,-27.03,-27.43,1900,-27.84,,2291.0,0.904
,,1880.0,-29.44,-27.52,-27.32,-27.74,1920,-27.25,,2316.0,5.363
,,1900.0,-30.99,-28.99,-28.11,-27.76,1940,-27.55,,2341.0,0.0
,,1920.0,-29.74,-27.11,-28.16,-29.0,1960,-27.96,,2366.0,5.55
,,1940.0,-28.3,-28.71,-28.87,-27.31,1980,-28.6,,2391.0,0.0
,,1960.0,-29.2,-27.79,-27.32,-27.56,2000,-28.11,,2416.0,5.535
,,1980.0,-29.5,-27.92,-26.98,-26.73,2020,-27.46,,2441.0,7.448
,,2000.0,-29.47,-27.07,-27.42,-27.3,2040,-26.88,,2466.0,0.99
,,2020.0,-29.51,-27.6,-26.88,-26.54,2060,-27.38,,2491.0,2.261
,,2040.0,-30.31,-28.09,-27.16,-27.33,2080,-26.73,,2516.0,0.512
,,2060.0,-29.97,-28.2,-27.32,-27.39,2100,-27.27,,2541.0,7.097
,,2080.0,-29.19,-28.83,-27.39,-27.75,2120,-27.38,,2566.0,2.616
,,2100.0,-31.29,-27.54,-27.11,-27.72,2140,-27.59,,2591.0,6.62
,,2120.0,-30.12,-28.41,-27.77,-27.0,2160,-27.44,,2616.0,1.569
,,2140.0,-30.04,-27.87,-27.78,-27.32,2180,-27.41,,2641.0,0.0
,,2160.0,-28.88,-26.71,-27.47,-27.79,2200,-27.57,,2666.0,0.0
,,2180.0,-29.19,-27.97,-28.2,-27.39,2220,-27.65,,2691.0,4.245
,,2200.0,-30.07,-27.14,-28.22,-27.83,2240,-27.82,,2716.0,7.134
,,2220.0,-29.33,-27.35,-27.81,-27.94,2260,-28.05,,2741.0,4.219
,,2240.0,-29.51,-28.57,-28.21,-28.11,2280,-27.9,,2766.0,3.759
,,2260.0,-31.12,-27.87,-28.23,-28.16,2300,-28.19,,2791.0,4.791
,,2280.0,-30.43,-27.55,-28.44,-26.51,2320,-28.22,,2816.0,6.76
,,2300.0,-30.38,-28.31,-26.92,-26.49,2340,-27.5,,2841.0,21.747
,,2320.0,-29.81,-27.12,-27.32,-26.87,2360,-26.73,,2866.0,26.06
,,2340.0,-29.65,-27.47,-26.66,-27.08,2380,-27.12,,2891.0,0.7420000000000001
,,2360.0,-30.42,-27.2,-26.64,-27.16,2400,-26.9,,2916.0,0.313
,,2380.0,-29.28,-27.88,-26.91,-27.18,2420,-26.93,,2941.0,1.845
,,2400.0,-29.47,-26.78,-26.58,-27.22,2440,-27.07,,2966.0,0.95
,,2420.0,-28.11,-27.67,-27.2,-27.21,2460,-26.93,,2991.0,3.428
,,2440.0,-28.79,-27.32,-27.36,-27.41,2480,-27.23,,3016.0,0.0
,,2460.0,-29.84,-27.39,-27.2,-26.78,2500,-27.41,,3041.0,3.195
,,2480.0,-29.65,-28.18,-26.97,-27.07,2520,-27.02,,3066.0,2.908
,,2500.0,-30.0,-27.05,-27.68,-26.69,2540,-27.05,,3091.0,2.285
,,2520.0,-29.12,-27.4,-27.22,-27.26,2560,-27.21,,3116.0,6.911
,,2540.0,-28.8,-27.58,-26.24,-27.9,2580,-27.27,,3141.0,6.726
,,2560.0,-29.47,-27.35,-26.79,-28.33,2600,-27.1,,3166.0,2.701
,,2580.0,-29.6,-27.15,-27.44,-28.72,2620,-27.59,,3191.0,1.404
,,2600.0,-29.1,-26.97,-27.34,-27.57,2640,-28.11,,3216.0,3.146
,,2620.0,-30.13,-28.5,-28.07,-28.54,2660,-27.49,,3241.0,9.095
,,2640.0,-28.78,-28.57,-28.32,-27.25,2680,-28.34,,3266.0,15.532
,,2660.0,-28.69,-27.95,-28.53,-27.1,2700,-27.82,,3291.0,3.931
,,2680.0,-29.87,-28.36,-27.39,-27.05,2720,-27.85,,3316.0,2.893
,,2700.0,-29.91,-27.65,-26.32,-26.56,2740,-27.25,,3341.0,0.0
,,2720.0,-29.1,-27.24,-26.7,-26.55,2760,-26.47,,3366.0,0.0
,,2740.0,-28.97,-27.81,-27.77,-27.79,2780,-26.66,,3391.0,3.375
,,2760.0,-28.52,-27.67,-28.1,-27.17,2800,-27.81,,3416.0,3.049
,,2780.0,-30.59,-27.47,-27.39,-27.53,2820,-27.67,,3441.0,0.0
,,2800.0,-27.96,-27.61,-27.07,-27.81,2840,-27.49,,3466.0,1.179
,,2820.0,-29.32,-27.53,-26.99,-26.95,2860,-27.47,,3491.0,6.315
,,2840.0,-29.61,-27.34,-27.5,-26.71,2880,-27.0,,3516.0,7.986
,,2860.0,-29.2,-28.34,-26.61,-27.02,2900,-27.14,,3541.0,2.814
,,2880.0,-29.08,-28.67,-27.04,-26.53,2920,-26.85,,3566.0,6.497
,,2900.0,-30.43,-27.86,-28.8,-26.79,2940,-26.82,,3591.0,2.003
,,2920.0,-29.65,-26.83,-26.36,-26.5,2960,-27.83,,3616.0,0.8250000000000001
,,2940.0,-29.09,-26.74,-27.03,-27.22,2980,-26.47,,3641.0,0.0
,,2960.0,-28.64,-28.05,-27.07,-27.22,3000,-27.16,,3666.0,4.658
,,2980.0,-29.4,-28.06,-26.44,-26.69,3020,-27.18,,3691.0,5.979
,,3000.0,-29.37,-27.74,-27.62,-27.45,3040,-26.6,,3716.0,2.148
,,3020.0,-30.05,-27.87,-27.27,-25.87,3060,-27.57,,3741.0,0.0
,,3040.0,-28.64,-27.08,-27.28,-27.36,3080,-26.61,,3766.0,6.128
,,3060.0,-27.83,-28.04,-27.39,-27.53,3100,-27.36,,3791.0,1.32
,,3080.0,-29.08,-28.41,-27.6,-27.61,3120,-27.5,,3816.0,0.8670000000000001
,,3100.0,-29.04,-28.0,-27.28,-26.31,3140,-27.64,,3841.0,4.896
,,3120.0,-28.26,-27.86,-27.0,-26.98,3160,-26.83,,3866.0,0.0
,,3140.0,-29.57,-27.06,-26.71,-26.82,3180,-27.03,,3891.0,0.0
,,3160.0,-28.81,-28.04,-26.61,-26.7,3200,-26.81,,3916.0,1.375
,,3180.0,-28.66,-29.0,-26.61,-26.2,3220,-26.7,,3941.0,0.935
,,3200.0,-27.86,-28.49,-27.1,-27.25,3240,-26.45,,3966.0,0.246
,,3220.0,-28.89,-27.65,-27.35,-26.99,3260,-27.22,,3991.0,0.0
,,3240.0,-29.72,-27.62,-26.71,-26.83,3280,-27.21,,4016.0,2.063
,,3260.0,-27.87,-28.28,-27.26,-26.78,3300,-26.81,,4041.0,2.006
,,3280.0,-28.95,-28.03,-27.01,-27.61,3320,-27.06,,4066.0,8.93
,,3300.0,-29.91,-28.85,-27.33,-27.56,3340,-27.35,,4091.0,4.57
,,3320.0,-29.09,-28.81,-27.45,-26.55,3360,-27.49,,4116.0,34.786
,,3340.0,-30.03,-28.46,-27.4,-27.86,3380,-27.04,,4141.0,8.854
,,3360.0,-29.77,-27.87,-27.07,-27.16,3400,-27.67,,4166.0,10.44
,,3380.0,-29.03,-27.53,-27.16,-27.38,3420,-27.16,,4191.0,1.174
,,3400.0,-29.42,-27.84,-26.57,-26.66,3440,-27.32,,4216.0,1.793
,,3420.0,-30.5,-28.09,-26.86,-26.55,3460,-26.66,,4241.0,8.824
,,3440.0,-27.93,-27.67,-27.74,-26.72,3480,-26.75,,4266.0,2.279
,,3460.0,-28.9,-27.39,-27.29,-27.27,3500,-27.28,,4291.0,6.949
,,3480.0,-28.78,-27.66,-26.76,-27.23,3520,-27.33,,4316.0,0.623
,,3500.0,-29.27,-27.91,-26.84,-27.6,3540,-27.04,,4341.0,0.0
,,3520.0,-28.51,-27.38,-27.64,-27.2,3560,-27.27,,4366.0,8.231
,,3540.0,-29.18,-27.5,-27.37,-26.71,3580,-27.47,,4391.0,1.243
,,3560.0,-28.64,-27.01,-28.01,-26.93,3600,-27.09,,4416.0,5.466
,,3580.0,-29.1,-27.63,-27.7,-28.05,3620,-27.52,,4441.0,14.461
,,3600.0,-28.65,-27.75,-27.42,-27.88,3640,-27.93,,4466.0,7.297
,,3620.0,-29.68,-27.51,-27.04,-27.45,3660,-27.7,,4491.0,3.202
,,3640.0,-30.07,-27.92,-26.93,-27.18,3680,-27.3,,4516.0,5.407
,,3660.0,-29.79,-28.33,-27.3,-26.98,3700,-27.11,,4541.0,4.453
,,3680.0,-28.7,-27.96,-27.06,-26.76,3720,-27.19,,4566.0,3.647
,,3700.0,-28.67,-28.09,-27.62,-26.88,3740,-26.96,,4591.0,5.318
,,3720.0,-28.82,-28.55,-27.25,-27.73,3760,-27.3,,4616.0,3.372
,,3740.0,-27.71,-27.88,-27.27,-27.58,3780,-27.54,,4641.0,11.242
,,3760.0,-28.25,-27.5,-26.96,-27.37,3800,-27.48,,4666.0,10.263
,,3780.0,-28.32,-27.04,-27.97,-27.39,3820,-27.22,,4691.0,8.506
,,3800.0,-29.55,-26.79,-27.27,-27.42,3840,-27.74,,4716.0,17.376
,,3820.0,-29.11,-27.33,-27.64,-27.22,3860,-27.4,,4741.0,0.0
,,3840.0,-28.32,-27.53,-26.55,-27.07,3880,-27.49,,4766.0,14.166
,,3860.0,-28.83,-27.39,-27.14,-27.18,3900,-26.87,,4791.0,20.094
,,3880.0,-28.44,-27.44,-27.19,-27.24,3920,-27.22,,4816.0,5.516
,,3900.0,-28.98,-26.41,-27.46,-27.23,3940,-27.27,,4841.0,1.799
,,3920.0,-28.2,-26.53,-26.79,-27.23,3960,-27.4,,4866.0,4.929
,,3940.0,-28.1,-27.45,-27.39,-27.29,3980,-27.07,,4891.0,2.18
,,3960.0,-28.58,-27.64,-27.61,-27.3,4000,-27.4,,4916.0,2.884
,,3980.0,-29.84,-27.47,-26.85,-27.16,4020,-27.52,,4941.0,3.154
,,4000.0,-29.5,-27.2,-27.3,-27.15,4040,-27.07,,4966.0,5.967
,,4020.0,-28.72,-27.9,-26.34,-27.14,4060,-27.29,,4991.0,4.768
,,4040.0,-29.12,-27.79,-26.49,-27.13,4080,-26.8,,5016.0,9.549
,,4060.0,-29.09,-27.34,-26.85,-27.14,4100,-26.87,,5041.0,6.501
,,4080.0,-29.25,-28.42,-26.91,-27.15,4120,-27.06,,5066.0,6.853
,,4100.0,-29.11,-27.25,-27.19,-27.01,4140,-27.09,,5091.0,6.444
,,4120.0,-29.55,-27.42,-26.68,-26.2,4160,-27.16,,5116.0,7.661
,,4140.0,-29.69,-28.04,-26.1,-26.35,4180,-26.51,,5141.0,6.133
,,4160.0,-29.42,-28.47,-26.76,-26.5,4200,-26.29,,5166.0,5.766
,,4180.0,-28.88,-27.24,-26.56,-26.91,4220,-26.7,,5191.0,4.142
,,4200.0,-29.08,-27.67,-26.43,-26.89,4240,-26.8,,5216.0,5.388
,,4220.0,-28.82,-27.6,-27.39,-26.92,4260,-26.73,,5241.0,20.899
,,4240.0,-28.5,-28.19,-28.07,-27.44,4280,-27.22,,5266.0,5.493
,,4260.0,-28.33,-27.72,-27.29,-27.84,4300,-27.82,,5291.0,3.635
,,4280.0,-28.52,-28.17,-27.98,-28.07,4320,-27.63,,5316.0,1.368
,,4300.0,-28.84,-27.88,-27.29,-26.96,4340,-28.1,,5341.0,3.631
,,4320.0,-29.74,-27.41,-27.04,-27.09,4360,-27.2,,5366.0,2.349
,,4340.0,-29.18,-27.0,-27.76,-27.21,4380,-27.14,,5391.0,6.919
,,4360.0,-28.29,-26.9,-26.74,-27.12,4400,-27.56,,5416.0,0.0
,,4380.0,-28.36,-27.16,-27.42,-27.2,4420,-27.0,,5441.0,0.0
,,4400.0,-28.39,-27.41,-27.06,-27.27,4440,-27.38,,5466.0,10.308
,,4420.0,-28.67,-28.26,-26.56,-27.19,4460,-27.24,,5491.0,1.913
,,4440.0,-28.94,-27.52,-27.26,-27.46,4480,-26.95,,5516.0,0.9630000000000001
,,4460.0,-29.72,-27.25,-26.98,-27.63,4500,-27.44,,5541.0,8.184
,,4480.0,-28.46,-27.19,-26.82,-26.73,4520,-27.38,,5566.0,1.229
,,4500.0,-28.22,-27.1,-27.9,-27.0,4540,-26.85,,5591.0,9.754
,,4520.0,-29.07,-27.48,-26.35,-27.2,4560,-27.53,,5616.0,5.895
,,4540.0,-28.04,-26.96,-26.5,-26.57,4580,-26.85,,5641.0,31.327
,,4560.0,-28.8,-26.68,-27.27,-26.75,4600,-26.61,,5666.0,0.9720000000000001
,,4580.0,-28.22,-27.28,-27.17,-26.93,4620,-27.09,,5691.0,1.998
,,4600.0,-28.62,-28.05,-26.93,-26.87,4640,-27.13,,5716.0,2.951
,,4620.0,-29.34,-27.98,-25.97,-26.94,4660,-26.98,,5741.0,4.446
,,4640.0,-28.74,-27.58,-26.43,-27.1,4680,-26.54,,5766.0,5.452
,,4660.0,-28.69,-26.92,-26.97,-26.57,4700,-26.85,,5791.0,3.001
,,4680.0,-28.71,-27.74,-27.2,-25.68,4720,-26.85,,5816.0,1.023
,,4700.0,-29.25,-27.43,-26.55,-26.01,4740,-26.52,,5841.0,9.329
,,4720.0,-27.9,-26.94,-26.85,-26.52,4760,-26.37,,5866.0,15.103
,,4740.0,-29.11,-26.97,-26.59,-26.76,4780,-26.77,,5891.0,2.044
,,4760.0,-29.02,-27.53,-26.53,-27.13,4800,-26.76,,5916.0,19.83
,,4780.0,-29.25,-27.75,-27.97,-27.13,4820,-26.92,,5941.0,2.568
,,4800.0,-28.16,-27.45,-26.71,-27.14,4840,-27.64,,5966.0,19.126
,,4820.0,-28.86,-27.01,-27.18,-27.26,4860,-27.01,,5991.0,4.268
,,4840.0,-28.88,-26.84,-27.18,-27.56,4880,-27.31,,6016.0,6.474
,,4860.0,-29.02,-27.59,-27.38,-26.99,4900,-27.46,,6041.0,5.634
,,4880.0,-29.61,-27.32,-26.4,-26.32,4920,-27.28,,6066.0,0.0
,,4900.0,-29.25,-27.5,-26.13,-26.59,4940,-26.45,,6091.0,7.465
,,4920.0,-29.4,-27.48,-26.28,-26.69,4960,-26.45,,6116.0,22.019
,,4940.0,-28.57,-27.35,-26.32,-25.97,4980,-26.58,,6141.0,19.21
,,4960.0,-29.02,-27.28,-26.56,-26.1,5000,-26.24,,6166.0,0.0
,,4980.0,-29.51,-27.29,-26.6,-26.71,5020,-26.43,,6191.0,1.104
,,5000.0,-28.12,-28.15,-27.39,-26.72,5040,-26.75,,6216.0,10.949
,,5020.0,-28.39,-27.85,-26.98,-26.74,5060,-27.15,,6241.0,11.559
,,5040.0,-28.57,-26.77,-26.46,-26.75,5080,-26.96,,6266.0,2.208
,,5060.0,-29.18,-26.65,-26.95,-26.75,5100,-26.7,,6291.0,0.0
,,5080.0,-27.76,-26.98,-26.53,-26.84,5120,-26.95,,6316.0,3.913
,,5100.0,-27.56,-27.03,-27.02,-26.95,5140,-26.79,,6341.0,0.0
,,5120.0,-27.87,-27.54,-26.26,-27.04,5160,-27.09,,6366.0,0.0
,,5140.0,-28.44,-28.1,-26.11,-26.55,5180,-26.75,,6391.0,7.159
,,5160.0,-27.98,-27.6,-28.36,-26.35,5200,-26.43,,6416.0,7.867
,,5180.0,-28.54,-26.21,-27.08,-26.33,5220,-27.46,,6441.0,16.46
,,5200.0,-29.51,-26.26,-26.92,-26.48,5240,-26.81,,6466.0,20.24
,,5220.0,-29.16,-27.24,-27.15,-26.7,5260,-26.81,,6491.0,15.211
,,5240.0,-29.9,-27.15,-27.01,-26.93,5280,-27.03,,6516.0,2.918
,,5260.0,-29.23,-27.18,-26.7,-27.01,5300,-27.08,,6541.0,12.861
,,5280.0,-28.82,-27.82,-26.22,-26.65,5320,-26.97,,6566.0,3.005
,,5300.0,-28.67,-28.0,-25.79,-26.88,5340,-26.55,,6591.0,21.06
,,5320.0,-28.69,-28.05,-26.39,-27.02,5360,-26.45,,6616.0,2.391
,,5340.0,-29.45,-27.83,-26.13,-27.15,5380,-26.82,,6641.0,11.059
,,5360.0,-28.39,-27.75,-26.38,-26.91,5400,-26.75,,6666.0,10.32
,,5380.0,-28.79,-27.76,-26.51,-26.62,5420,-26.76,,6691.0,3.676
,,5400.0,-28.19,-27.45,-26.45,-26.3,5440,-26.68,,6716.0,3.069
,,5420.0,-28.08,-27.31,-26.98,-26.43,5460,-26.49,,6741.0,14.532
,,5440.0,-28.15,-27.34,-26.95,-26.49,5480,-26.82,,6766.0,28.732
,,5460.0,-28.12,-26.81,-26.47,-26.53,5500,-26.84,,6791.0,2.462
,,5480.0,-28.45,-26.75,-26.74,-25.94,5520,-26.62,,6816.0,8.201
,,5500.0,-27.82,-26.89,-26.47,-26.15,5540,-26.46,,6841.0,5.108
,,5520.0,-27.98,-26.67,-26.78,-26.56,5560,-26.43,,6866.0,2.5
,,5540.0,-28.39,-26.86,-26.19,-26.96,5580,-26.79,,6891.0,9.481
,,5560.0,-29.03,-26.92,-26.53,-26.72,5600,-26.7,,6916.0,10.557
,,5580.0,-27.49,-26.54,-26.48,-26.37,5620,-26.75,,6941.0,12.707
,,5600.0,-27.43,-26.92,-26.48,-26.53,5640,-26.55,,6966.0,6.46
,,5620.0,-28.24,-26.51,-27.09,-26.54,5660,-26.63,,6991.0,22.23
,,5640.0,-27.05,-26.72,-26.27,-26.55,5680,-26.94,,7016.0,3.096
,,5660.0,-29.41,-26.25,-26.5,-26.62,5700,-26.54,,7041.0,8.943
,,5680.0,-29.38,-27.48,-26.81,-26.59,5720,-26.69,,7066.0,14.359
,,5700.0,-29.31,-26.91,-26.59,-26.21,5740,-26.83,,7091.0,22.334
,,5720.0,-29.31,-27.23,-26.55,-25.91,5760,-26.53,,7116.0,21.921
,,5740.0,-28.15,-26.61,-27.12,-25.78,5780,-26.36,,7141.0,27.557
,,5760.0,-27.6,-26.73,-26.17,-26.55,5800,-26.59,,7166.0,15.143
,,5780.0,-28.17,-27.17,-26.18,-26.7,5820,-26.5,,7191.0,13.295
,,5800.0,-28.64,-25.71,-26.59,-26.99,5840,-26.58,,7216.0,5.44
,,5820.0,-28.89,-26.65,-27.23,-26.77,5860,-26.93,,7241.0,13.867
,,5840.0,-27.99,-26.74,-26.42,-26.56,5880,-27.14,,7266.0,13.562
,,5860.0,-29.19,-26.57,-26.54,-26.22,5900,-26.63,,7291.0,16.785
,,5880.0,-28.81,-27.05,-26.89,-26.3,5920,-26.52,,7316.0,20.576
,,5900.0,-27.94,-27.61,-26.64,-26.41,5940,-26.74,,7341.0,0.5
,,5920.0,-28.3,-26.97,-26.8,-26.63,5960,-26.67,,7366.0,9.128
,,5940.0,-29.14,-26.68,-27.13,-27.2,5980,-26.86,,7391.0,3.668
,,5960.0,-28.23,-27.41,-27.47,-27.38,6000,-27.31,,7416.0,0.5
,,5980.0,-28.07,-26.63,-26.79,-26.34,6020,-27.57,,7441.0,8.43
,,6000.0,-28.3,-27.19,-27.61,-26.33,6040,-26.72,,7466.0,10.295
,,6020.0,-27.92,-26.61,-26.87,-26.29,6060,-27.12,,7491.0,7.951
,,6040.0,-29.05,-26.86,-27.69,-26.82,6080,-26.73,,7516.0,16.823
,,6060.0,-28.44,-26.87,-27.03,-27.26,6100,-27.41,,7541.0,30.85
,,6080.0,-28.87,-26.99,-26.63,-26.42,6120,-27.3,,7566.0,27.647
,,6100.0,-27.7,-26.11,-26.43,-26.27,6140,-26.68,,7591.0,0.5
,,6120.0,-28.03,-26.11,-26.47,-27.12,6160,-26.51,,7616.0,18.982
,,6140.0,-27.95,-26.99,-26.85,-27.1,6180,-26.96,,7641.0,4.782
,,6160.0,-27.97,-27.22,-27.48,-27.03,6200,-27.14,,7666.0,13.353
,,6180.0,-28.15,-26.97,-26.46,-26.59,6220,-27.42,,7691.0,27.845
,,6200.0,-28.1,-27.17,-26.41,-26.13,6240,-26.69,,7716.0,12.051
,,6220.0,-28.0,-26.9,-26.56,-26.34,6260,-26.44,,7741.0,24.725
,,6240.0,-28.35,-26.88,-27.04,-26.44,6280,-26.62,,7766.0,9.888
,,6260.0,-27.93,-26.15,-26.32,-26.72,6300,-26.91,,7791.0,3.839
,,6280.0,-29.27,-26.56,-26.98,-26.74,6320,-26.69,,7816.0,42.573
,,6300.0,-28.17,-26.43,-26.6,-26.3,6340,-27.03,,7841.0,19.274
,,6320.0,-27.76,-26.7,-26.16,-25.99,6360,-26.62,,7866.0,13.516
,,6340.0,-27.72,-26.83,-26.61,-26.14,6380,-26.25,,7891.0,12.18
,,6360.0,-28.59,-26.86,-27.34,-26.15,6400,-26.55,,7916.0,10.75
,,6380.0,-28.7,-27.15,-26.4,-26.49,6420,-26.92,,7941.0,17.331
,,6400.0,-28.06,-26.58,-26.6,-26.65,6440,-26.62,,7966.0,26.604
,,6420.0,-27.7,-26.2,-27.41,-26.05,6460,-26.81,,7991.0,10.405
,,6440.0,-28.02,-26.77,-26.73,-26.04,6480,-26.91,,8016.0,4.333
,,6460.0,-27.86,-26.65,-26.13,-26.16,6500,-26.57,,8041.0,20.497
,,6480.0,-27.82,-26.55,-26.88,-26.23,6520,-26.33,,8066.0,22.699
,,6500.0,-27.64,-26.34,-27.14,-26.51,6540,-26.74,,8091.0,26.049
,,6520.0,-27.23,-26.94,-26.06,-26.87,6560,-27.01,,8116.0,7.37
,,6540.0,-27.72,-26.9,-26.43,-26.72,6580,-26.66,,8141.0,15.255
,,6560.0,-27.96,-26.71,-26.54,-26.16,6600,-26.77,,8166.0,8.28
,,6580.0,-28.09,-27.34,-26.27,-26.25,6620,-26.54,,8191.0,6.748
,,6600.0,-28.36,-26.99,-26.48,-26.93,6640,-26.46,,8216.0,5.773
,,6620.0,-27.91,-26.61,-26.63,-26.81,6660,-26.9,,8241.0,22.406
,,6640.0,-27.6,-26.38,-26.82,-25.96,6680,-26.92,,8266.0,4.143
,,6660.0,-27.62,-26.29,-25.91,-26.57,6700,-26.59,,8291.0,5.987
,,6680.0,-28.7,-26.87,-26.44,-26.01,6720,-26.44,,8316.0,7.842
,,6700.0,-28.02,-26.76,-26.7,-26.56,6740,-26.43,,8341.0,19.077
,,6720.0,-27.54,-26.85,-26.1,-26.69,6760,-26.84,,8366.0,19.131
,,6740.0,-26.72,-26.78,-25.74,-26.19,6780,-26.6,,8391.0,10.213
,,6760.0,-28.0,-25.51,-26.66,-25.85,6800,-26.17,,8416.0,36.705
,,6780.0,-27.55,-26.9,-26.77,-26.08,6820,-26.47,,8441.0,16.527
,,6800.0,-28.39,-26.68,-26.63,-26.13,6840,-26.64,,8466.0,1.057
,,6820.0,-27.86,-27.72,-26.43,-26.22,6860,-26.59,,8491.0,6.34
,,6840.0,-28.21,-27.02,-26.95,-26.09,6880,-26.54,,8516.0,20.381
,,6860.0,-27.22,-26.92,-26.12,-26.13,6900,-26.74,,8541.0,35.361
,,6880.0,-28.02,-26.62,-26.46,-26.11,6920,-26.35,,8566.0,14.672
,,6900.0,-27.49,-26.12,-26.7,-25.94,6940,-26.51,,8591.0,8.354
,,6920.0,-29.34,-26.65,-26.05,-26.55,6960,-26.54,,8616.0,11.89
,,6940.0,-27.61,-26.76,-26.14,-27.2,6980,-26.53,,8641.0,5.973
,,6960.0,-27.86,-26.43,-26.6,-27.13,7000,-26.9,,8666.0,41.988
,,6980.0,-28.95,-26.59,-26.22,-26.77,7020,-27.1,,8691.0,25.117
,,7000.0,-28.21,-26.9,-26.34,-26.61,7040,-26.73,,8716.0,14.984
,,7020.0,-28.2,-26.75,-26.53,-26.65,7060,-26.71,,8741.0,12.305
,,7040.0,-28.49,-26.34,-25.88,-25.47,7080,-26.83,,8766.0,23.703
,,7060.0,-28.58,-26.85,-26.08,-26.69,7100,-25.91,,8791.0,25.449
,,7080.0,-27.61,-26.71,-27.17,-26.89,7120,-26.63,,8816.0,19.754
,,7100.0,-28.11,-27.18,-26.41,-26.89,7140,-27.27,,8841.0,41.031
,,7120.0,-27.04,-26.64,-27.15,-26.68,7160,-26.89,,8866.0,14.551
,,7140.0,-28.05,-26.38,-27.06,-25.32,7180,-27.16,,8891.0,22.168
,,7160.0,-27.27,-26.85,-26.56,-27.02,7200,-26.44,,8916.0,81.145
,,7180.0,-28.44,-27.35,-26.47,-27.02,7220,-27.04,,8941.0,13.699
,,7200.0,-27.82,-26.98,-26.65,-26.25,7240,-27.0,,8966.0,31.707
,,7220.0,-28.28,-26.66,-26.1,-26.19,7260,-26.7,,8991.0,20.816
,,7240.0,-29.19,-26.86,-25.82,-26.3,7280,-26.4,,9016.0,0.0
,,7260.0,-26.67,-26.87,-27.18,-26.12,7300,-26.32,,9041.0,41.516
,,7280.0,-28.0,-26.78,-27.48,-25.86,7320,-26.91,,9066.0,19.971
,,7300.0,-28.26,-26.75,-26.32,-25.96,7340,-26.93,,9091.0,20.973
,,7320.0,-28.45,-26.96,-26.38,-26.91,7360,-26.41,,9116.0,13.563
,,7340.0,-26.81,-27.1,-26.88,-26.9,7380,-26.91,,9141.0,24.756
,,7360.0,-28.02,-26.69,-26.92,-25.84,7400,-27.16,,9166.0,7.822
,,7380.0,-27.74,-26.7,-27.89,-26.16,7420,-26.65,,9191.0,9.924
,,7400.0,-27.15,-26.93,-26.31,-26.63,7440,-27.3,,9216.0,11.094
,,7420.0,-28.06,-27.08,-26.54,-27.39,7460,-26.75,,9241.0,23.615
,,7440.0,-28.29,-26.65,-25.86,-26.3,7480,-27.24,,9266.0,66.33
,,7460.0,-27.91,-26.74,-26.11,-26.03,7500,-26.36,,9291.0,62.621
,,7480.0,-27.29,-27.06,-27.03,-25.86,7520,-26.35,,9316.0,34.416
,,7500.0,-28.37,-26.78,-26.44,-26.53,7540,-26.73,,9341.0,52.555
,,7520.0,-27.57,-26.88,-26.44,-26.38,7560,-26.77,,9366.0,56.795
,,7540.0,-27.56,-26.97,-26.83,-26.19,7580,-26.7,,9391.0,21.543
,,7560.0,-27.73,-27.2,-27.05,-26.47,7600,-26.8,,9416.0,20.412
,,7580.0,-28.29,-27.12,-26.96,-26.64,7620,-27.06,,9441.0,9.451
,,7600.0,-27.49,-27.04,-26.9,-26.59,7640,-27.1,,9466.0,54.541
,,7620.0,-27.46,-26.24,-25.79,-26.28,7660,-27.05,,9491.0,44.412
,,7640.0,-27.44,-26.21,-25.93,-27.06,7680,-26.34,,9516.0,23.797
,,7660.0,-27.19,-27.73,-25.54,-26.72,7700,-26.8,,9541.0,12.881
,,7680.0,-27.11,-27.54,-26.6,-26.34,7720,-26.44,,9566.0,16.603
,,7700.0,-28.46,-26.72,-26.6,-25.56,7740,-26.78,,9591.0,36.406
,,7720.0,-28.18,-26.8,-25.9,-25.55,7760,-26.39,,9616.0,19.264
,,7740.0,-27.57,-27.13,-26.07,-26.04,7780,-26.04,,9641.0,9.805
,,7760.0,-27.57,-27.1,-25.72,-26.18,7800,-26.38,,9666.0,15.156
,,7780.0,-27.62,-26.74,-25.35,-25.61,7820,-26.27,,9691.0,15.154
,,7800.0,-28.17,-26.74,-26.44,-25.1,7840,-25.81,,9716.0,29.043
,,7820.0,-26.83,-26.74,-26.94,-25.64,7860,-26.1,,9741.0,68.736
,,7840.0,-27.06,-26.74,-27.55,-26.0,7880,-26.62,,9766.0,71.359
,,7860.0,-27.27,-26.73,-26.02,-26.08,7900,-27.11,,9791.0,44.721
,,7880.0,-27.63,-26.73,-26.06,-25.89,7920,-26.39,,9816.0,65.551
,,7900.0,-26.96,-26.55,-25.41,-25.06,7940,-26.31,,9841.0,35.813
,,7920.0,-28.55,-26.23,-25.81,-25.71,7960,-25.58,,9866.0,35.705
,,7940.0,-28.33,-26.29,-26.61,-25.76,7980,-26.11,,9891.0,26.107
,,7960.0,-27.84,-26.97,-26.62,-26.03,8000,-26.53,,9916.0,59.508
,,7980.0,-28.05,-26.97,-26.2,-26.09,8020,-26.68,,9941.0,21.92
,,8000.0,-27.65,-26.75,-26.14,-26.17,8040,-26.5,,9966.0,70.152
,,8020.0,-27.37,-26.72,-26.28,-26.31,8060,-26.51,,9991.0,44.225
,,8040.0,-26.58,-26.54,-25.71,-26.23,8080,-26.65,,10016.0,50.41
,,8060.0,-27.49,-26.49,-26.32,-26.42,8100,-26.33,,10041.0,36.243
,,8080.0,-29.04,-26.32,-26.56,-26.45,8120,-26.74,,10066.0,42.539
,,8100.0,-28.47,-26.28,-27.46,-27.07,8140,-26.87,,10091.0,49.131
,,8120.0,-27.45,-26.59,-26.78,-27.12,8160,-27.64,,10116.0,0.0
,,8140.0,-29.56,-26.55,-27.14,-26.37,8180,-27.33,,10141.0,64.531
,,8160.0,-28.8,-26.39,-27.2,-26.67,8200,-27.13,,10166.0,29.131
,,8180.0,-29.11,-26.76,-26.84,-26.05,8220,-27.32,,10191.0,31.912
,,8200.0,-27.65,-26.98,-26.63,-26.03,8240,-26.83,,10216.0,32.928
,,8220.0,-28.88,-26.59,-26.19,-25.91,8260,-26.72,,10241.0,55.146
,,8240.0,-28.12,-26.57,-26.31,-25.81,8280,-26.44,,10266.0,19.209
,,8260.0,-28.09,-26.66,-26.56,-25.72,8300,-26.45,,10291.0,42.865
,,8280.0,-26.9,-27.15,-26.54,-25.59,8320,-26.54,,10316.0,21.297
,,8300.0,-27.22,-26.93,-26.19,-25.89,8340,-26.47,,10341.0,99.584
,,8320.0,-27.87,-26.48,-25.75,-25.89,8360,-26.44,,10366.0,64.248
,,8340.0,-28.08,-26.1,-26.09,-26.01,8380,-26.23,,10391.0,59.053
,,8360.0,-27.51,-26.29,-25.38,-25.68,8400,-26.46,,10416.0,9.934
,,8380.0,-28.3,-26.54,-25.14,-25.24,8420,-25.94,,10441.0,38.637
,,8400.0,-27.16,-26.72,-25.99,-25.4,8440,-25.61,,10466.0,48.783
,,8420.0,-27.08,-26.77,-26.56,-25.94,8460,-26.12,,10491.0,25.963
,,8440.0,-28.14,-26.66,-26.91,-25.79,8480,-26.68,,10516.0,50.0
,,8460.0,-28.03,-26.98,-26.53,-25.57,8500,-26.78,,10541.0,60.711
,,8480.0,-27.26,-27.3,-26.36,-25.95,8520,-26.48,,10566.0,100.0
,,8500.0,-27.3,-26.47,-25.75,-25.39,8540,-26.59,,10591.0,90.822
,,8520.0,-28.62,-26.52,-26.19,-26.23,8560,-26.01,,10616.0,72.334
,,8540.0,-27.98,-27.24,-26.2,-25.32,8580,-26.65,,10641.0,100.0
,,8560.0,-28.13,-26.51,-26.52,-26.09,8600,-26.21,,10666.0,90.732
,,8580.0,-27.06,-26.72,-26.99,-25.71,8620,-26.76,,10691.0,99.766
,,8600.0,-27.32,-26.88,-26.1,-26.31,8640,-26.8,,10716.0,81.828
,,8620.0,-27.55,-27.71,-25.76,-26.51,8660,-26.66,,10741.0,99.195
,,8640.0,-27.76,-26.7,-25.76,-26.16,8680,-26.6,,10766.0,90.424
,,8660.0,-27.15,-26.28,-25.47,-27.12,8700,-26.43,,10791.0,63.09
,,8680.0,-27.48,-26.14,-25.65,-26.56,8720,-26.77,,10816.0,52.531
,,8700.0,-27.73,-26.38,-25.99,-25.58,8740,-26.58,,10841.0,83.613
,,8720.0,-27.59,-26.97,-25.71,-25.51,8760,-26.26,,10866.0,73.072
,,8740.0,-27.11,-27.2,-25.79,-25.61,8780,-26.09,,10891.0,62.998
,,8760.0,-26.62,-26.63,-25.72,-26.34,8800,-26.19,,10916.0,7.291
,,8780.0,-26.99,-26.16,-26.0,-25.21,8820,-26.52,,10941.0,51.617
,,8800.0,-27.5,-26.85,-26.44,-27.1,8840,-26.1,,10966.0,30.939
,,8820.0,-27.83,-27.13,-25.32,-26.35,8860,-27.27,,10991.0,25.889
,,8840.0,-27.63,-27.34,-26.27,-26.68,8880,-26.34,,11016.0,34.029
,,8860.0,-27.56,-27.17,-25.68,-26.3,8900,-26.98,,11041.0,53.408
,,8880.0,-27.75,-26.0,-26.12,-25.45,8920,-26.5,,11066.0,50.0
,,8900.0,-28.0,-26.43,-25.84,-25.72,8940,-26.3,,11091.0,51.717
,,8920.0,-27.84,-26.79,-25.95,-26.1,8960,-26.3,,11116.0,50.0
,,8940.0,-27.58,-26.54,-25.95,-26.42,8980,-26.55,,11141.0,87.021
,,8960.0,-27.63,-26.86,-25.63,-26.38,9000,-26.71,,11166.0,75.539
,,8980.0,-26.83,-26.6,-26.6,-27.03,9020,-26.54,,11191.0,50.0
,,9000.0,-26.42,-26.67,-26.55,-26.99,9040,-27.35,,11216.0,50.0
,,9020.0,-26.47,-26.67,-26.07,-26.95,9060,-27.31,,11241.0,50.0
,,9040.0,-26.67,-26.54,-25.67,-25.95,9080,-27.06,,11266.0,10.537
,,9060.0,-27.56,-26.26,-26.37,-25.78,9100,-26.36,,11291.0,44.699
,,9080.0,-27.27,-26.9,-26.29,-25.75,9120,-26.63,,11316.0,50.0
,,9100.0,-26.68,-26.83,-26.07,-25.76,9140,-26.58,,,
,,9120.0,-26.65,-25.92,-25.72,-25.94,9160,-26.48,,,
,,9140.0,-27.06,-27.01,-26.08,-25.89,9180,-26.4,,,
,,9160.0,-26.81,-26.56,-26.04,-25.99,9200,-26.56,,,
,,9180.0,-27.7,-26.92,-25.98,-25.79,9220,-26.59,,,
,,9200.0,-27.8,-26.35,-25.76,-25.95,9240,-26.47,,,
,,9220.0,-28.0,-26.48,-25.9,-25.74,9260,-26.44,,,
,,9240.0,-27.64,-26.47,-26.17,-26.12,9280,-26.41,,,
,,9260.0,-27.66,-26.17,-26.09,-26.52,9300,-26.74,,,
,,9280.0,-27.93,-26.41,-25.56,-26.29,9320,-26.91,,,
,,9300.0,-27.18,-26.67,-25.95,-26.51,9340,-26.53,,,
,,9320.0,-26.67,-26.06,-25.84,-26.5,9360,-26.84,,,
,,9340.0,-27.44,-25.97,-27.12,-25.99,9380,-26.79,,,
,,9360.0,-28.01,-25.89,-27.21,-25.27,9400,-27.18,,,
,,9380.0,-27.69,-26.43,-27.24,-25.6,9420,-26.87,,,
,,9400.0,-27.28,-25.13,-26.83,-26.05,9440,-27.05,,,
,,9420.0,-27.87,-25.64,-25.9,-25.82,9460,-27.08,,,
,,9440.0,-27.36,-25.56,-25.59,-25.86,9480,-26.5,,,
,,9460.0,-27.18,-25.6,-25.58,-25.32,9500,-26.38,,,
,,9480.0,-26.93,-25.75,-26.01,-25.38,9520,-26.11,,,
,,9500.0,-27.46,-25.91,-25.62,-25.6,9540,-26.36,,,
,,9520.0,-26.51,-25.8,-25.66,-25.76,9560,-26.28,,,
,,9540.0,-26.66,-25.93,-25.54,-25.67,9580,-26.38,,,
,,9560.0,-26.59,-25.98,-27.02,-25.95,9600,-26.28,,,
,,9580.0,-26.72,-26.04,-26.4,-25.36,9620,-27.17,,,
,,9600.0,-26.58,-26.28,-25.35,-25.34,9640,-26.57,,,
,,9620.0,-25.63,-26.41,-25.2,-25.14,9660,-26.04,,,
,,9640.0,-25.93,-26.11,-25.51,-25.65,9680,-25.87,,,
,,9660.0,-27.6,-26.15,-25.77,-25.86,9700,-26.29,,,
,,9680.0,-28.03,-26.1,-26.42,-25.74,9720,-26.53,,,
,,9700.0,-26.68,-25.72,-26.34,-25.43,9740,-26.8,,,
,,9720.0,-26.68,-26.04,-26.04,-25.34,9760,-26.61,,,
,,9740.0,-26.98,-26.36,-25.89,-25.89,9780,-26.42,,,
,,9760.0,-27.74,-26.4,-27.05,-25.38,9800,-26.63,,,
,,9780.0,-27.21,-26.22,-27.61,-25.85,9820,-26.96,,,
,,9800.0,-26.75,-26.24,-26.06,-26.41,9840,-27.48,,,
,,9820.0,-27.37,-26.43,-25.5,-27.39,9860,-26.99,,,
,,9840.0,-27.79,-26.54,-25.5,-26.68,9880,-27.21,,,
,,9860.0,-27.45,-26.04,-25.74,-26.5,9900,-26.86,,,
,,9880.0,-27.05,-26.46,-25.19,-25.7,9920,-26.89,,,
,,9900.0,-27.35,-26.78,-25.01,-24.96,9940,-26.22,,,
,,9920.0,-27.25,-26.58,-25.03,-24.74,9960,-25.77,,,
,,9940.0,-26.96,-25.45,-25.96,-24.41,9980,-25.68,,,
,,9960.0,-27.04,-25.61,-25.37,-24.71,10000,-25.98,,,
,,9980.0,-27.76,-25.5,-26.13,-25.15,10020,-25.85,,,
,,10000.0,-27.55,-25.99,-26.04,-25.35,10040,-26.45,,,
,,10020.0,-27.16,-25.78,-25.19,-25.52,10060,-26.51,,,
,,10040.0,-27.94,-26.81,-25.42,-26.48,10080,-26.18,,,
,,10060.0,-27.21,-26.88,-25.85,-25.86,10100,-26.78,,,
,,10080.0,-27.41,-26.96,-25.73,-25.6,10120,-26.69,,,
,,10100.0,-25.98,-25.85,-26.14,-25.72,10140,-26.51,,,
,,10120.0,-25.94,-25.55,-26.09,-25.89,10160,-26.78,,,
,,10140.0,-26.97,-25.9,-26.37,-25.56,10180,-26.85,,,
,,10160.0,-25.86,-26.38,-26.35,-25.55,10200,-26.83,,,
,,10180.0,-27.97,-26.38,-24.5,-25.73,10220,-26.83,,,
,,10200.0,-26.38,-26.35,-25.72,-26.04,10240,-26.0,,,
,,10220.0,-26.32,-26.27,-27.07,-26.34,10260,-26.77,,,
,,10240.0,-26.16,-26.04,-27.5,-26.32,10280,-27.6,,,
,,10260.0,-26.98,-26.45,-26.22,-26.22,10300,-27.81,,,
,,10280.0,-29.39,-26.99,-25.48,-25.32,10320,-27.13,,,
,,10300.0,-27.7,-26.62,-26.38,-25.66,10340,-26.32,,,
,,10320.0,-27.01,-26.35,-26.05,-25.3,10360,-26.95,,,
,,10340.0,-26.97,-25.76,-25.19,-25.81,10380,-26.61,,,
,,10360.0,-27.0,-25.16,-25.37,-25.61,10400,-26.44,,,
,,10380.0,-26.96,-25.54,-25.63,-25.56,10420,-26.44,,,
,,10400.0,-26.96,-26.57,-26.02,-25.67,10440,-26.55,,,
,,10420.0,-27.12,-26.17,-26.17,-25.39,10460,-26.81,,,
,,10440.0,-27.89,-26.09,-26.03,-24.99,10480,-26.75,,,
,,10460.0,-27.27,-26.56,-26.06,-25.36,10500,-26.49,,,
,,10480.0,-26.83,-26.44,-26.04,-26.0,10520,-26.7,,,
,,10500.0,-26.78,-26.59,-26.02,-25.54,10540,-27.02,,,
,,10520.0,-26.59,-26.81,-27.51,-25.64,10560,-26.79,,,
,,10540.0,-26.46,-26.55,-27.41,-25.68,10580,-27.59,,,
,,10560.0,-25.97,-26.39,-26.68,-25.66,10600,-27.57,,,
,,10580.0,-26.47,-26.98,-26.63,-25.75,10620,-27.2,,,
,,10600.0,-26.42,-26.78,-26.74,-25.93,10640,-27.23,,,
,,10620.0,-26.1,-26.78,-26.46,-25.97,10660,-27.38,,,
,,10640.0,-26.0,-26.59,-26.01,-26.31,10680,-27.27,,,
,,10660.0,-26.54,-26.37,-25.82,-26.1,10700,-27.23,,,
,,10680.0,-26.52,-26.35,-26.47,-25.92,10720,-27.04,,,
,,10700.0,-26.59,-26.43,-26.24,-26.1,10740,-27.28,,,
,,10720.0,-26.55,-26.07,-26.4,-26.22,10760,-27.26,,,
,,10740.0,-25.93,-26.3,-26.4,-26.03,10780,-27.41,,,
,,10760.0,-26.78,-26.68,-26.4,-25.97,10800,-27.33,,,
,,10780.0,-27.01,-26.88,-26.43,-26.61,10820,-27.31,,,
,,10800.0,-26.19,-26.49,-26.58,-26.59,10840,-27.65,,,
,,10820.0,-27.08,-26.74,-26.66,-26.71,10860,-27.72,,,
,,10840.0,-27.05,-26.46,-27.36,-27.01,10880,-27.83,,,
,,10860.0,-26.94,-26.39,-27.45,-27.51,10900,-28.34,,,
,,10880.0,-26.86,-26.53,-27.31,-27.11,10920,-28.65,,,
,,10900.0,-26.88,-26.57,-26.5,-26.87,10940,-28.39,,,
,,10920.0,-27.04,-26.84,-26.56,-26.74,10960,-27.87,,,
,,10940.0,-27.51,-27.05,-26.7,-26.7,10980,-27.85,,,
,,10960.0,-26.92,-27.24,-26.61,-26.4,11000,-27.91,,,
,,10980.0,-26.5,-26.98,-26.64,-26.58,11020,-27.72,,,
,,11000.0,-26.6,-27.28,-26.61,-26.68,11040,-27.84,,,
,,11020.0,-26.73,-27.48,-26.64,-26.75,11060,-27.88,,,
,,11040.0,-26.83,-26.86,-26.95,-26.68,11080,-27.94,,,
,,11060.0,-26.75,-26.69,-27.14,-26.71,11100,-28.07,,,
,,11080.0,-25.88,-26.68,-27.02,-26.74,11120,-28.19,,,
,,11100.0,-26.06,-27.29,-26.96,-26.76,11140,-28.16,,,
,,11120.0,-26.42,-27.14,-26.93,-26.92,11160,-28.15,,,
,,11140.0,-26.5,-27.04,-26.73,-27.01,11180,-28.22,,,
,,11160.0,-26.32,-27.04,-26.68,-27.08,11200,-28.18,,,
,,11180.0,-26.75,-27.12,-26.9,-26.88,11220,-28.2,,,
,,11200.0,-26.37,-27.24,-26.82,-26.84,11240,-28.22,,,
,,11220.0,-26.67,-27.14,-27.19,-26.89,11260,-28.17,,,
,,11240.0,-26.46,-27.09,-27.03,-27.13,11280,-28.39,,,
,,11260.0,-26.59,-26.99,-27.23,-27.17,11300,-28.44,,,
,,11280.0,-26.49,-27.04,-26.3,-27.03,11320,-28.58,,,
,,11300.0,-26.41,-27.16,-26.75,-27.03,11340,-28.05,,,
,,11320.0,-26.49,-26.99,-26.9,-27.83,11360,-28.29,,,
,,11340.0,-27.07,-26.79,-26.85,-28.11,11380,-28.78,,,
,,11360.0,-27.99,-27.35,-26.86,-27.92,11400,-28.9,,,
,,11380.0,-28.05,-27.9,-27.19,-27.77,11420,-28.82,,,
,,11400.0,-28.13,-27.91,-27.16,-27.6,11440,-28.93,,,
,,11420.0,-27.73,-27.92,-27.35,-27.45,11460,-28.84,,,
,,11440.0,-27.15,-27.96,-27.25,-27.29,11480,-28.87,,,
,,11460.0,-26.41,-28.13,-26.92,-27.09,11500,-28.75,,,
,,11480.0,-26.04,-28.3,-27.27,-27.19,11520,-28.5,,,
,,11500.0,-26.56,-28.26,-27.36,-27.48,11540,-28.74,,,
,,11520.0,-26.65,-28.34,-27.34,-27.29,11560,-28.94,,,
,,11540.0,-26.97,-28.66,-27.51,-27.5,11580,-28.85,,,
,,11560.0,-26.42,-29.04,-27.94,-28.07,11600,-29.05,,,
,,11580.0,-26.95,-29.48,-27.9,-27.68,11620,-29.56,,,
,,11600.0,-26.6,-30.2,-27.84,-27.82,11640,-29.36,,,
,,11620.0,-26.65,-30.58,-28.02,-28.53,11660,-29.41,,,
,,11640.0,-27.01,-31.41,-30.45,-31.08,11680,-29.87,,,
,,,,,,,11700,-32.37,,,
