short_name,sample,age (cal yr BP),temperature,depth (cm),age - old,LOI (%),MS (cgs),sample.1,depth (cm).1,age (cal yr BP).1,BSi (%),chron_table,age_type,lab ID,Lower depth (cm),Upper depth (cm),14C age (yr BP),14C age error (1s),Material
BC01,LOI,-43,4.0962,0.25,-66,5.26,,BSi,2.25,-31,2.29,,14C,Beta-231039,10,11,1450,40,Macro
,,-1,3.8614,1.25,85,7.32,,,4.25,-9,0.15,,14C,Beta-213866,24,25,3460,40,Macro
,,329,3.9746,2.25,236,11.45,,,6.25,20,3.06,,14C,Beta-231040,43,45,4650,40,Macro
,,1060,3.8582,3.25,385,10.76,,,8.25,333,1.01,,14C,Beta-210909,49.5,50.5,5550,40,Macro
,,1979,3.7054,4.25,533,10.43,,,10.25,1064,1.53,,14C,Beta-231041,85,89,4650,40,Macro
,,2609,4.067,5.25,680,10.44,,,12.25,2077,0.66,,14C_bulk,Beta-213867,95,99,14000,60,Bulk
,,3431,4.2274,6.25,827,9.49,,,14.25,2673,1.26,,14C_bulk,Beta-213868,96,100,10260,50,Bulk
,,4524,4.3068,7.25,972,9.83,,,16.5,3040,3.69,,14C,Beta-210907,108,109,3360,40,Macro
,,5405,3.9256,8.25,1116,9.69,,,18.5,3254,2.91,,14C_bulk,Beta-213869,116,120,12640,50,Bulk
,,5754,4.4002,9.25,1259,9.78,,,20.5,3374,0.42,,14C_bulk,Beta-213870,146,150,10550,60,Bulk
,,6273,4.4088,10.25,1402,15.8,,,22.5,3501,2.73,,14C_bulk,Beta-213871,171,175,10580,50,Bulk
,,6617,4.3556,11.5,1578,57.6,0.61,,24.5,3690,4.31,,14C,Beta-21090,194,196,10970,50,Macro
,,7128,4.1972,12.5,1718,10,0.67,,26.5,3958,3.89,,,,,,,,
,,7463,4.0698,13.5,1857,11.68,0.87,,28.5,4204,1.95,,,,,,,,
,,8280,4.19,14.5,1995,11.31,0.93,,30.5,4425,4.35,,,comments,,,,,
,,8752,4.1654,15.5,2132,8.22,1.14,,32.5,4627,6.9,,,8 Pb-210 ages were also obtained to provide a chronology for the coreand Cs-137 were used to verify recent sedimentation; Data available in the article,,,,,
,,9502,4.0988,16.5,2268,15.27,1.14,,34.5,4814,4.5,,,,,,,,
,,10198,4.4478,17.5,2403,10.6,1.15,,36.5,4990,2.21,,,,,,,,
,,10830,4.3744,18.5,2537,11.5,1.26,,38.5,5159,2.32,,,,,,,,
,,11387,3.9328,19.5,2670,7.43,1.26,,40.5,5325,2.42,,,,,,,,
,,11861,3.9242,20.5,2802,10.3,1.27,,42.5,5494,0.91,,,,,,,,
,,12242,4.154,21.5,2933,10.85,1.23,,44.5,5845,1.5,,,,,,,,
,,12520,4.2348,22.5,3063,10.93,1.19,,46.5,5845,0,,,,,,,,
,,12715,4.269,23.5,3192,6.86,1.14,,48.5,6018,2.36,,,,,,,,
,,12833,4.1504,24.5,3320,15.08,1.15,,50.5,6190,0.1,,,,,,,,
,,12876,4.224,25.5,3447,12.92,1.21,,52.5,6363,0.62,,,,,,,,
,,12894,4.3076,26.5,3574,12.32,1.26,,54.5,6535,0,,,,,,,,
,,12914,4.3276,27.5,3699,12.26,1.37,,56.5,6707,1.08,,,,,,,,
,,12934,4.296,28.5,3823,11.47,1.38,,58.5,6877,1.29,,,,,,,,
,,,,29.5,3946,16.78,1.43,,60.5,7047,0.38,,,,,,,,
,,,,30.5,4069,10.28,1.44,,62.5,7216,0,,,,,,,,
,,,,31.5,4190,13.6,1.45,,64.5,7384,0.57,,,,,,,,
,,,,32.5,4311,12.25,1.45,,66.5,7550,0.29,,,,,,,,
,,,,33.5,4430,9.97,1.51,,68.5,7716,0.45,,,,,,,,
,,,,34.5,4549,8.49,1.62,,70.5,7880,0.71,,,,,,,,
,,,,35.5,4666,10.46,1.68,,72.5,8043,1.38,,,,,,,,
,,,,36.5,4783,10.48,1.78,,74.5,8204,0,,,,,,,,
,,,,37.5,4898,9.76,1.79,,76.5,8364,0.74,,,,,,,,
,,,,38.5,5013,12.31,1.84,,78.5,8522,0.55,,,,,,,,
,,,,39.5,5127,11.1,1.8,,80.5,8679,0.99,,,,,,,,
,,,,40.5,5240,12.5,1.86,,82.5,8834,1.26,,,,,,,,
,,,,41.5,5352,10.56,1.92,,84.5,8987,1.22,,,,,,,,
,,,,42.5,5463,10.56,1.92,,86.5,9138,0.6,,,,,,,,
,,,,43.5,5573,14.87,2.03,,88.5,9287,0.68,,,,,,,,
,,,,44.5,5682,12.06,2.14,,90.5,9434,0.54,,,,,,,,
,,,,45.5,5790,9.31,1.7,,92.5,9579,3,,,,,,,,
,,,,46.5,5898,7.7,2.3,,94.5,9721,0.69,,,,,,,,
,,,,47.5,6004,8.01,2.31,,96.5,9792,0.87,,,,,,,,
,,,,48.5,6109,9.02,2.46,,98.5,10000,1.54,,,,,,,,
,,,,49.5,6214,10.23,2.52,,100.5,10135,0.91,,,,,,,,
,,,,50.5,6317,22.55,2.48,,110.5,10774,1.44,,,,,,,,
,,,,51.5,6420,13.98,2.63,,120.5,11339,1.22,,,,,,,,
,,,,52.5,6522,9.98,2.84,,130.5,11822,0.96,,,,,,,,
,,,,53.5,6623,12.04,3,,140.5,12212,0.87,,,,,,,,
,,,,54.5,6723,9.57,3.21,,150.5,12501,2.21,,,,,,,,
,,,,55.5,6822,7.35,3.41,,160.5,12501,1.36,,,,,,,,
,,,,56.5,6920,7,3.72,,170.5,12828,1.76,,,,,,,,
,,,,57.5,7017,7.14,3.92,,180.5,12879,0.71,,,,,,,,
,,,,58.5,7114,7.17,4.03,,190.5,12896,2.37,,,,,,,,
,,,,59.5,7209,7.17,3.99,,200.5,12916,0,,,,,,,,
,,,,60.5,7304,8.16,4.05,,210.5,12936,1.33,,,,,,,,
,,,,61.5,7397,7.48,4.1,,215.5,12946,8.25,,,,,,,,
,,,,62.5,7490,6.13,4.21,,,,,,,,,,,,
,,,,63.5,7582,5.14,4.57,,,,,,,,,,,,
,,,,64.5,7673,4.6,5.28,,,,,,,,,,,,
,,,,65.5,7763,3.85,6.48,,,,,,,,,,,,
,,,,66.5,7852,4.45,8.19,,,,,,,,,,,,
,,,,67.5,7941,4.62,10.04,,,,,,,,,,,,
,,,,68.5,8028,4.55,11.9,,,,,,,,,,,,
,,,,69.5,8115,4.39,13.81,,,,,,,,,,,,
,,,,70.5,8201,4.56,15.27,,,,,,,,,,,,
,,,,71.5,8286,5.12,16.72,,,,,,,,,,,,
,,,,72.5,8370,4.27,17.93,,,,,,,,,,,,
,,,,73.5,8453,4.47,18.74,,,,,,,,,,,,
,,,,74.5,8535,3.71,18.74,,,,,,,,,,,,
,,,,75.5,8617,3.92,17.9,,,,,,,,,,,,
,,,,76.5,8697,3.88,15.6,,,,,,,,,,,,
,,,,77.5,8777,3.63,12.86,,,,,,,,,,,,
,,,,78.5,8856,4.36,9.37,,,,,,,,,,,,
,,,,79.5,8934,4.44,7.28,,,,,,,,,,,,
,,,,80.5,9011,4.23,6.18,,,,,,,,,,,,
,,,,81.5,9087,4.88,5.64,,,,,,,,,,,,
,,,,82.5,9163,4.5,5.6,,,,,,,,,,,,
,,,,83.5,9237,4.48,5.71,,,,,,,,,,,,
,,,,84.5,9311,4.56,6.01,,,,,,,,,,,,
,,,,85.5,9384,5.1,6.37,,,,,,,,,,,,
,,,,86.5,9456,5.47,6.17,,,,,,,,,,,,
,,,,87.5,9527,4.59,6.73,,,,,,,,,,,,
,,,,88.5,9598,4.64,6.69,,,,,,,,,,,,
,,,,89.5,9667,4.78,6.6,,,,,,,,,,,,
,,,,90.5,9736,4.56,6.6,,,,,,,,,,,,
,,,,91.5,9804,5.35,6.56,,,,,,,,,,,,
,,,,92.5,9871,5.36,6.52,,,,,,,,,,,,
,,,,93.5,9938,4.91,6.47,,,,,,,,,,,,
,,,,94.5,10003,4.62,5.68,,,,,,,,,,,,
,,,,95.5,10068,4.71,5.74,,,,,,,,,,,,
,,,,96.5,10132,5.08,5.74,,,,,,,,,,,,
,,,,97.5,10195,4.72,5.85,,,,,,,,,,,,
,,,,98.5,10257,4.61,6.21,,,,,,,,,,,,
,,,,99.5,10318,1.85,6.56,,,,,,,,,,,,
,,,,100.5,10379,5.06,6.87,,,,,,,,,,,,
,,,,101.5,10439,4.52,7.23,,,,,,,,,,,,
,,,,102.5,10498,7.82,7.49,,,,,,,,,,,,
,,,,103.5,10556,6.99,7.49,,,,,,,,,,,,
,,,,104.5,10613,5.72,7.35,,,,,,,,,,,,
,,,,105.5,10670,6.44,7.36,,,,,,,,,,,,
,,,,106.5,10726,5.64,7.61,,,,,,,,,,,,
,,,,107.5,10781,7.67,7.92,,,,,,,,,,,,
,,,,108.5,10835,7.65,7.78,,,,,,,,,,,,
,,,,109.5,10889,13.01,6.23,,,,,,,,,,,,
,,,,110.5,10941,3.39,9.88,,,,,,,,,,,,
,,,,111.5,10993,3.39,9.05,,,,,,,,,,,,
,,,,112.5,11044,3.64,8.76,,,,,,,,,,,,
,,,,113.5,11095,4,8.53,,,,,,,,,,,,
,,,,114.5,11144,3.77,8.04,,,,,,,,,,,,
,,,,115.5,11193,3.45,8.56,,,,,,,,,,,,
,,,,116.5,11241,3.73,8.62,,,,,,,,,,,,
,,,,117.5,11289,3.87,8.69,,,,,,,,,,,,
,,,,118.5,11335,4.2,8.5,,,,,,,,,,,,
,,,,119.5,11381,4.2,8.22,,,,,,,,,,,,
,,,,120.5,11426,4.07,8.08,,,,,,,,,,,,
,,,,121.5,11470,4.18,7.99,,,,,,,,,,,,
,,,,122.5,11513,6.22,8.01,,,,,,,,,,,,
,,,,123.5,11556,5,7.82,,,,,,,,,,,,
,,,,124.5,11598,4.9,7.54,,,,,,,,,,,,
,,,,125.5,11639,6.16,7.1,,,,,,,,,,,,
,,,,126.5,11680,7.51,6.92,,,,,,,,,,,,
,,,,127.5,11719,7.2,6.78,,,,,,,,,,,,
,,,,128.5,11758,5.96,6.75,,,,,,,,,,,,
,,,,129.5,11797,7.12,6.71,,,,,,,,,,,,
,,,,130.5,11834,6.88,6.68,,,,,,,,,,,,
,,,,131.5,11871,6.55,6.59,,,,,,,,,,,,
,,,,132.5,11907,7.29,6.5,,,,,,,,,,,,
,,,,133.5,11942,5,6.47,,,,,,,,,,,,
,,,,134.5,11977,7.85,6.33,,,,,,,,,,,,
,,,,135.5,12010,5.23,6.35,,,,,,,,,,,,
,,,,136.5,12044,7.62,6.31,,,,,,,,,,,,
,,,,137.5,12076,8.04,6.33,,,,,,,,,,,,
,,,,138.5,12108,7.28,6.3,,,,,,,,,,,,
,,,,139.5,12138,7.29,6.36,,,,,,,,,,,,
,,,,140.5,12169,5.79,6.37,,,,,,,,,,,,
,,,,141.5,12198,7.81,6.44,,,,,,,,,,,,
,,,,142.5,12227,7.63,6.5,,,,,,,,,,,,
,,,,143.5,12255,7.84,6.42,,,,,,,,,,,,
,,,,144.5,12282,6.66,6.28,,,,,,,,,,,,
,,,,145.5,12309,5.04,6.24,,,,,,,,,,,,
,,,,146.5,12335,7.62,6.11,,,,,,,,,,,,
,,,,147.5,12360,7.68,6.18,,,,,,,,,,,,
,,,,148.5,12385,7.09,6.29,,,,,,,,,,,,
,,,,149.5,12409,7.47,6.31,,,,,,,,,,,,
,,,,150.5,12432,4.72,6.27,,,,,,,,,,,,
,,,,151.5,12454,7.37,6.19,,,,,,,,,,,,
,,,,152.5,12476,6.94,6.05,,,,,,,,,,,,
,,,,153.5,12497,7.35,6.01,,,,,,,,,,,,
,,,,154.5,12517,7.46,6.13,,,,,,,,,,,,
,,,,155.5,12537,5.91,6.09,,,,,,,,,,,,
,,,,156.5,12556,7,5.86,,,,,,,,,,,,
,,,,157.5,12575,5.56,5.67,,,,,,,,,,,,
,,,,158.5,12592,7.41,5.59,,,,,,,,,,,,
,,,,159.5,12609,7.17,5.5,,,,,,,,,,,,
,,,,160.5,12626,7.44,5.47,,,,,,,,,,,,
,,,,161.5,12641,6.55,5.23,,,,,,,,,,,,
,,,,162.5,12656,7.46,5.2,,,,,,,,,,,,
,,,,163.5,12670,6.96,5.11,,,,,,,,,,,,
,,,,164.5,12684,7.72,5.02,,,,,,,,,,,,
,,,,165.5,12697,7.33,4.94,,,,,,,,,,,,
,,,,166.5,12709,7.02,5,,,,,,,,,,,,
,,,,167.5,12721,7.19,5.02,,,,,,,,,,,,
,,,,168.5,12732,6.19,5.03,,,,,,,,,,,,
,,,,169.5,12742,6.85,4.95,,,,,,,,,,,,
,,,,170.5,12752,7.41,4.91,,,,,,,,,,,,
,,,,171.5,12761,5.49,4.83,,,,,,,,,,,,
,,,,172.5,12770,7.43,4.79,,,,,,,,,,,,
,,,,173.5,12777,7.9,4.81,,,,,,,,,,,,
,,,,174.5,12784,7.4,4.82,,,,,,,,,,,,
,,,,175.5,12791,5.18,4.88,,,,,,,,,,,,
,,,,176.5,12797,4.19,5,,,,,,,,,,,,
,,,,177.5,12802,2.94,5.11,,,,,,,,,,,,
,,,,178.5,12807,7.06,5.23,,,,,,,,,,,,
,,,,179.5,12810,6.56,5.24,,,,,,,,,,,,
,,,,180.5,12814,5.58,5.06,,,,,,,,,,,,
,,,,181.5,12816,4.56,5.12,,,,,,,,,,,,
,,,,182.5,12819,4.96,5.34,,,,,,,,,,,,
,,,,183.5,12820,6.03,5.7,,,,,,,,,,,,
,,,,184.5,12821,4.82,6.27,,,,,,,,,,,,
,,,,185.5,12823,5.02,6.78,,,,,,,,,,,,
,,,,186.5,12827,5.66,7.3,,,,,,,,,,,,
,,,,187.5,12831,5.9,7.36,,,,,,,,,,,,
,,,,188.5,12835,5.3,7.02,,,,,,,,,,,,
,,,,189.5,12839,4.54,6.14,,,,,,,,,,,,
,,,,190.5,12843,9.24,7.16,,,,,,,,,,,,
,,,,191.5,12847,7.79,7.43,,,,,,,,,,,,
,,,,192.5,12851,7.47,7.5,,,,,,,,,,,,
,,,,193.5,12855,5.69,7.48,,,,,,,,,,,,
,,,,194.5,12859,6.45,7.65,,,,,,,,,,,,
,,,,195.5,12863,7.19,7.92,,,,,,,,,,,,
,,,,196.5,12867,7.57,8.24,,,,,,,,,,,,
,,,,197.5,12871,6.2,8.51,,,,,,,,,,,,
,,,,198.5,12875,6.44,8.63,,,,,,,,,,,,
,,,,199.5,12879,6.34,8.61,,,,,,,,,,,,
,,,,200.5,12883,6.17,8.53,,,,,,,,,,,,
,,,,201.5,12887,6,8.45,,,,,,,,,,,,
,,,,202.5,12891,6.5,8.43,,,,,,,,,,,,
,,,,203.5,12895,6.48,8.74,,,,,,,,,,,,
,,,,204.5,12899,5.61,8.57,,,,,,,,,,,,
,,,,205.5,12903,6.19,9.44,,,,,,,,,,,,
,,,,206.5,12907,6.15,9.61,,,,,,,,,,,,
,,,,207.5,12911,5.33,9.68,,,,,,,,,,,,
,,,,208.5,12915,4.94,9.71,,,,,,,,,,,,
,,,,209.5,12919,5.04,9.28,,,,,,,,,,,,
,,,,210.5,12923,5.84,8.85,,,,,,,,,,,,
,,,,211.5,12927,5.81,7.92,,,,,,,,,,,,
,,,,212.5,12931,4.08,6.34,,,,,,,,,,,,
,,,,213.5,12935,11.15,4.37,,,,,,,,,,,,
,,,,214.5,12939,14.16,3.39,,,,,,,,,,,,
,,,,215.5,12943,13.44,1.96,,,,,,,,,,,,