short_name,age (B2K),d18O (permil),comments
devon,89,-27.35,DEVON DELTA 1972+73 O18 50 YR AVERAGES .. TOP STARTS AD 1961.= 39 BP WRT AD 2000  50 YR  ON TIMDATA(VVTS)'
,139,-27.96,' HARMONICA ON FILE VERTIME.DEV [106 104 177]-->[106 128 177] TRANSITION AT 11750 WRT 2000 N=411=20550 YEARS'
,189,-28.23,411        1.0000    50.0  FIRST AVERAGE INCLUDES YRS [1960 1959 .... 1912 1911]
,239,-27.96,AGE BP [WRT 2000]  O18 o/oo
,289,-28.28,From 0 to  5300 BP the series
,339,-28.24,is on the vertical velocity time scale as published in Paterson et al. 1977 and after the
,389,-28.1,publised series has just been strecked from its old position at 10500 BP to 11750 bp.
,439,-28.03,
,489,-28.04,
,539,-27.93,
,589,-27.81,
,639,-27.24,
,689,-28.08,
,739,-28.19,
,789,-27.31,
,839,-28.03,
,889,-28.21,
,939,-27.76,
,989,-27.96,
,1039,-28.2,
,1089,-27.2,
,1139,-27.79,
,1189,-27.46,
,1239,-27.61,
,1289,-27.26,
,1339,-27.03,
,1389,-28.17,
,1439,-27.35,
,1489,-27.15,
,1539,-27.64,
,1589,-27.04,
,1639,-27.7,
,1689,-27.32,
,1739,-27.52,
,1789,-27.22,
,1839,-27.33,
,1889,-27.33,
,1939,-26.94,
,1989,-27.29,
,2039,-27.37,
,2089,-27.02,
,2139,-26.62,
,2189,-27.04,
,2239,-27.05,
,2289,-26.9,
,2339,-27.14,
,2389,-26.47,
,2439,-26.99,
,2489,-27.15,
,2539,-27.1,
,2589,-27.14,
,2639,-27.15,
,2689,-26.98,
,2739,-27.09,
,2789,-26.58,
,2839,-26.96,
,2889,-26.93,
,2939,-27.1,
,2989,-26.75,
,3039,-27.24,
,3089,-27.17,
,3139,-26.94,
,3189,-26.89,
,3239,-26.75,
,3289,-26.64,
,3339,-26.63,
,3389,-26.44,
,3439,-26.43,
,3489,-26.65,
,3539,-26.53,
,3589,-25.93,
,3639,-26.46,
,3689,-26.52,
,3739,-26.64,
,3789,-26.27,
,3839,-26.15,
,3889,-26.07,
,3939,-25.9,
,3989,-26.07,
,4039,-26.04,
,4089,-25.99,
,4139,-26.03,
,4189,-25.99,
,4239,-25.57,
,4289,-25.58,
,4339,-25.8,
,4389,-26.0,
,4439,-25.72,
,4489,-25.65,
,4539,-25.66,
,4589,-25.62,
,4639,-25.54,
,4689,-25.65,
,4739,-25.38,
,4789,-25.37,
,4839,-25.19,
,4889,-25.63,
,4939,-25.46,
,4989,-25.35,
,5039,-25.17,
,5089,-25.13,
,5139,-25.36,
,5189,-25.49,
,5239,-25.42,
,5289,-25.58,
,5339,-25.97,
,5389,-25.92,
,5439,-26.0508,
,5489,-26.0038,
,5539,-25.89,
,5589,-25.8046,
,5639,-25.86,
,5689,-25.7669,
,5739,-25.6269,
,5789,-25.5577,
,5839,-25.6454,
,5889,-26.06,
,5939,-26.1154,
,5989,-25.9746,
,6039,-25.9562,
,6089,-26.0585,
,6139,-26.22,
,6189,-26.43,
,6239,-26.3838,
,6289,-26.4077,
,6339,-26.3385,
,6389,-26.1215,
,6439,-26.26,
,6489,-26.5392,
,6539,-26.3069,
,6589,-26.2108,
,6639,-26.3708,
,6689,-26.54,
,6739,-26.1431,
,6789,-25.9577,
,6839,-26.0654,
,6889,-26.2331,
,6939,-26.11,
,6989,-26.01,
,7039,-25.8177,
,7089,-25.7492,
,7139,-25.7831,
,7189,-25.8915,
,7239,-26.03,
,7289,-25.6493,
,7339,-25.82,
,7389,-26.12,
,7439,-26.3877,
,7489,-26.54,
,7539,-26.2262,
,7589,-25.9646,
,7639,-25.9108,
,7689,-25.9838,
,7739,-26.03,
,7789,-26.08,
,7839,-26.1492,
,7889,-26.1485,
,7939,-26.1177,
,7989,-26.0769,
,8039,-25.92,
,8089,-25.81,
,8139,-25.7162,
,8189,-25.9507,
,8239,-26.3616,
,8289,-26.15,
,8339,-25.9285,
,8389,-26.1592,
,8439,-26.1362,
,8489,-25.9131,
,8539,-25.69,
,8589,-25.99,
,8639,-26.0977,
,8689,-26.2054,
,8739,-26.3838,
,8789,-26.6423,
,8839,-26.67,
,8889,-26.4839,
,8939,-26.1424,
,8989,-25.9846,
,9039,-26.0492,
,9089,-26.1,
,9139,-25.5647,
,9189,-25.6654,
,9239,-25.6839,
,9289,-25.7038,
,9339,-25.95,
,9389,-26.03,
,9439,-26.4145,
,9489,-26.3685,
,9539,-26.1008,
,9589,-25.8392,
,9639,-26.19,
,9689,-26.1392,
,9739,-26.0623,
,9789,-26.07,
,9839,-26.1731,
,9889,-26.3,
,9939,-26.2077,
,9989,-26.0893,
,10039,-26.2153,
,10089,-26.4154,
,10139,-26.4,
,10189,-26.51,
,10239,-26.1255,
,10289,-26.1769,
,10339,-26.4061,
,10389,-26.6061,
,10439,-26.68,
,10489,-26.9253,
,10539,-27.0377,
,10589,-26.8878,
,10639,-26.5831,
,10689,-26.6,
,10739,-26.9784,
,10789,-27.2868,
,10839,-27.4285,
,10889,-27.4731,
,10939,-27.55,
,10989,-27.69,
,11039,-28.1437,
,11089,-28.3446,
,11139,-28.4307,
,11189,-28.5491,
,11239,-29.14,
,11289,-29.6222,
,11339,-28.9718,
,11389,-28.46,
,11439,-28.4061,
,11489,-28.55,
,11539,-29.1037,
,11589,-29.1915,
,11639,-29.2377,
,11689,-29.2792,
,11739,-29.31,
,11789,-29.8599,
,11839,-32.7393,
,11889,-34.0797,
,11939,-35.0698,
,11989,-35.6599,
,12039,-35.66,
,12089,-35.66,
,12139,-35.4101,
,12189,-34.0803,
,12239,-33.8201,
,12289,-33.76,
,12339,-33.76,
,12389,-33.76,
,12439,-32.9602,
,12489,-31.4703,
,12539,-31.47,
,12589,-31.47,
,12639,-31.47,
,12689,-31.44,
,12739,-31.41,
,12789,-31.41,
,12839,-31.41,
,12889,-31.41,
,12939,-34.6692,
,12989,-34.78,
,13039,-34.78,
,13089,-34.78,
,13139,-34.73,
,13189,-33.8902,
,13239,-33.89,
,13289,-33.89,
,13339,-33.89,
,13389,-33.5901,
,13439,-33.3801,
,13489,-33.38,
,13539,-33.38,
,13589,-33.38,
,13639,-33.7199,
,13689,-33.89,
,13739,-33.89,
,13789,-33.89,
,13839,-34.1499,
,13889,-35.1598,
,13939,-35.16,
,13989,-35.16,
,14039,-35.16,
,14089,-35.05,
,14139,-34.7801,
,14189,-34.78,
,14239,-34.78,
,14289,-34.78,
,14339,-34.4601,
,14389,-34.39,
,14439,-34.39,
,14489,-34.39,
,14539,-34.39,
,14589,-33.5902,
,14639,-33.51,
,14689,-33.51,
,14739,-33.51,
,14789,-32.4502,
,14839,-31.0903,
,14889,-31.09,
,14939,-31.09,
,14989,-31.09,
,15039,-29.8903,
,15089,-29.85,
,15139,-29.85,
,15189,-29.85,
,15239,-29.82,
,15289,-29.3801,
,15339,-29.38,
,15389,-29.38,
,15439,-29.38,
,15489,-30.4997,
,15539,-31.2798,
,15589,-31.28,
,15639,-31.28,
,15689,-31.28,
,15739,-33.3795,
,15789,-34.3898,
,15839,-34.39,
,15889,-34.39,
,15939,-34.5,
,15989,-34.8999,
,16039,-34.9,
,16089,-34.9,
,16139,-34.9,
,16189,-34.83,
,16239,-34.65,
,16289,-34.65,
,16339,-34.65,
,16389,-34.65,
,16439,-34.3401,
,16489,-34.27,
,16539,-34.27,
,16589,-34.27,
,16639,-34.27,
,16689,-34.27,
,16739,-34.27,
,16789,-34.27,
,16839,-34.27,
,16889,-33.2802,
,16939,-32.0403,
,16989,-32.04,
,17039,-32.04,
,17089,-32.04,
,17139,-30.2504,
,17189,-30.2,
,17239,-30.2,
,17289,-30.2,
,17339,-30.4,
,17389,-33.5093,
,17439,-33.51,
,17489,-33.51,
,17539,-33.51,
,17589,-34.6397,
,17639,-35.4098,
,17689,-35.41,
,17739,-35.41,
,17789,-35.41,
,17839,-34.5502,
,17889,-34.1401,
,17939,-34.14,
,17989,-34.14,
,18039,-33.5201,
,18089,-31.2205,
,18139,-31.22,
,18189,-31.22,
,18239,-31.22,
,18289,-30.6601,
,18339,-29.3103,
,18389,-29.31,
,18439,-29.31,
,18489,-29.31,
,18539,-29.1,
,18589,-29.06,
,18639,-29.06,
,18689,-29.06,
,18739,-29.06,
,18789,-28.8301,
,18839,-28.81,
,18889,-28.81,
,18939,-28.81,
,18989,-28.69,
,19039,-28.55,
,19089,-28.55,
,19139,-28.55,
,19189,-28.55,
,19239,-29.3398,
,19289,-30.0298,
,19339,-30.03,
,19389,-30.03,
,19439,-29.98,
,19489,-29.3102,
,19539,-29.31,
,19589,-29.31,
,19639,-29.31,
,19689,-29.24,
,19739,-29.19,
,19789,-29.19,
,19839,-29.19,
,19889,-29.19,
,19939,-29.7099,
,19989,-29.9499,
,20039,-29.95,
,20089,-29.95,
,20139,-29.92,
,20189,-29.82,
,20239,-29.82,
,20289,-29.82,
,20339,-29.82,
,20389,-29.78,
,20439,-29.7,
,20489,-29.7,
,20539,-29.7,
,20589,-29.7,
