short_name,depth (m),age (cal yr BP),d18O (permil)
Dye3,20.21,-20,-27.36
,37.24,0,-27.06
,52.37,20,-27.36
,65.56,40,-27.87
,77.51,60,-27.58
,88.25,80,-28.3
,99.13,100,-27.83
,110.0,120,-28.0
,119.94,140,-27.73
,130.25,160,-27.77
,139.79,180,-28.11
,149.67,200,-27.77
,158.9,220,-27.83
,167.86,240,-27.87
,176.83,260,-27.96
,185.55,280,-27.61
,194.82,300,-27.89
,203.61,320,-28.18
,213.55,340,-27.99
,222.35,360,-27.75
,232.33,380,-28.04
,242.55,400,-28.03
,251.99,420,-28.56
,262.47,440,-28.04
,271.33,460,-27.65
,280.7,480,-28.26
,289.67,500,-28.25
,299.71,520,-28.1
,310.19,540,-27.87
,319.48,560,-27.43
,327.88,580,-28.25
,336.66,600,-27.5
,345.45,620,-27.68
,353.58,640,-27.99
,361.72,660,-28.09
,369.48,680,-27.88
,377.85,700,-27.68
,385.31,720,-27.38
,393.79,740,-27.63
,399.9,760,-28.51
,408.29,780,-27.95
,416.41,800,-27.98
,423.92,820,-27.67
,431.28,840,-28.06
,439.06,860,-27.82
,446.28,880,-27.9
,454.17,900,-27.83
,461.76,920,-27.58
,468.81,940,-27.57
,476.51,960,-27.66
,484.21,980,-27.81
,491.38,1000,-27.67
,498.94,1020,-27.63
,505.88,1040,-27.5
,512.97,1060,-27.97
,520.3,1080,-27.6
,527.16,1100,-28.23
,534.79,1120,-27.93
,541.43,1140,-27.37
,547.98,1160,-27.8
,555.66,1180,-28.12
,562.6,1200,-27.48
,569.59,1220,-27.89
,576.22,1240,-27.98
,582.99,1260,-28.22
,590.12,1280,-27.99
,596.9,1300,-28.09
,604.21,1320,-28.25
,611.04,1340,-28.32
,617.82,1360,-27.7
,625.14,1380,-28.17
,631.96,1400,-27.36
,638.36,1420,-28.37
,644.89,1440,-27.85
,651.98,1460,-28.12
,658.69,1480,-28.11
,665.1,1500,-27.55
,671.39,1520,-27.84
,678.47,1540,-27.46
,685.21,1560,-27.84
,691.34,1580,-27.88
,697.84,1600,-28.31
,704.98,1620,-27.4
,711.68,1640,-27.86
,717.73,1660,-27.65
,724.38,1680,-27.69
,730.91,1700,-27.22
,737.23,1720,-27.81
,743.25,1740,-28.12
,749.65,1760,-27.74
,755.59,1780,-27.88
,761.73,1800,-27.77
,768.01,1820,-27.31
,774.14,1840,-27.83
,779.97,1860,-27.74
,785.83,1880,-27.42
,792.11,1900,-27.45
,798.74,1920,-27.81
,804.49,1940,-27.34
,810.68,1960,-27.6
,816.71,1980,-27.87
,822.85,2000,-27.94
,828.42,2020,-27.75
,834.19,2040,-27.64
,840.15,2060,-27.78
,845.92,2080,-27.86
,851.62,2100,-27.67
,857.14,2120,-27.84
,862.12,2140,-28.25
,867.74,2160,-27.71
,873.27,2180,-27.59
,879.09,2200,-27.8
,884.84,2220,-27.83
,890.55,2240,-27.8
,896.09,2260,-27.84
,901.47,2280,-27.53
,906.77,2300,-27.49
,912.56,2320,-27.92
,918.08,2340,-27.59
,923.5,2360,-27.51
,928.64,2380,-27.88
,934.24,2400,-27.97
,940.08,2420,-28.13
,945.23,2440,-28.18
,950.44,2460,-28.25
,956.31,2480,-27.26
,961.66,2500,-27.48
,967.27,2520,-27.89
,972.21,2540,-27.78
,977.3,2560,-27.54
,982.35,2580,-27.33
,987.6,2600,-27.86
,992.76,2620,-27.8
,998.2,2640,-27.74
,1003.65,2660,-27.94
,1008.89,2680,-27.8
,1013.93,2700,-27.95
,1019.13,2720,-27.54
,1024.17,2740,-28.07
,1029.27,2760,-27.91
,1034.68,2780,-27.38
,1039.94,2800,-27.42
,1044.97,2820,-27.98
,1049.92,2840,-28.03
,1055.17,2860,-27.87
,1059.98,2880,-27.66
,1064.87,2900,-27.97
,1070.01,2920,-28.0
,1075.41,2940,-27.44
,1080.21,2960,-27.72
,1085.3,2980,-27.76
,1090.1,3000,-27.69
,1094.76,3020,-27.82
,1099.27,3040,-28.08
,1103.74,3060,-27.77
,1108.89,3080,-27.4
,1113.73,3100,-27.88
,1118.54,3120,-27.53
,1123.85,3140,-27.62
,1128.88,3160,-27.45
,1133.68,3180,-27.98
,1138.77,3200,-27.52
,1143.83,3220,-27.9
,1148.72,3240,-27.57
,1153.56,3260,-27.92
,1158.59,3280,-27.3
,1163.51,3300,-27.26
,1168.43,3320,-27.89
,1173.3,3340,-27.32
,1178.42,3360,-27.31
,1183.27,3380,-27.8
,1187.74,3400,-27.37
,1192.29,3420,-27.74
,1196.69,3440,-28.06
,1201.15,3460,-26.95
,1205.86,3480,-27.82
,1210.02,3500,-27.53
,1214.43,3520,-27.59
,1218.86,3540,-27.39
,1223.21,3560,-27.83
,1227.53,3580,-27.51
,1231.67,3600,-27.64
,1236.05,3620,-28.4
,1240.33,3640,-27.57
,1244.97,3660,-27.06
,1249.23,3680,-27.48
,1253.68,3700,-27.31
,1257.97,3720,-27.77
,1262.15,3740,-27.64
,1265.95,3760,-27.7
,1269.92,3780,-27.54
,1273.87,3800,-27.74
,1278.13,3820,-27.84
,1282.33,3840,-27.58
,1286.15,3860,-27.46
,1290.08,3880,-27.88
,1293.8,3900,-27.86
,1297.63,3920,-27.4
,1301.47,3940,-27.93
,1305.16,3960,-27.61
,1309.05,3980,-27.6
,1312.92,4000,-27.84
,1316.64,4020,-27.54
,1320.37,4040,-27.76
,1324.01,4060,-27.72
,1327.65,4080,-27.65
,1331.25,4100,-27.83
,1334.65,4120,-27.72
,1338.11,4140,-27.58
,1341.47,4160,-27.92
,1344.8,4180,-27.31
,1347.98,4200,-27.55
,1351.36,4220,-27.74
,1354.41,4240,-27.84
,1357.85,4260,-27.6
,1360.92,4280,-27.27
,1363.99,4300,-27.86
,1367.07,4320,-28.05
,1370.02,4340,-27.53
,1372.95,4360,-27.62
,1375.91,4380,-27.49
,1379.02,4400,-27.78
,1381.74,4420,-27.45
,1384.52,4440,-27.51
,1387.53,4460,-27.71
,1390.45,4480,-27.81
,1393.38,4500,-27.81
,1396.28,4520,-27.78
,1399.17,4540,-27.88
,1402.17,4560,-27.43
,1404.78,4580,-27.8
,1407.51,4600,-27.78
,1410.22,4620,-27.91
,1412.99,4640,-27.75
,1415.8,4660,-27.81
,1418.54,4680,-27.49
,1421.19,4700,-27.33
,1423.84,4720,-28.22
,1426.5,4740,-27.77
,1429.27,4760,-27.66
,1431.88,4780,-27.65
,1434.3,4800,-27.83
,1436.98,4820,-28.01
,1439.48,4840,-27.58
,1442.01,4860,-27.54
,1444.35,4880,-27.69
,1446.69,4900,-28.0
,1449.13,4920,-27.76
,1451.51,4940,-27.99
,1454.23,4960,-27.72
,1456.76,4980,-28.15
,1459.29,5000,-27.82
,1461.76,5020,-27.36
,1464.15,5040,-27.89
,1466.4,5060,-27.76
,1468.83,5080,-27.69
,1471.29,5100,-27.85
,1473.66,5120,-28.21
,1475.99,5140,-27.79
,1478.33,5160,-27.63
,1480.62,5180,-27.72
,1482.96,5200,-27.62
,1485.27,5220,-27.78
,1487.37,5240,-27.64
,1489.46,5260,-28.0
,1491.64,5280,-27.79
,1493.7,5300,-27.98
,1495.95,5320,-27.62
,1498.23,5340,-27.84
,1500.36,5360,-27.71
,1502.36,5380,-27.53
,1504.5,5400,-27.36
,1506.59,5420,-27.95
,1508.65,5440,-27.48
,1510.72,5460,-27.97
,1512.84,5480,-27.9
,1515.0,5500,-27.58
,1516.94,5520,-27.63
,1519.16,5540,-27.97
,1521.1,5560,-27.43
,1522.96,5580,-27.95
,1524.78,5600,-27.25
,1526.76,5620,-27.81
,1528.76,5640,-27.78
,1530.47,5660,-27.91
,1532.31,5680,-28.03
,1534.25,5700,-27.7
,1536.1,5720,-27.81
,1538.01,5740,-27.81
,1539.86,5760,-27.29
,1541.89,5780,-27.57
,1543.86,5800,-27.86
,1545.66,5820,-27.77
,1547.44,5840,-27.53
,1549.24,5860,-27.56
,1551.02,5880,-27.49
,1552.86,5900,-27.8
,1554.6,5920,-27.19
,1556.41,5940,-27.81
,1558.36,5960,-27.83
,1560.13,5980,-27.71
,1561.86,6000,-27.97
,1563.58,6020,-27.8
,1565.33,6040,-27.37
,1567.09,6060,-27.65
,1568.75,6080,-27.72
,1570.47,6100,-27.78
,1572.19,6120,-27.28
,1573.85,6140,-27.88
,1575.65,6160,-27.53
,1577.23,6180,-28.15
,1578.78,6200,-27.86
,1580.45,6220,-27.65
,1582.09,6240,-27.68
,1583.64,6260,-27.84
,1585.33,6280,-27.34
,1586.92,6300,-27.35
,1588.62,6320,-27.74
,1590.14,6340,-27.54
,1591.6,6360,-28.03
,1593.18,6380,-27.71
,1594.7,6400,-27.51
,1596.25,6420,-27.94
,1597.77,6440,-27.91
,1599.3,6460,-27.51
,1600.77,6480,-28.01
,1602.16,6500,-27.52
,1603.61,6520,-27.52
,1604.97,6540,-27.78
,1606.32,6560,-27.54
,1607.81,6580,-27.81
,1609.16,6600,-27.57
,1610.52,6620,-27.6
,1611.87,6640,-27.85
,1613.2,6660,-27.96
,1614.63,6680,-27.98
,1616.0,6700,-27.48
,1617.23,6720,-27.7
,1618.57,6740,-27.35
,1619.83,6760,-27.94
,1621.04,6780,-27.62
,1622.33,6800,-27.99
,1623.66,6820,-27.61
,1624.93,6840,-27.79
,1626.32,6860,-28.21
,1627.56,6880,-27.68
,1628.84,6900,-27.74
,1630.04,6920,-27.66
,1631.21,6940,-27.77
,1632.33,6960,-27.94
,1633.53,6980,-28.03
,1634.71,7000,-27.64
,1635.96,7020,-28.2
,1637.11,7040,-27.84
,1638.2,7060,-27.81
,1639.34,7080,-27.82
,1640.45,7100,-27.69
,1641.54,7120,-28.36
,1642.64,7140,-27.77
,1643.71,7160,-27.58
,1644.77,7180,-27.61
,1645.8,7200,-27.71
,1646.9,7220,-27.46
,1647.86,7240,-27.65
,1648.92,7260,-27.67
,1650.03,7280,-27.7
,1651.1,7300,-27.64
,1652.22,7320,-28.03
,1653.32,7340,-27.58
,1654.33,7360,-28.47
,1655.35,7380,-28.14
,1656.36,7400,-27.87
,1657.39,7420,-27.99
,1658.45,7440,-27.0
,1659.52,7460,-27.59
,1660.4,7480,-28.0
,1661.4,7500,-27.95
,1662.35,7520,-27.79
,1663.36,7540,-28.04
,1664.37,7560,-27.78
,1665.29,7580,-28.15
,1666.17,7600,-28.09
,1667.11,7620,-27.63
,1667.99,7640,-27.5
,1668.85,7660,-27.78
,1669.69,7680,-27.91
,1670.6,7700,-27.24
,1671.54,7720,-27.8
,1672.54,7740,-27.72
,1673.4,7760,-27.69
,1674.32,7780,-27.84
,1675.23,7800,-28.13
,1676.1,7820,-27.87
,1677.02,7840,-27.76
,1677.93,7860,-27.82
,1678.79,7880,-28.49
,1679.68,7900,-28.32
,1680.56,7920,-27.56
,1681.55,7940,-27.71
,1682.52,7960,-27.57
,1683.42,7980,-27.63
,1684.32,8000,-27.89
,1685.14,8020,-27.64
,1686.0,8040,-28.19
,1686.8,8060,-27.78
,1687.65,8080,-27.83
,1688.4,8100,-28.54
,1689.09,8120,-29.44
,1689.83,8140,-29.39
,1690.55,8160,-29.9
,1691.21,8180,-29.51
,1692.03,8200,-29.45
,1692.78,8220,-28.72
,1693.5,8240,-28.45
,1694.23,8260,-28.2
,1695.11,8280,-28.35
,1695.95,8300,-28.5
,1696.7,8320,-28.38
,1697.49,8340,-27.91
,1698.24,8360,-27.8
,1698.98,8380,-28.29
,1699.78,8400,-28.48
,1700.6,8420,-28.68
,1701.34,8440,-28.09
,1702.24,8460,-28.1
,1703.0,8480,-28.6
,1703.75,8500,-28.73
,1704.46,8520,-27.81
,1705.18,8540,-27.84
,1706.0,8560,-28.44
,1706.76,8580,-27.68
,1707.53,8600,-28.3
,1708.29,8620,-28.09
,1709.04,8640,-28.65
,1709.73,8660,-27.73
,1710.46,8680,-27.81
,1711.16,8700,-28.49
,1711.9,8720,-28.43
,1712.74,8740,-27.96
,1713.48,8760,-29.11
,1714.29,8780,-28.74
,1715.05,8800,-28.4
,1715.76,8820,-28.62
,1716.52,8840,-28.26
,1717.33,8860,-28.45
,1718.08,8880,-28.05
,1718.9,8900,-28.15
,1719.7,8920,-28.25
,1720.51,8940,-28.26
,1721.22,8960,-28.54
,1721.99,8980,-28.52
,1722.68,9000,-28.99
,1723.4,9020,-28.53
,1724.06,9040,-28.26
,1724.82,9060,-28.62
,1725.48,9080,-28.55
,1726.14,9100,-27.74
,1726.91,9120,-28.35
,1727.76,9140,-28.26
,1728.53,9160,-28.89
,1729.28,9180,-28.36
,1729.97,9200,-28.92
,1730.62,9220,-29.18
,1731.22,9240,-29.94
,1731.88,9260,-28.58
,1732.56,9280,-28.59
,1733.27,9300,-28.68
,1734.05,9320,-28.44
,1734.76,9340,-28.08
,1735.46,9360,-29.07
,1736.2,9380,-28.06
,1736.85,9400,-28.54
,1737.51,9420,-28.45
,1738.24,9440,-28.41
,1738.82,9460,-28.86
,1739.6,9480,-28.75
,1740.21,9500,-28.28
,1740.78,9520,-28.83
,1741.41,9540,-28.61
,1742.07,9560,-28.35
,1742.74,9580,-29.04
,1743.3,9600,-28.59
,1743.85,9620,-28.67
,1744.41,9640,-28.9
,1745.05,9660,-28.8
,1745.66,9680,-29.36
,1746.3,9700,-28.89
,1746.97,9720,-28.69
,1747.53,9740,-28.79
,1748.14,9760,-28.92
,1748.67,9780,-28.66
,1749.23,9800,-28.88
,1749.86,9820,-29.17
,1750.44,9840,-28.4
,1750.97,9860,-28.9
,1751.57,9880,-29.03
,1752.1,9900,-29.61
,1752.64,9920,-29.07
,1753.18,9940,-28.98
,1753.76,9960,-28.68
,1754.26,9980,-29.06
,1754.77,10000,-29.44
,1755.26,10020,-29.08
,1755.83,10040,-29.55
,1756.35,10060,-29.39
,1756.85,10080,-29.77
,1757.29,10100,-29.94
,1757.81,10120,-29.63
,1758.26,10140,-29.94
,1758.79,10160,-30.13
,1759.24,10180,-29.99
,1759.72,10200,-29.82
,1760.21,10220,-30.33
,1760.71,10240,-30.45
,1761.18,10260,-29.83
,1761.67,10280,-30.22
,1762.2,10300,-30.15
,1762.69,10320,-30.17
,1763.17,10340,-30.08
,1763.57,10360,-30.56
,1764.06,10380,-30.37
,1764.49,10400,-30.32
,1764.92,10420,-30.22
,1765.31,10440,-30.76
,1765.7,10460,-30.24
,1766.14,10480,-30.79
,1766.52,10500,-30.13
,1766.95,10520,-30.62
,1767.39,10540,-30.86
,1767.84,10560,-31.29
,1768.17,10580,-30.68
,1768.52,10600,-30.61
,1768.86,10620,-30.64
,1769.15,10640,-30.53
,1769.52,10660,-30.95
,1769.88,10680,-30.4
,1770.19,10700,-30.73
,1770.57,10720,-31.23
,1770.93,10740,-30.52
,1771.26,10760,-30.91
,1771.66,10780,-31.07
,1772.03,10800,-30.52
,1772.37,10820,-31.33
,1772.78,10840,-31.12
,1773.12,10860,-31.68
,1773.5,10880,-31.26
,1773.85,10900,-31.73
,1774.22,10920,-31.83
,1774.57,10940,-31.55
,1774.95,10960,-31.26
,1775.34,10980,-31.81
,1775.75,11000,-31.55
,1776.12,11020,-31.1
,1776.49,11040,-31.81
,1776.85,11060,-31.31
,1777.22,11080,-31.48
,1777.53,11100,-32.08
,1777.87,11120,-31.68
,1778.2,11140,-31.87
,1778.6,11160,-31.62
,1778.92,11180,-32.24
,1779.26,11200,-31.53
,1779.54,11220,-30.66
,1779.86,11240,-30.88
,1780.2,11260,-31.94
,1780.58,11280,-31.45
,1780.88,11300,-32.04
,1781.24,11320,-32.22
,1781.51,11340,-33.05
,1781.79,11360,-33.51
,1782.1,11380,-33.16
,1782.35,11400,-32.71
,1782.65,11420,-32.24
,1782.91,11440,-32.6
,1783.19,11460,-31.91
,1783.55,11480,-31.63
,1783.86,11500,-31.43
,1784.16,11520,-30.71
,1784.5,11540,-30.86
,1784.88,11560,-30.83
,1785.29,11580,-30.65
,1785.6,11600,-31.91
,1785.91,11620,-33.0
,1786.16,11640,-33.45
