short_name,sample,age (cal yr BP),d18O (permil),sample.1,age (cal yr BP).1,Temperature (deg C)
GISP2,d18O,-20,-34.7,Temperature,95.1409,-31.5913
,,0,-34.78,,107.13,-31.622
,,20,-34.84,,113.149,-31.6026
,,40,-35.16,,119.205,-31.6002
,,60,-35.18,,119.205,-31.598
,,80,-34.72,,125.451,-31.6656
,,100,-35.28,,132.407,-31.7235
,,120,-35.28,,138.807,-31.7583
,,140,-35.07,,145.126,-31.8098
,,160,-34.88,,152.263,-31.8415
,,180,-34.98,,152.263,-31.8813
,,200,-35.67,,159.38,-31.9559
,,220,-35.11,,165.464,-32.0241
,,240,-35.23,,171.847,-32.038
,,260,-35.41,,179.421,-31.9872
,,280,-34.86,,186.623,-31.9689
,,300,-34.86,,193.605,-31.9954
,,320,-35.45,,200.585,-32.022
,,340,-34.98,,200.585,-32.0291
,,360,-35.08,,208.106,-32.0198
,,380,-35.46,,215.304,-32.0128
,,400,-34.76,,223.068,-32.0254
,,420,-35.19,,231.056,-32.0263
,,440,-35.15,,238.562,-32.0213
,,460,-35.14,,245.663,-32.0117
,,480,-35.24,,253.461,-32.0337
,,500,-34.78,,261.287,-32.0807
,,520,-35.15,,268.471,-32.072
,,540,-34.53,,275.943,-32.0267
,,560,-35.2,,284.122,-32.0002
,,580,-34.91,,292.523,-31.988
,,600,-35.43,,292.523,-32.0024
,,620,-35.27,,299.88,-32.0013
,,640,-35.1,,307.306,-32.0133
,,660,-34.98,,314.683,-32.0339
,,680,-34.95,,322.114,-32.0898
,,700,-34.85,,330.199,-32.0848
,,720,-35.17,,338.479,-32.0848
,,740,-34.42,,346.279,-32.037
,,760,-35.17,,354.187,-32.005
,,780,-35.27,,361.642,-31.9876
,,800,-35.25,,369.36,-31.9811
,,820,-34.33,,377.252,-31.9811
,,840,-34.7,,385.137,-31.9926
,,860,-34.9,,393.705,-31.9715
,,880,-34.93,,402.092,-31.942
,,900,-35.12,,409.803,-31.9187
,,920,-35.24,,417.837,-31.9126
,,940,-34.68,,426.195,-31.9385
,,960,-34.27,,435.395,-31.9591
,,980,-34.74,,444.124,-31.9648
,,1000,-34.54,,444.124,-32.0093
,,1020,-34.49,,452.151,-32.0243
,,1040,-35.09,,460.146,-31.9889
,,1060,-35.06,,468.21,-31.942
,,1080,-35.21,,477.154,-31.885
,,1100,-35.72,,485.86,-31.8772
,,1120,-34.76,,493.906,-31.8572
,,1140,-35.5,,502.128,-31.884
,,1160,-34.8,,510.547,-31.8584
,,1180,-35.23,,519.61,-31.8444
,,1200,-34.76,,529.979,-31.8076
,,1220,-35.34,,538.161,-31.8108
,,1240,-35.03,,546.961,-31.9024
,,1260,-35.37,,555.786,-31.9472
,,1280,-35.13,,563.878,-32.0128
,,1300,-34.96,,571.734,-32.0312
,,1320,-34.98,,579.811,-32.016
,,1340,-34.52,,588.184,-31.99
,,1360,999999.0,,596.972,-31.9488
,,1380,999999.0,,604.848,-31.9144
,,1400,-34.65,,613.338,-31.8792
,,1420,-34.91,,621.464,-31.8316
,,1440,-34.81,,629.783,-31.7896
,,1460,-34.79,,638.325,-31.7176
,,1480,-34.96,,646.9,-31.7244
,,1500,-34.87,,655.271,-31.7816
,,1520,-34.24,,663.814,-31.7732
,,1540,-34.14,,672.368,-31.7012
,,1560,-34.8,,681.144,-31.6588
,,1580,-35.01,,689.778,-31.7204
,,1600,-34.81,,698.622,-31.7436
,,1620,-34.95,,707.583,-31.8088
,,1640,-34.63,,716.254,-31.8296
,,1660,-34.53,,724.727,-31.8896
,,1680,-34.29,,733.744,-31.9744
,,1700,-34.91,,742.976,-31.9956
,,1720,-35.13,,751.827,-31.9024
,,1740,-35.04,,760.574,-31.7144
,,1760,-35.02,,769.708,-31.5472
,,1780,-35.31,,779.45,-31.4508
,,1800,-34.9,,789.362,-31.3852
,,1820,-34.84,,798.428,-31.3748
,,1840,-34.52,,807.722,-31.3456
,,1860,-34.98,,816.94,-31.3132
,,1880,-34.4,,826.615,-31.3156
,,1900,-34.78,,835.738,-31.3444
,,1920,-34.95,,844.395,-31.36
,,1940,-34.66,,852.799,-31.3656
,,1960,-34.73,,860.838,-31.3844
,,1980,-33.98,,869.22,-31.378
,,2000,-34.83,,878.411,-31.3224
,,2020,-34.51,,886.462,-31.2496
,,2040,-34.59,,895.097,-31.2776
,,2060,-34.1,,903.091,-31.2616
,,2080,-34.58,,912.228,-31.2084
,,2100,-34.18,,922.222,-31.0276
,,2120,-34.73,,931.148,-30.9288
,,2140,-35.06,,939.188,-30.8272
,,2160,-34.97,,947.684,-30.6236
,,2180,-34.69,,955.867,-30.4956
,,2200,-34.81,,964.939,-30.4628
,,2220,-34.32,,973.903,-30.5276
,,2240,-34.68,,981.625,-30.6348
,,2260,-35.03,,990.328,-30.6732
,,2280,-35.23,,998.549,-30.6752
,,2300,-34.56,,1008.06,-30.7012
,,2320,-34.82,,1016.75,-30.7436
,,2340,-34.77,,1024.98,-30.886
,,2360,-34.47,,1033.73,-30.986
,,2380,-34.15,,1042.65,-31.0792
,,2400,-34.47,,1051.26,-31.0816
,,2420,-35.02,,1059.27,-31.0876
,,2440,-34.98,,1068.18,-31.0812
,,2460,-35.33,,1077.16,-31.1404
,,2480,-34.42,,1086.41,-31.1968
,,2500,-35.1,,1095.54,-31.2252
,,2520,-34.41,,1104.13,-31.26
,,2540,-34.7,,1113.06,-31.3228
,,2560,-34.46,,1121.25,-31.45
,,2580,-34.87,,1130.51,-31.5652
,,2600,-34.63,,1139.04,-31.5872
,,2620,-35.21,,1147.35,-31.6168
,,2640,-34.95,,1155.86,-31.666
,,2660,-34.89,,1164.76,-31.8344
,,2680,-35.09,,1173.28,-31.9684
,,2700,-34.65,,1180.46,-32.0592
,,2720,-34.13,,1188.87,-32.1312
,,2740,-34.72,,1197.94,-32.1568
,,2760,-35.16,,1206.26,-32.1876
,,2780,-34.94,,1214.72,-32.1728
,,2800,-34.97,,1224.0,-32.1616
,,2820,-34.61,,1232.59,-32.142
,,2840,-34.66,,1241.54,-32.0588
,,2860,-34.3,,1249.54,-32.0
,,2880,-34.98,,1258.01,-31.9184
,,2900,-34.78,,1266.91,-31.914
,,2920,-34.53,,1276.08,-31.8824
,,2940,-34.68,,1285.9,-31.8288
,,2960,-34.67,,1285.9,-31.7664
,,2980,-35.21,,1295.24,-31.7312
,,3000,-35.07,,1295.24,-31.7696
,,3020,-34.89,,1304.04,-31.79
,,3040,-35.01,,1304.04,-31.7968
,,3060,-34.66,,1312.23,-31.7416
,,3080,-34.36,,1312.23,-31.7568
,,3100,-34.68,,1320.75,-31.8148
,,3120,-35.27,,1329.46,-31.8756
,,3140,-34.4,,1337.92,-31.8216
,,3160,-34.12,,1346.97,-31.678
,,3180,-34.64,,1356.1,-31.6064
,,3200,-34.76,,1356.1,-31.54
,,3220,-34.49,,1365.15,-31.4136
,,3240,-34.36,,1375.5,-31.3372
,,3260,-34.65,,1455.17,-31.2064
,,3280,-34.47,,1465.24,-31.1224
,,3300,-34.07,,1474.77,-31.0504
,,3320,-34.34,,1484.54,-30.972
,,3340,-34.63,,1495.5,-30.8616
,,3360,-34.86,,1505.24,-30.6132
,,3380,-35.21,,1514.86,-30.406
,,3400,-35.0,,1561.5,-30.8536
,,3420,-35.24,,1570.94,-30.8684
,,3440,999999.0,,1581.2,-30.8528
,,3460,-34.48,,1586.1,-30.8248
,,3480,-34.87,,1586.1,-30.8028
,,3500,-34.09,,1610.08,-30.6912
,,3520,-34.54,,1615.43,-30.6036
,,3540,-34.69,,1620.76,-30.4744
,,3560,-35.15,,1639.27,-30.5144
,,3580,-34.53,,1649.24,-30.548
,,3600,-34.29,,1659.27,-30.6032
,,3620,-34.58,,1668.52,-30.6744
,,3640,-34.95,,1678.68,-30.784
,,3660,-34.01,,1688.81,-30.9292
,,3680,-35.0,,1688.81,-31.054
,,3700,-34.8,,1699.48,-31.0616
,,3720,-34.72,,1709.41,-31.0372
,,3740,-35.19,,1718.93,-31.1236
,,3760,-34.41,,1728.94,-31.038
,,3780,-34.59,,1739.28,-31.0952
,,3800,-34.7,,1749.62,-31.06
,,3820,-35.25,,1759.46,-31.062
,,3840,-34.86,,1769.2,-31.0356
,,3860,-35.12,,1780.29,-30.9572
,,3880,-35.01,,1789.71,-30.9284
,,3900,-34.85,,1800.35,-30.9844
,,3920,-34.84,,1811.42,-31.0492
,,3940,-35.24,,1823.15,-31.0444
,,3960,-34.83,,1833.3,-31.0452
,,3980,-34.78,,1842.87,-31.1384
,,4000,-34.58,,1862.51,-31.2244
,,4020,-34.29,,1871.47,-31.2044
,,4040,-35.24,,1881.88,-31.1904
,,4060,-34.69,,1892.14,-31.1048
,,4080,-34.58,,1901.98,-31.0352
,,4100,-34.88,,1912.45,-30.9324
,,4120,-34.07,,1922.03,-30.8292
,,4140,-34.4,,1931.07,-30.5908
,,4160,-34.95,,1940.26,-30.4624
,,4180,-34.55,,1946.08,-30.312
,,4200,-34.71,,1958.56,-30.308
,,4220,-34.7,,1968.49,-30.2532
,,4240,-34.82,,1977.99,-30.2448
,,4260,-34.6,,1987.76,-30.23
,,4280,-34.43,,1997.41,-30.21
,,4300,-34.76,,2006.87,-30.1052
,,4320,-34.9,,2016.53,-29.9572
,,4340,-35.25,,2019.23,-29.8624
,,4360,-35.39,,2033.56,-29.8748
,,4380,-34.62,,2046.14,-29.8372
,,4400,-35.15,,2046.14,-29.7996
,,4420,-34.99,,2057.1,-29.6404
,,4440,-34.71,,2068.24,-29.5708
,,4460,-35.02,,2078.94,-29.6412
,,4480,-35.49,,2088.46,-29.6832
,,4500,-34.72,,2099.3,-29.7492
,,4520,-34.47,,2108.36,-29.7792
,,4540,-35.18,,2116.16,-29.8368
,,4560,-34.92,,2127.76,-29.8812
,,4580,-34.49,,2139.09,-30.016
,,4600,-35.17,,2149.19,-30.1064
,,4620,-35.13,,2159.4,-30.116
,,4640,-35.24,,2170.28,-30.024
,,4660,-36.01,,2181.81,-29.984
,,4680,-34.73,,2192.24,-29.99
,,4700,-34.6,,2202.31,-30.0324
,,4720,-34.48,,2212.42,-30.2
,,4740,-35.48,,2222.78,-30.3908
,,4760,-35.07,,2233.14,-30.5716
,,4780,-35.74,,2242.9,-30.584
,,4800,-34.68,,2252.95,-30.5556
,,4820,-34.68,,2263.02,-30.6676
,,4840,-35.24,,2272.97,-30.7688
,,4860,-34.53,,2292.93,-30.682
,,4880,-34.21,,2292.93,-30.608
,,4900,-34.36,,2303.03,-30.4748
,,4920,-34.84,,2313.78,-30.3012
,,4940,-34.22,,2323.76,-30.1432
,,4960,-34.89,,2333.94,-30.0964
,,4980,-34.67,,2354.5,-30.1232
,,5000,-34.73,,2354.5,-30.0996
,,5020,-34.85,,2364.83,-30.1556
,,5040,-34.37,,2372.52,-30.1732
,,5060,-34.52,,2372.52,-30.2732
,,5080,-35.28,,2394.24,-30.4764
,,5100,-34.8,,2405.58,-30.5296
,,5120,-34.34,,2413.46,-30.468
,,5140,-34.77,,2426.53,-30.3708
,,5160,-34.68,,2434.01,-30.3168
,,5180,-33.93,,2441.8,-30.296
,,5200,-34.25,,2457.24,-30.3252
,,5220,-34.72,,2467.62,-30.3972
,,5240,-34.8,,2478.1,-30.3908
,,5260,-34.57,,2478.1,-30.3904
,,5280,-34.66,,2499.88,-30.3548
,,5300,-35.38,,2510.66,-30.3288
,,5320,-34.93,,2521.09,-30.356
,,5340,-34.95,,2530.11,-30.534
,,5360,-34.78,,2541.44,-30.708
,,5380,-35.64,,2553.75,-30.7632
,,5400,-35.26,,2564.17,-30.8272
,,5420,-35.11,,2574.83,-30.894
,,5440,-34.5,,2586.38,-30.8808
,,5460,-34.95,,2597.45,-30.8524
,,5480,-34.68,,2608.55,-30.8228
,,5500,-34.4,,2619.46,-30.7372
,,5520,-34.63,,2630.55,-30.7356
,,5540,-34.52,,2641.07,-30.7968
,,5560,-34.55,,2651.62,-30.7888
,,5580,-34.6,,2661.91,-30.716
,,5600,-34.49,,2672.43,-30.5204
,,5620,-34.7,,2682.8,-30.4736
,,5640,-34.66,,2693.78,-30.5832
,,5660,-34.72,,2704.38,-30.6768
,,5680,-34.33,,2715.62,-30.8152
,,5700,-34.85,,2726.15,-30.9
,,5720,-34.42,,2737.76,-30.9512
,,5740,-35.23,,2747.92,-30.9668
,,5760,-34.57,,2758.7,-30.9428
,,5780,-34.86,,2771.79,-30.9504
,,5800,-34.56,,2783.87,-30.8692
,,5820,-34.74,,2794.7,-30.7616
,,5840,-35.39,,2805.21,-30.6812
,,5860,-34.24,,2816.16,-30.6324
,,5880,-34.72,,2826.89,-30.5648
,,5900,-34.27,,2837.09,-30.55
,,5920,-35.17,,2847.42,-30.5444
,,5940,-34.37,,2856.28,-30.4556
,,5960,-34.52,,2867.95,-30.4336
,,5980,-34.84,,2879.13,-30.4768
,,6000,-34.56,,2889.76,-30.5576
,,6020,-34.47,,2900.92,-30.598
,,6040,-35.1,,2911.65,-30.5196
,,6060,-34.65,,2922.35,-30.5196
,,6080,-34.76,,2933.49,-30.5792
,,6100,-35.47,,2944.18,-30.6144
,,6120,-35.19,,2955.23,-30.6136
,,6140,-34.54,,2965.84,-30.584
,,6160,-34.5,,2976.28,-30.5716
,,6180,-34.41,,2986.84,-30.55
,,6200,-34.61,,2998.08,-30.6104
,,6220,-34.97,,3009.57,-30.6812
,,6240,-35.08,,3020.42,-30.6904
,,6260,-34.88,,3031.62,-30.682
,,6280,-35.12,,3042.36,-30.7092
,,6300,-35.35,,3042.36,-30.6628
,,6320,-34.42,,3053.23,-30.614
,,6340,-34.82,,3064.01,-30.7688
,,6360,-34.62,,3074.77,-30.8804
,,6380,-34.85,,3085.33,-30.7972
,,6400,-34.4,,3096.39,-30.5932
,,6420,-34.17,,3108.03,-30.3016
,,6440,-35.15,,3120.79,-30.1508
,,6460,-34.86,,3133.29,-30.0836
,,6480,-34.91,,3145.54,-29.982
,,6500,-34.36,,3158.23,-29.8252
,,6520,-35.21,,3169.81,-29.6896
,,6540,-34.69,,3181.11,-29.6084
,,6560,-35.37,,3193.2,-29.5512
,,6580,-35.07,,3204.03,-29.52
,,6600,-34.39,,3214.58,-29.4428
,,6620,-35.04,,3227.61,-29.27
,,6640,-34.85,,3237.71,-29.1308
,,6660,-34.3,,3248.64,-29.046
,,6680,-34.95,,3260.18,-28.9916
,,6700,-34.82,,3274.39,-28.912
,,6720,-34.94,,3286.1,-28.802
,,6740,-35.14,,3297.07,-28.748
,,6760,-34.28,,3308.47,-28.8592
,,6780,-34.03,,3320.32,-29.152
,,6800,-34.19,,3331.11,-29.5372
,,6820,-34.05,,3343.2,-29.7272
,,6840,-34.34,,3354.72,-29.6492
,,6860,-33.87,,3367.37,-29.7116
,,6880,-34.9,,3378.68,-29.9108
,,6900,-33.85,,3378.68,-30.0028
,,6920,-34.22,,3390.53,-30.042
,,6940,-34.91,,3402.28,-30.068
,,6960,-34.67,,3410.73,-30.0736
,,6980,-34.4,,3425.56,-30.104
,,7000,-34.78,,3437.44,-30.09
,,7020,-34.57,,3449.34,-30.1524
,,7040,-35.24,,3462.06,-30.2792
,,7060,-35.14,,3491.26,-30.3076
,,7080,-34.76,,3510.28,-30.4036
,,7100,-34.99,,3522.52,-30.5624
,,7120,-34.7,,3533.88,-30.5792
,,7140,-34.96,,3544.95,-30.4848
,,7160,-35.04,,3557.81,-30.3464
,,7180,-34.47,,3569.09,-30.2572
,,7200,-34.97,,3581.58,-30.1548
,,7220,-35.13,,3605.74,-29.9812
,,7240,-35.05,,3617.51,-29.7988
,,7260,-34.91,,3626.31,-29.8404
,,7280,-34.94,,3636.24,-29.896
,,7300,-34.57,,3651.83,-29.9384
,,7320,-34.69,,3665.17,-30.1136
,,7340,-34.33,,3676.9,-30.2796
,,7360,-34.47,,3688.97,-30.396
,,7380,-34.82,,3701.28,-30.476
,,7400,-34.37,,3713.43,-30.3912
,,7420,-34.58,,3725.29,-30.2644
,,7440,-34.41,,3736.11,-30.2116
,,7460,-34.54,,3747.26,-30.2676
,,7480,-34.84,,3759.66,-30.3796
,,7500,-34.97,,3772.06,-30.5124
,,7520,-35.38,,3784.02,-30.5568
,,7540,-34.72,,3796.01,-30.768
,,7560,-34.55,,3808.16,-30.7912
,,7580,-34.4,,3817.44,-30.85
,,7600,-34.7,,3832.18,-31.008
,,7620,-34.11,,3843.79,-31.0768
,,7640,-34.91,,3855.57,-31.046
,,7660,-34.6,,3867.21,-31.0388
,,7680,-34.16,,3880.09,-31.09
,,7700,-33.94,,3888.3,-31.156
,,7720,-34.57,,3904.87,-31.1772
,,7740,-34.2,,3916.43,-31.1752
,,7760,-34.55,,3929.05,-31.2212
,,7780,-34.16,,3941.72,-31.2308
,,7800,-34.78,,3953.67,-31.1632
,,7820,-33.42,,3966.47,-31.088
,,7840,-34.5,,3978.73,-31.0604
,,7860,-34.23,,3989.62,-31.0708
,,7880,-34.39,,3989.62,-31.0932
,,7900,-34.62,,4016.89,-30.9952
,,7920,-34.95,,4016.89,-30.914
,,7940,-34.24,,4029.42,-30.9148
,,7960,-34.69,,4041.61,-30.9116
,,7980,-34.09,,4054.4,-30.7012
,,8000,-34.64,,4067.09,-30.6292
,,8020,-34.5,,4079.96,-30.6284
,,8040,-35.14,,4092.09,-30.5092
,,8060,-35.34,,4103.32,-30.4428
,,8080,-34.64,,4117.8,-30.3648
,,8100,-34.86,,4130.1,-30.3132
,,8120,-35.19,,4143.78,-30.3044
,,8140,-35.19,,4156.14,-30.2968
,,8160,-35.5,,4168.17,-30.3596
,,8180,-35.58,,4182.43,-30.4568
,,8200,-36.11,,4195.07,-30.4828
,,8220,-36.5,,4207.52,-30.3596
,,8240,-36.19,,4219.28,-30.2096
,,8260,-35.18,,4231.73,-30.184
,,8280,-34.83,,4244.4,-30.1632
,,8300,-34.52,,4256.79,-30.1116
,,8320,-34.85,,4269.11,-30.2252
,,8340,-34.4,,4294.27,-30.4428
,,8360,-34.81,,4294.27,-30.4512
,,8380,-34.91,,4307.31,-30.6972
,,8400,-34.97,,4320.07,-30.7604
,,8420,-34.95,,4332.97,-30.8104
,,8440,-34.3,,4345.21,-30.9116
,,8460,-35.04,,4357.67,-30.9476
,,8480,-34.31,,4370.44,-31.0528
,,8500,-35.12,,4380.4,-31.0964
,,8520,-34.65,,4395.9,-31.026
,,8540,-34.92,,4409.16,-31.0648
,,8560,-34.47,,4421.79,-31.19
,,8580,-34.47,,4433.29,-31.3324
,,8600,-34.84,,4445.44,-31.4752
,,8620,-34.48,,4460.16,-31.5024
,,8640,-34.36,,4473.02,-31.4716
,,8660,-35.12,,4485.59,-31.4972
,,8680,-34.57,,4498.01,-31.4992
,,8700,-34.47,,4510.66,-31.4524
,,8720,-34.89,,4520.62,-31.1728
,,8740,-34.07,,4536.26,-31.0408
,,8760,-34.61,,4549.61,-31.0936
,,8780,-34.51,,4562.99,-31.1496
,,8800,-34.34,,4575.88,-31.1792
,,8820,-34.36,,4588.79,-31.262
,,8840,-34.86,,4602.61,-31.5564
,,8860,-34.81,,4615.38,-31.7592
,,8880,-34.27,,4628.65,-31.6288
,,8900,-33.91,,4641.13,-31.546
,,8920,-34.03,,4654.35,-31.5604
,,8940,-34.46,,4667.28,-31.492
,,8960,-34.74,,4680.99,-31.524
,,8980,-34.7,,4692.71,-31.6804
,,9000,-35.02,,4706.96,-31.7636
,,9020,-34.79,,4719.55,-31.8592
,,9040,-34.19,,4731.85,-31.9392
,,9060,-34.66,,4744.97,-31.99
,,9080,-34.47,,4759.2,-32.0408
,,9100,-34.21,,4771.06,-31.9772
,,9120,-34.68,,4784.46,-31.9276
,,9140,-34.79,,4798.21,-31.9264
,,9160,-35.06,,4811.47,-31.6268
,,9180,-34.56,,4824.09,-31.1784
,,9200,-34.62,,4835.94,-31.0256
,,9220,-35.61,,4851.13,-31.0276
,,9240,-34.82,,4857.74,-31.002
,,9260,-34.61,,4878.31,-30.888
,,9280,-35.05,,4891.2,-30.8236
,,9300,-34.09,,4904.08,-30.7664
,,9320,-33.97,,4917.32,-30.6044
,,9340,-34.36,,4930.74,-30.526
,,9360,-34.08,,4943.26,-30.3604
,,9380,-35.13,,4957.43,-30.2396
,,9400,-34.36,,4970.54,-30.24
,,9420,-34.65,,4983.65,-30.2272
,,9440,-35.71,,4996.37,-30.0832
,,9460,-34.84,,5009.9,-29.9044
,,9480,-35.08,,5023.75,-29.9024
,,9500,-35.47,,5037.89,-30.1796
,,9520,-34.64,,5051.63,-30.3712
,,9540,-35.12,,5065.91,-30.3268
,,9560,-34.6,,5079.0,-30.25
,,9580,-34.39,,5092.19,-30.2488
,,9600,-34.33,,5106.08,-30.3864
,,9620,-34.49,,5120.67,-30.3256
,,9640,-34.45,,5134.25,-30.1728
,,9660,-35.14,,5147.63,-30.114
,,9680,-34.36,,5161.82,-29.972
,,9700,-34.27,,5175.77,-29.9844
,,9720,-34.29,,5189.44,-30.0092
,,9740,-35.23,,5203.57,-29.9588
,,9760,-34.71,,5217.73,-30.0732
,,9780,-33.98,,5217.73,-30.1352
,,9800,-35.0,,5231.62,-30.1988
,,9820,-35.3,,5246.23,-30.1508
,,9840,-35.06,,5260.47,-30.1524
,,9860,-35.07,,5274.77,-30.274
,,9880,-35.06,,5288.29,-30.3996
,,9900,-33.78,,5302.05,-30.4916
,,9920,-35.64,,5327.44,-30.656
,,9940,-34.51,,5345.5,-30.9896
,,9960,-35.0,,5360.25,-31.2688
,,9980,-34.76,,5375.0,-31.4068
,,10000,-35.3,,5389.14,-31.49
,,10020,-34.41,,5402.91,-31.4604
,,10040,-34.84,,5417.21,-31.5168
,,10060,-35.95,,5431.01,-31.5164
,,10080,-35.55,,5444.33,-31.398
,,10100,-35.69,,5458.68,-31.2252
,,10120,-34.86,,5473.04,-31.1188
,,10140,-34.59,,5488.24,-31.0236
,,10160,-35.15,,5502.54,-30.9024
,,10180,-35.57,,5517.17,-30.8612
,,10200,-35.46,,5532.12,-30.7296
,,10220,-35.32,,5547.42,-30.4972
,,10240,-34.99,,5562.37,-30.2972
,,10260,-35.7,,5577.43,-30.0928
,,10280,-35.1,,5591.89,-30.0256
,,10300,-35.93,,5606.92,-30.0888
,,10320,-36.09,,5621.63,-30.0264
,,10340,-36.13,,5636.04,-29.9068
,,10360,-35.82,,5650.76,-29.9324
,,10380,-35.89,,5665.74,-30.0268
,,10400,-35.87,,5681.31,-30.1428
,,10420,-35.0,,5696.51,-30.2084
,,10440,-35.94,,5711.58,-30.2144
,,10460,-34.95,,5727.68,-30.34
,,10480,-35.87,,5743.86,-30.4028
,,10500,-35.91,,5759.66,-30.402
,,10520,-35.66,,5775.28,-30.4208
,,10540,-35.53,,5791.24,-30.5328
,,10560,-35.73,,5807.73,-30.702
,,10580,-35.92,,5822.53,-30.5928
,,10600,-35.79,,5839.0,-30.4672
,,10620,-35.65,,5854.63,-30.5316
,,10640,-35.79,,5869.23,-30.5912
,,10660,-36.41,,5884.49,-30.6264
,,10680,-35.55,,5900.23,-30.5388
,,10700,-36.21,,5915.58,-30.4428
,,10720,-36.49,,5930.39,-30.4052
,,10740,-35.5,,5945.35,-30.308
,,10760,-36.21,,5960.34,-30.2208
,,10780,-35.53,,5975.73,-30.286
,,10800,-36.15,,5990.83,-30.3368
,,10820,-36.1,,6005.96,-30.3084
,,10840,-36.04,,6020.9,-30.2136
,,10860,-36.56,,6034.96,-30.3616
,,10880,-37.13,,6050.12,-30.6112
,,10900,-36.64,,6065.53,-30.7188
,,10920,-36.74,,6080.86,-30.766
,,10940,-36.57,,6096.23,-30.658
,,10960,-36.57,,6111.94,-30.5184
,,10980,-35.68,,6127.64,-30.5828
,,11000,-36.5,,6144.18,-30.6424
,,11020,-36.83,,6160.34,-30.648
,,11040,-36.13,,6176.14,-30.6684
,,11060,-36.62,,6191.86,-30.8152
,,11080,-36.87,,6205.87,-30.8952
,,11100,-36.45,,6220.51,-30.928
,,11120,-36.56,,6236.64,-30.9564
,,11140,-37.07,,6253.05,-31.1336
,,11160,-36.76,,6268.72,-31.1204
,,11180,-36.27,,6285.33,-30.8376
,,11200,-35.67,,6301.84,-30.7268
,,11220,-36.33,,6318.32,-30.7548
,,11240,-37.21,,6333.71,-30.8388
,,11260,-36.46,,6348.87,-30.9292
,,11280,-36.33,,6365.1,-30.8764
,,11300,-36.77,,6380.53,-30.8852
,,11320,-36.4,,6395.76,-30.9984
,,11340,-38.24,,6411.31,-30.9712
,,11360,-37.59,,6426.44,-30.8764
,,11380,-37.9,,6441.71,-30.786
,,11400,-37.99,,6454.1,-30.6648
,,11420,-36.54,,6469.42,-30.5268
,,11440,-36.84,,6489.84,-30.5572
,,11460,-36.98,,6505.69,-30.7032
,,11480,-36.2,,6521.76,-30.8692
,,11500,-36.77,,6538.22,-30.9756
,,11520,-36.31,,6553.45,-30.9136
,,11540,-36.3,,6569.5,-30.9204
,,11560,-36.39,,6585.25,-31.0852
,,11580,-36.36,,6600.5,-31.0988
,,11600,-36.04,,6615.83,-30.89
,,11620,-38.29,,6632.07,-30.8152
,,11640,-38.5,,6647.79,-30.8988
,,11660,-41.01,,6663.22,-30.9104
,,11680,-39.57,,6679.15,-30.9364
,,11700,-39.84,,6695.54,-30.9736
,,11720,-38.16,,6711.02,-30.8472
,,11740,-39.91,,6727.16,-30.6172
,,11760,-40.63,,6743.47,-30.3368
,,11780,-39.34,,6759.23,-30.124
,,11800,-39.31,,6776.29,-29.9692
,,11820,-39.58,,6792.28,-29.6656
,,11840,-41.23,,6809.46,-29.434
,,11860,-40.78,,6826.14,-29.4184
,,11880,-40.39,,6843.55,-29.4084
,,11900,-40.01,,6860.83,-29.226
,,11920,-39.17,,6877.12,-28.9944
,,11940,-39.37,,6893.93,-28.9868
,,11960,-39.18,,6909.89,-28.9756
,,11980,-40.13,,6925.52,-28.8252
,,12000,-38.99,,6942.31,-28.9184
,,12020,-37.73,,6958.35,-29.0596
,,12040,-38.86,,6974.97,-29.1308
,,12060,-40.89,,6974.97,-29.1676
,,12080,-39.81,,6991.52,-29.4676
,,12100,-40.92,,7008.94,-29.916
,,12120,-39.35,,7043.23,-30.3196
,,12140,-41.03,,7043.23,-30.2892
,,12160,-38.27,,7060.31,-30.474
,,12180,-41.29,,7077.94,-30.6828
,,12200,-40.07,,7095.19,-30.9452
,,12220,-40.15,,7112.32,-30.9768
,,12240,-39.36,,7125.35,-30.9636
,,12260,-40.56,,7145.8,-31.1032
,,12280,-40.02,,7163.51,-31.132
,,12300,-38.43,,7180.52,-31.2808
,,12320,-38.98,,7197.45,-31.4364
,,12340,-41.35,,7213.19,-31.42
,,12360,-40.77,,7230.45,-31.2596
,,12380,-40.46,,7247.15,-31.1212
,,12400,-38.81,,7265.27,-30.976
,,12420,-39.46,,7282.23,-30.78
,,12440,-39.77,,7299.9,-30.6744
,,12460,-41.2,,7318.0,-30.5712
,,12480,-40.94,,7333.72,-30.5724
,,12500,-40.63,,7351.3,-30.472
,,12520,-39.33,,7369.07,-30.2812
,,12540,-40.71,,7386.32,-30.15
,,12560,-40.93,,7403.22,-29.9776
,,12580,-39.64,,7419.69,-29.8564
,,12600,-41.38,,7436.69,-29.8072
,,12620,-40.61,,7454.05,-30.0108
,,12640,-41.82,,7471.27,-30.1188
,,12660,-40.85,,7487.72,-30.1256
,,12680,-40.64,,7504.61,-30.2656
,,12700,-40.9,,7522.2,-30.308
,,12720,-39.7,,7539.59,-30.2796
,,12740,-38.83,,7556.58,-30.0988
,,12760,-39.03,,7574.75,-30.1288
,,12780,-40.57,,7592.48,-30.2872
,,12800,-40.21,,7608.89,-30.2936
,,12820,-39.86,,7625.59,-30.2704
,,12840,-39.36,,7642.67,-30.0944
,,12860,-39.63,,7659.86,-29.9088
,,12880,-39.79,,7678.21,-29.592
,,12900,-38.51,,7695.46,-29.3396
,,12920,-38.27,,7713.0,-29.2832
,,12940,-38.38,,7730.63,-29.1944
,,12960,-37.39,,7746.95,-29.1532
,,12980,-38.78,,7765.15,-28.928
,,13000,-38.27,,7783.12,-28.8632
,,13020,-37.23,,7800.33,-28.8588
,,13040,-38.79,,7817.32,-28.702
,,13060,-38.28,,7834.54,-28.712
,,13080,-38.52,,7851.47,-28.7472
,,13100,-39.28,,7868.34,-28.9236
,,13120,-40.02,,7885.77,-29.1064
,,13140,-41.96,,7903.58,-29.1612
,,13160,-39.25,,7921.31,-29.162
,,13180,-38.87,,7939.1,-29.1468
,,13200,-39.63,,7957.05,-29.1308
,,13220,-39.38,,7974.62,-29.2384
,,13240,-39.92,,7993.18,-29.6408
,,13260,-38.15,,8011.54,-29.9208
,,13280,-38.72,,8029.02,-30.0864
,,13300,-37.99,,8046.27,-30.2788
,,13320,-39.21,,8064.42,-30.4052
,,13340,-38.14,,8083.12,-30.5756
,,13360,-37.31,,8100.59,-30.5459
,,13380,-37.38,,8119.11,-30.7749
,,13400,-37.8,,8136.41,-30.8758
,,13420,-37.63,,8153.16,-31.3526
,,13440,-37.42,,8171.05,-31.8086
,,13460,-38.91,,8190.02,-32.2392
,,13480,-37.24,,8210.54,-32.4422
,,13500,-37.85,,8229.97,-32.4
,,13520,-36.9,,8250.54,-32.3196
,,13540,-37.19,,8269.13,-32.2388
,,13560,-37.93,,8290.01,-32.1624
,,13580,-37.04,,8309.8,-32.0798
,,13600,-37.36,,8330.24,-32.0107
,,13620,-38.73,,8348.58,-31.9529
,,13640,-37.84,,8365.9,-31.7431
,,13660,-37.7,,8384.56,-31.3673
,,13680,-37.86,,8404.55,-30.9511
,,13700,-37.79,,8424.04,-30.6043
,,13720,-37.42,,8442.56,-30.389
,,13740,-37.97,,8461.0,-30.3226
,,13760,-37.35,,8480.08,-30.381
,,13780,-37.17,,8499.25,-30.4508
,,13800,-37.23,,8519.41,-30.4508
,,13820,-37.46,,8538.61,-30.3911
,,13840,-37.75,,8558.35,-30.3098
,,13860,-37.99,,8577.52,-30.2165
,,13880,-37.45,,8597.35,-30.134
,,13900,-38.09,,8615.28,-30.1719
,,13920,-37.95,,8632.64,-30.1798
,,13940,-37.48,,8651.81,-30.1391
,,13960,-37.36,,8670.76,-30.1621
,,13980,-37.56,,8689.11,-30.0722
,,14000,-37.89,,8707.61,-29.9208
,,14020,-40.27,,8726.78,-29.8419
,,14040,-38.83,,8747.69,-29.8171
,,14060,-38.79,,8766.07,-29.7985
,,14080,-39.43,,8785.0,-29.8242
,,14100,-37.79,,8803.22,-29.8979
,,14120,-38.0,,8821.89,-29.8682
,,14140,-37.12,,8842.33,-29.6979
,,14160,-37.98,,8862.39,-29.5147
,,14180,-37.48,,8883.49,-29.4211
,,14200,-37.14,,8903.58,-29.3893
,,14220,-37.49,,8923.4,-29.4413
,,14240,-36.69,,8941.96,-29.5777
,,14260,-37.25,,8961.34,-29.6355
,,14280,-36.45,,8980.44,-29.6404
,,14300,-36.12,,9000.81,-29.6642
,,14320,-35.26,,9020.86,-29.6547
,,14340,-36.0,,9041.03,-29.5281
,,14360,-36.52,,9061.15,-29.4456
,,14380,-36.73,,9082.01,-29.5914
,,14400,-35.7,,9100.9,-29.8447
,,14420,-35.9,,9120.35,-29.9694
,,14440,-35.44,,9139.06,-29.9547
,,14460,-35.85,,9158.42,-30.0505
,,14480,-35.08,,9177.55,-30.1407
,,14500,-34.98,,9198.88,-30.1385
,,14520,-35.31,,9198.88,-30.1777
,,14540,-35.58,,9217.99,-30.2914
,,14560,-35.92,,9238.01,-30.2703
,,14580,-36.18,,9259.62,-30.1954
,,14600,-36.58,,9281.42,-30.2263
,,14620,-36.69,,9302.11,-30.0948
,,14640,-36.5,,9323.18,-29.9703
,,14660,-38.16,,9345.54,-29.9569
,,14680,-39.45,,9365.93,-29.9826
,,14700,-39.89,,9386.43,-30.0367
,,14720,-39.75,,9407.56,-30.0664
,,14740,-41.46,,9425.57,-30.1734
,,14760,-39.54,,9446.83,-30.237
,,14780,-38.92,,9468.09,-30.2707
,,14800,-38.84,,9488.87,-30.3853
,,14820,-39.76,,9510.04,-30.4691
,,14840,-40.96,,9532.24,-30.6086
,,14860,-39.6,,9555.97,-30.7177
,,14880,-39.15,,9578.95,-30.6242
,,14900,-38.51,,9601.42,-30.6119
,,14920,-39.69,,9623.97,-30.4966
,,14940,-40.55,,9646.99,-30.1771
,,14960,-39.31,,9670.46,-29.9141
,,14980,-39.27,,9693.74,-29.8596
,,15000,-41.1,,9715.7,-29.8865
,,15020,-39.37,,9741.41,-29.8489
,,15040,-39.59,,9763.75,-29.9541
,,15060,-39.27,,9786.86,-30.1003
,,15080,-36.63,,9810.31,-30.3196
,,15100,-39.13,,9833.91,-30.422
,,15120,-38.33,,9857.34,-30.333
,,15140,-38.49,,9879.68,-30.4648
,,15160,-39.0,,9902.24,-30.6752
,,15180,-38.87,,9925.33,-30.5437
,,15200,-38.77,,9971.94,-30.4844
,,15220,-40.06,,9996.27,-30.5627
,,15240,-40.88,,10016.6,-30.4963
,,15260,-38.75,,10028.4,-30.4391
,,15280,-38.52,,10052.2,-30.4174
,,15300,-39.52,,10064.4,-30.415
,,15320,-40.69,,10075.9,-30.4835
,,15340,-40.95,,10099.5,-30.5596
,,15360,-39.04,,10111.3,-30.5419
,,15380,-38.62,,10122.5,-30.6009
,,15400,-39.75,,10134.2,-30.678
,,15420,-38.23,,10147.4,-30.7434
,,15440,-40.12,,10160.1,-30.8129
,,15460,-41.11,,10172.8,-30.8749
,,15480,-38.49,,10172.8,-30.8982
,,15500,-38.67,,10186.2,-30.9667
,,15520,-40.06,,10199.1,-31.0648
,,15540,-39.83,,10212.4,-31.1572
,,15560,-38.48,,10225.5,-31.2422
,,15580,-39.89,,10239.2,-31.3544
,,15600,-39.39,,10252.1,-31.4752
,,15620,-39.72,,10264.1,-31.5973
,,15640,-41.33,,10276.1,-31.7171
,,15660,-42.31,,10288.0,-31.8275
,,15680,-40.76,,10300.1,-31.9245
,,15700,-41.07,,10313.2,-32.0223
,,15720,-39.43,,10323.8,-32.1138
,,15740,-38.61,,10336.3,-32.2064
,,15760,-38.8,,10350.2,-32.2957
,,15780,-40.73,,10364.3,-32.3982
,,15800,-40.66,,10389.7,-32.5263
,,15820,-42.0,,10401.6,-32.6119
,,15840,-41.25,,10414.1,-32.6914
,,15860,-39.27,,10428.0,-32.7609
,,15880,-40.85,,10439.9,-32.8025
,,15900,-41.61,,10439.9,-32.83
,,15920,-40.75,,10452.8,-32.8578
,,15940,-40.77,,10468.3,-32.8847
,,15960,-41.43,,10468.3,-32.9067
,,15980,-41.36,,10481.4,-32.9346
,,16000,-39.01,,10494.0,-32.9755
,,16020,-40.49,,10509.0,-33.0171
,,16040,-37.03,,10522.0,-33.0783
,,16060,-40.13,,10537.0,-33.1569
,,16080,-40.87,,10551.0,-33.1918
,,16100,-40.03,,10565.0,-33.2541
,,16120,-40.44,,10580.0,-33.2725
,,16140,-40.68,,10593.0,-33.3263
,,16160,-41.27,,10606.0,-33.389
,,16180,-39.81,,10620.0,-33.4807
,,16200,-38.64,,10634.0,-33.5587
,,16220,-40.62,,10648.0,-33.6404
,,16240,-39.59,,10662.0,-33.7566
,,16260,-40.24,,10678.0,-33.8551
,,16280,-40.02,,10692.0,-33.9459
,,16300,-39.59,,10706.0,-34.0437
,,16320,-40.05,,10720.0,-34.1251
,,16340,-38.65,,10734.0,-34.204
,,16360,-40.39,,10747.0,-34.2847
,,16380,-40.2,,10762.0,-34.3801
,,16400,-40.31,,10762.0,-34.415
,,16420,-40.53,,10792.0,-34.5911
,,16440,-38.86,,10806.0,-34.6954
,,16460,-39.61,,10819.0,-34.8006
,,16480,-40.21,,10819.0,-34.8495
,,16500,-41.94,,10833.0,-34.9272
,,16520,-40.61,,10847.0,-35.0125
,,16540,-40.92,,10862.0,-35.0468
,,16560,-41.27,,10877.0,-35.0771
,,16580,-39.46,,10891.0,-35.1263
,,16600,-40.8,,10921.0,-35.5526
,,16620,-39.94,,10937.0,-35.5352
,,16640,-41.03,,10951.0,-35.544
,,16660,-39.9,,10965.0,-34.963
,,16680,-41.34,,10980.0,-35.1465
,,16700,-40.94,,10995.0,-35.404
,,16720,-41.56,,11011.0,-35.4523
,,16740,-41.47,,11025.0,-35.3474
,,16760,-39.5,,11039.0,-35.618
,,16780,-40.82,,11057.0,-35.7361
,,16800,-39.85,,11071.0,-36.2211
,,16820,-38.43,,11087.0,-36.208
,,16840,-39.76,,11101.0,-35.9327
,,16860,-39.72,,11120.0,-36.0682
,,16880,-39.53,,11135.0,-36.3914
,,16900,-40.74,,11149.0,-36.304
,,16920,-40.96,,11163.0,-35.9939
,,16940,-40.53,,11180.0,-35.3911
,,16960,-40.35,,11197.0,-35.4523
,,16980,-41.75,,11213.0,-35.3691
,,17000,-41.58,,11229.0,-35.4566
,,17020,-40.66,,11243.0,-35.3954
,,17040,-40.13,,11258.0,-35.4609
,,17060,-41.35,,11274.0,-35.8061
,,17080,-41.35,,11289.0,-36.3661
,,17100,-40.15,,11307.0,-36.422
,,17120,-40.74,,11324.0,-37.7459
,,17140,-41.51,,11339.0,-37.7728
,,17160,-40.57,,11354.0,-38.3945
,,17180,-42.14,,11371.0,-38.7716
,,17200,-41.06,,11389.0,-39.4242
,,17220,-40.78,,11408.0,-39.4547
,,17240,-40.23,,11427.0,-38.8125
,,17260,-40.45,,11446.0,-38.7563
,,17280,-39.23,,11462.0,-38.0428
,,17300,-40.35,,11479.0,-37.3495
,,17320,-40.28,,11496.0,-36.6361
,,17340,-40.43,,11512.0,-36.6187
,,17360,-40.55,,11527.0,-36.5226
,,17380,-40.33,,11542.0,-35.8847
,,17400,-39.09,,11558.0,-35.8969
,,17420,-40.74,,11576.0,-36.3355
,,17440,-40.08,,11594.0,-36.152
,,17460,-40.33,,11611.0,-36.6413
,,17480,-41.64,,11628.0,-37.8034
,,17500,-41.31,,11647.0,-39.8676
,,17520,-39.63,,11666.0,-41.5342
,,17540,-39.76,,11666.0,-42.4037
,,17560,-39.83,,11690.0,-44.3364
,,17580,-40.42,,11723.0,-45.4358
,,17600,-40.3,,11755.0,-46.8731
,,17620,-39.94,,11790.0,-46.4679
,,17640,-39.66,,11823.0,-47.1024
,,17660,-40.0,,11857.0,-48.3028
,,17680,-41.75,,11889.0,-47.6682
,,17700,-39.34,,11922.0,-47.6911
,,17720,-40.98,,11959.0,-47.737
,,17740,-40.84,,11993.0,-46.4908
,,17760,-39.98,,12029.0,-46.6132
,,17780,-40.91,,12063.0,-46.5673
,,17800,-41.57,,12104.0,-46.2844
,,17820,-39.98,,12140.0,-46.9954
,,17840,-41.02,,12174.0,-47.3471
,,17860,-38.83,,12213.0,-47.7217
,,17880,-41.3,,12246.0,-47.6223
,,17900,-39.52,,12280.0,-47.2018
,,17920,-39.21,,12322.0,-47.5306
,,17940,-37.96,,12322.0,-47.3801
,,17960,-40.15,,12401.0,-47.6758
,,17980,-38.04,,12438.0,-48.3028
,,18000,-38.37,,12475.0,-48.1881
,,18020,-39.18,,12511.0,-48.1575
,,18040,-40.88,,12550.0,-48.3945
,,18060,-40.01,,12588.0,-48.9679
,,18080,-39.62,,12628.0,-49.4878
,,18100,-41.11,,12666.0,-49.7706
,,18120,-40.82,,12705.0,-50.13
,,18140,-39.71,,12745.0,-49.5489
,,18160,-41.19,,12779.0,-49.5107
,,18180,-39.76,,12817.0,-49.6483
,,18200,-39.42,,12854.0,-49.2049
,,18220,-39.12,,12887.0,-48.0428
,,18240,-39.13,,12920.0,-45.9021
,,18260,-39.94,,12948.0,-44.1208
,,18280,-40.23,,12973.0,-42.104
,,18300,-39.56,,12993.0,-41.3517
,,18320,-40.32,,13014.0,-41.156
,,18340,-39.37,,13035.0,-41.0703
,,18360,-40.09,,13055.0,-41.5535
,,18380,-39.48,,13079.0,-41.9083
,,18400,-38.34,,13102.0,-43.1376
,,18420,-40.39,,13122.0,-44.2569
,,18440,-39.9,,13145.0,-45.0092
,,18460,-41.23,,13173.0,-45.7645
,,18480,-38.92,,13205.0,-46.2156
,,18500,-40.02,,13236.0,-46.1774
,,18520,-39.15,,13262.0,-45.0841
,,18540,-40.23,,13291.0,-43.8165
,,18560,-39.11,,13316.0,-43.3639
,,18580,-39.63,,13344.0,-42.2569
,,18600,-38.58,,13366.0,-41.2049
,,18620,-40.71,,13393.0,-40.6055
,,18640,-39.79,,13416.0,-39.9817
,,18660,-40.87,,13436.0,-39.578
,,18680,-37.76,,13460.0,-39.0581
,,18700,-39.29,,13482.0,-39.6147
,,18720,-40.14,,13504.0,-39.3211
,,18740,-41.0,,13527.0,-39.0398
,,18760,-38.86,,13547.0,-38.5138
,,18780,-40.86,,13588.0,-38.4303
,,18800,-40.87,,13605.0,-38.6034
,,18820,-39.28,,13625.0,-39.2966
,,18840,-38.52,,13625.0,-39.6758
,,18860,-39.49,,13647.0,-40.0306
,,18880,-38.83,,13672.0,-40.526
,,18900,-39.33,,13697.0,-40.4771
,,18920,-39.43,,13720.0,-40.1162
,,18940,-39.11,,13742.0,-39.2294
,,18960,-39.48,,13762.0,-39.0031
,,18980,-40.47,,13802.0,-38.8939
,,19000,-40.01,,13821.0,-38.9144
,,19020,-39.28,,13841.0,-39.1437
,,19040,-38.49,,13862.0,-39.1795
,,19060,-39.63,,13862.0,-39.2355
,,19080,-38.86,,13882.0,-39.37
,,19100,-38.44,,13902.0,-39.37
,,19120,-39.56,,13924.0,-39.3761
,,19140,-38.95,,13947.0,-38.7829
,,19160,-39.68,,13969.0,-39.0153
,,19180,-39.72,,13988.0,-39.6697
,,19200,-39.09,,14010.0,-40.8012
,,19220,-38.56,,14031.0,-41.792
,,19240,-37.84,,14051.0,-42.9908
,,19260,-39.1,,14081.0,-42.6422
,,19280,-38.89,,14110.0,-41.6024
,,19300,-38.88,,14131.0,-40.3425
,,19320,-40.9,,14171.0,-39.4291
,,19340,-40.47,,14187.0,-38.3792
,,19360,-39.01,,14206.0,-38.3893
,,19380,-39.98,,14225.0,-38.1703
,,19400,-39.96,,14244.0,-37.7012
,,19420,-41.24,,14261.0,-37.2018
,,19440,-39.85,,14281.0,-36.4168
,,19460,-39.2,,14299.0,-35.8205
,,19480,-40.6,,14318.0,-34.9388
,,19500,-39.29,,14334.0,-34.3884
,,19520,-38.59,,14352.0,-34.256
,,19540,-40.08,,14369.0,-34.2813
,,19560,-38.89,,14384.0,-34.1031
,,19580,-39.36,,14401.0,-34.2303
,,19600,-38.77,,14419.0,-34.5055
,,19620,-40.28,,14436.0,-34.2713
,,19640,-40.49,,14454.0,-34.1997
,,19660,-40.19,,14470.0,-33.3281
,,19680,-41.43,,14485.0,-32.7917
,,19700,-41.12,,14500.0,-32.3765
,,19720,-39.84,,14516.0,-31.992
,,19740,-39.48,,14532.0,-32.1144
,,19760,-39.68,,14548.0,-31.7737
,,19780,-40.23,,14565.0,-32.2719
,,19800,-38.39,,14580.0,-32.9795
,,19820,-40.11,,14596.0,-33.1551
,,19840,-39.61,,14612.0,-33.7055
,,19860,-39.45,,14629.0,-34.6177
,,19880,-40.91,,14648.0,-36.1061
,,19900,-40.97,,14669.0,-38.267
,,19920,-39.14,,14669.0,-38.9847
,,19940,-38.73,,14688.0,-41.1621
,,19960,-39.11,,14711.0,-42.8073
,,19980,-39.77,,14749.0,-44.3043
,,20000,-40.38,,14788.0,-44.5872
,,20020,-40.52,,14824.0,-44.6713
,,20040,-39.74,,14860.0,-44.633
,,20060,-39.06,,14897.0,-45.0153
,,20080,-39.55,,14932.0,-45.5581
,,20100,-39.89,,14968.0,-45.2829
,,20120,-39.55,,15001.0,-45.107
,,20140,-41.34,,15035.0,-45.2141
,,20160,-39.14,,15074.0,-44.6636
,,20180,-40.77,,15108.0,-44.3425
,,20200,-38.91,,15142.0,-43.6162
,,20220,-39.25,,15176.0,-42.8899
,,20240,-41.04,,15214.0,-43.448
,,20260,-41.28,,15250.0,-43.4327
,,20280,-41.76,,15292.0,-44.1361
,,20300,-41.81,,15292.0,-44.6789
,,20320,-39.74,,15333.0,-44.7706
,,20340,-40.6,,15375.0,-45.1171
,,20360,-40.81,,15420.0,-45.5046
,,20380,-41.12,,15500.0,-45.344
,,20400,-38.99,,15535.0,-45.3364
,,20420,-40.93,,15579.0,-44.9694
,,20440,-38.37,,15579.0,-44.7606
,,20460,-41.12,,15618.0,-46.0245
,,20480,-40.9,,15660.0,-47.4823
,,20500,-39.02,,15740.0,-47.1789
,,20520,-39.93,,15740.0,-46.7073
,,20540,-38.57,,15784.0,-46.626
,,20560,-38.2,,15825.0,-47.5434
,,20580,-38.78,,15903.0,-48.8609
,,20600,-39.16,,15946.0,-49.2661
,,20620,-38.97,,15946.0,-49.5413
,,20640,-39.23,,15990.0,-48.481
,,20660,-39.67,,16033.0,-47.0948
,,20680,-39.94,,16072.0,-45.6881
,,20700,-40.89,,16115.0,-45.2193
,,20720,-39.3,,16159.0,-45.5557
,,20740,-40.76,,16236.0,-45.6957
,,20760,-38.93,,16274.0,-46.1621
,,20780,-40.39,,16314.0,-45.7034
,,20800,-39.21,,16348.0,-45.841
,,20820,-40.13,,16389.0,-45.8104
,,20840,-39.82,,16389.0,-45.4639
,,20860,-38.93,,16465.0,-46.2997
,,20880,-39.55,,16465.0,-46.6055
,,20900,-40.85,,16510.0,-47.2171
,,20920,-41.08,,16553.0,-47.6352
,,20940,-41.43,,16629.0,-47.0642
,,20960,-40.99,,16662.0,-46.9037
,,20980,-40.35,,16702.0,-47.5382
,,21000,-41.22,,16740.0,-47.0872
,,21020,-41.26,,16773.0,-47.3318
,,21040,-39.41,,16813.0,-45.9404
,,21060,-41.26,,16845.0,-45.2982
,,21080,-41.26,,16885.0,-45.734
,,21100,-42.31,,16919.0,-45.1453
,,21120,-41.19,,16960.0,-47.0795
,,21140,-40.94,,16998.0,-47.4159
,,21160,-40.48,,16998.0,-47.5229
,,21180,-40.14,,17042.0,-48.3691
,,21200,-41.08,,17083.0,-47.6352
,,21220,-41.62,,17127.0,-48.2162
,,21240,-41.25,,17169.0,-47.7777
,,21260,-41.55,,17245.0,-45.8181
,,21280,-41.56,,17284.0,-45.0229
,,21300,-40.82,,17284.0,-44.6076
,,21320,-41.64,,17333.0,-44.7502
,,21340,-41.61,,17374.0,-44.6584
,,21360,-41.61,,17416.0,-43.8021
,,21380,-41.88,,17458.0,-44.7502
,,21400,-41.48,,17503.0,-44.6994
,,21420,-40.26,,17548.0,-44.73
,,21440,-41.6,,17593.0,-43.5168
,,21460,-41.84,,17638.0,-44.2303
,,21480,-40.69,,17684.0,-44.8113
,,21500,-41.99,,17730.0,-45.7697
,,21520,-40.07,,17776.0,-46.3202
,,21540,-42.41,,17821.0,-45.8817
,,21560,-42.14,,17869.0,-44.8725
,,21580,-40.8,,17920.0,-43.578
,,21600,-41.56,,17970.0,-43.3232
,,21620,-41.04,,18019.0,-43.8838
,,21640,-42.33,,18071.0,-44.4853
,,21660,-41.3,,18116.0,-44.689
,,21680,-41.26,,18165.0,-44.2914
,,21700,-40.27,,18216.0,-43.6291
,,21720,-39.46,,18266.0,-43.9755
,,21740,-39.99,,18317.0,-44.4749
,,21760,-40.86,,18360.0,-44.1385
,,21780,-41.74,,18408.0,-44.108
,,21800,-40.93,,18464.0,-43.5373
,,21820,-40.9,,18514.0,-44.8523
,,21840,-41.08,,18563.0,-45.1477
,,21860,-39.47,,18610.0,-45.9838
,,21880,-41.85,,18663.0,-44.4343
,,21900,-41.75,,18715.0,-43.9144
,,21920,-40.15,,18767.0,-43.3128
,,21940,-40.44,,18819.0,-43.9349
,,21960,-41.03,,18877.0,-43.6492
,,21980,-41.47,,18927.0,-43.2722
,,22000,-40.98,,18980.0,-43.2009
,,22020,999999.0,,19033.0,-43.8327
,,22040,999999.0,,19077.0,-43.8226
,,22060,-41.3,,19126.0,-43.8431
,,22080,-41.02,,19167.0,-42.9664
,,22100,-40.37,,19210.0,-42.6606
,,22120,-40.86,,19253.0,-42.9257
,,22140,-40.33,,19293.0,-43.7309
,,22160,-40.78,,19336.0,-44.6177
,,22180,-40.1,,19382.0,-45.0664
,,22200,-40.14,,19422.0,-45.0459
,,22220,-40.68,,19466.0,-45.4028
,,22240,-39.1,,19511.0,-45.4841
,,22260,-39.56,,19560.0,-45.3211
,,22280,-40.43,,19602.0,-45.0664
,,22300,-40.72,,19658.0,-45.3517
,,22320,-39.96,,19708.0,-45.637
,,22340,-41.92,,19761.0,-46.045
,,22360,-41.91,,19812.0,-45.9122
,,22380,-40.93,,19858.0,-46.5749
,,22400,-40.94,,19904.0,-45.9939
,,22420,-40.57,,19954.0,-45.9226
,,22440,-41.33,,20007.0,-45.311
,,22460,-41.09,,20051.0,-45.7492
,,22480,-39.38,,20099.0,-46.3609
,,22500,-39.46,,20144.0,-46.4933
,,22520,-39.55,,20188.0,-47.0236
,,22540,-40.86,,20233.0,-47.533
,,22560,-41.13,,20281.0,-48.3079
,,22580,-40.51,,20331.0,-48.3691
,,22600,-40.92,,20376.0,-46.7991
,,22620,-40.86,,20425.0,-45.1275
,,22640,-40.25,,20478.0,-45.0664
,,22660,-40.25,,20526.0,-44.9541
,,22680,-41.72,,20572.0,-45.5147
,,22700,-40.48,,20621.0,-44.5055
,,22720,-40.64,,20671.0,-45.5862
,,22740,-40.55,,20721.0,-46.585
,,22760,-41.19,,20774.0,-47.4719
,,22780,-40.73,,20830.0,-47.2272
,,22800,-41.18,,20877.0,-47.6248
,,22820,-40.47,,20926.0,-48.0428
,,22840,-40.09,,20982.0,-48.4609
,,22860,-41.02,,21036.0,-48.3997
,,22880,-41.01,,21087.0,-48.7972
,,22900,-40.25,,21137.0,-48.9603
,,22920,-38.99,,21191.0,-49.2355
,,22940,-38.84,,21239.0,-49.6942
,,22960,-37.57,,21292.0,-50.6321
,,22980,-39.9,,21345.0,-50.4893
,,23000,-39.89,,21396.0,-49.8572
,,23020,-39.46,,21449.0,-49.0725
,,23040,-40.09,,21502.0,-49.5514
,,23060,-40.81,,21556.0,-49.9183
,,23080,-39.74,,21612.0,-50.4893
,,23100,-40.9,,21671.0,-49.256
,,23120,-40.06,,21727.0,-49.0315
,,23140,-39.7,,21793.0,-48.1346
,,23160,-40.17,,21856.0,-49.2254
,,23180,-40.94,,21916.0,-48.7869
,,23200,-41.01,,21979.5,-49.1538
,,23220,-40.09,,22035.5,-48.7055
,,23240,-39.72,,22090.5,-48.6138
,,23260,-40.77,,22138.5,-48.0835
,,23280,-40.82,,22186.5,-47.4719
,,23300,-39.65,,22251.5,-48.0021
,,23320,-38.49,,22298.5,-48.8174
,,23340,-38.73,,22359.5,-49.47
,,23360,-37.45,,22421.0,-48.889
,,23380,-38.03,,22481.0,-48.1856
,,23400,-39.5,,22538.0,-48.1651
,,23420,-38.68,,22595.0,-48.9398
,,23440,-40.33,,22650.0,-49.0419
,,23460,-39.4,,22707.0,-48.5526
,,23480,-41.18,,22763.0,-48.267
,,23500,-39.32,,22815.0,-48.1245
,,23520,-41.39,,22871.0,-47.1459
,,23540,-41.58,,22926.0,-44.73
,,23560,-42.26,,22974.0,-43.8327
,,23580,-42.05,,23028.0,-45.4333
,,23600,-40.47,,23082.0,-47.7777
,,23620,-40.79,,23133.0,-49.47
,,23640,-41.59,,23185.0,-49.2966
,,23660,-42.22,,23247.0,-48.9502
,,23680,-42.18,,23297.0,-46.1468
,,23700,-41.54,,23341.0,-43.211
,,23720,-40.89,,23392.0,-42.2119
,,23740,-42.26,,23444.0,-43.9755
,,23760,-42.26,,23505.0,-47.8287
,,23780,-42.34,,23566.0,-49.5312
,,23800,-43.41,,23630.0,-51.2437
,,23820,-41.33,,23694.0,-51.152
,,23840,-40.25,,23753.0,-52.5177
,,23860,-42.19,,23814.0,-52.3242
,,23880,-41.19,,23874.0,-52.9257
,,23900,-42.62,,23934.0,-52.8541
,,23920,-41.92,,23986.0,-53.0887
,,23940,-42.45,,24038.0,-53.3945
,,23960,-41.44,,24098.0,-53.415
,,23980,-42.37,,24153.0,-53.1499
,,24000,-42.54,,24208.0,-52.4872
,,24020,-42.02,,24267.0,-51.2639
,,24040,-41.87,,24337.0,-50.5199
,,24060,-42.23,,24401.0,-49.6125
,,24080,-43.61,,24463.0,-48.5015
,,24100,-42.24,,24531.0,-48.9603
,,24120,-41.01,,24591.0,-49.3171
,,24140,-42.21,,24653.0,-51.2538
,,24160,-41.62,,24714.0,-50.581
,,24180,-42.27,,24780.0,-51.5697
,,24200,-42.09,,24841.0,-50.7239
,,24220,-41.23,,24910.0,-51.0193
,,24240,999999.0,,24976.0,-48.3997
,,24260,-42.58,,25037.0,-47.4312
,,24280,-42.11,,25099.0,-47.4211
,,24300,-41.91,,25164.0,-48.9603
,,24320,-41.12,,25229.0,-49.6942
,,24340,-41.81,,25294.0,-50.0407
,,24360,-40.49,,25361.0,-49.5413
,,24380,-39.23,,25426.0,-49.6431
,,24400,-41.95,,25495.0,-50.418
,,24420,-42.25,,25563.0,-52.0896
,,24440,-40.47,,25630.0,-53.5474
,,24460,-40.58,,25700.0,-52.8135
,,24480,-40.35,,25766.0,-51.3966
,,24500,-39.21,,25831.0,-49.6431
,,24520,-39.34,,25901.0,-49.7758
,,24540,-41.12,,25973.0,-49.8572
,,24560,-41.25,,26043.0,-50.2957
,,24580,-41.8,,26110.0,-48.522
,,24600,-41.79,,26175.0,-48.3385
,,24620,-41.73,,26242.0,-47.3905
,,24640,-41.82,,26309.0,-48.7361
,,24660,-41.46,,26374.0,-49.0725
,,24680,-41.72,,26445.0,-49.8471
,,24700,-42.03,,26513.0,-49.4902
,,24720,-42.11,,26583.0,-48.7156
,,24740,-42.32,,26647.0,-49.215
,,24760,-41.4,,26710.0,-49.3783
,,24780,-40.58,,26768.0,-49.9899
,,24800,-41.94,,26831.0,-48.7972
,,24820,-42.65,,26892.0,-48.1245
,,24840,-42.35,,26956.0,-48.6443
,,24860,-42.88,,27018.0,-48.7055
,,24880,-43.22,,27085.0,-48.7563
,,24900,-41.34,,27145.0,-48.1141
,,24920,-39.68,,27207.0,-48.5832
,,24940,-41.95,,27277.0,-49.419
,,24960,-42.31,,27346.0,-49.6025
,,24980,-40.32,,27419.0,-48.6951
,,25000,-38.56,,27489.0,-45.7187
,,25020,-40.99,,27559.0,-43.1599
,,25040,-40.34,,27614.0,-40.9786
,,25060,-40.11,,27671.0,-40.8156
,,25080,-40.6,,27720.0,-39.5924
,,25100,-40.66,,27774.0,-38.7156
,,25120,-40.37,,27828.0,-38.267
,,25140,-40.52,,27882.0,-41.3557
,,25160,-40.7,,27944.0,-45.2294
,,25180,-41.87,,28025.0,-48.318
,,25200,-41.88,,28104.0,-50.367
,,25220,-40.89,,28181.0,-50.6728
,,25240,-43.0,,28255.0,-51.3661
,,25260,-40.98,,28325.0,-50.6422
,,25280,-40.5,,28392.0,-49.5514
,,25300,-40.54,,28455.0,-49.1336
,,25320,-42.23,,28517.0,-49.8572
,,25340,-41.85,,28578.0,-50.9275
,,25360,-40.57,,28628.0,-50.5606
,,25380,-41.33,,28687.0,-47.37
,,25400,-41.68,,28742.0,-44.6278
,,25420,-41.27,,28789.0,-41.845
,,25440,-41.3,,28836.0,-41.7226
,,25460,-41.31,,28881.0,-40.3771
,,25480,-42.47,,28929.0,-40.163
,,25500,-40.97,,28979.0,-39.0725
,,25520,-43.22,,29028.0,-41.7125
,,25540,-41.55,,29071.0,-44.6584
,,25560,-42.79,,29125.0,-48.7361
,,25580,-42.32,,29187.0,-50.5404
,,25600,-42.79,,29253.0,-50.948
,,25620,-43.48,,29315.0,-50.0511
,,25640,-42.93,,29375.0,-50.53
,,25660,-42.82,,29437.0,-50.8462
,,25680,-43.13,,29506.0,-51.478
,,25700,-43.31,,29586.0,-51.7226
,,25720,-41.59,,29662.0,-52.5994
,,25740,-41.1,,29744.0,-53.5933
,,25760,-42.26,,29817.0,-53.048
,,25780,-40.86,,29878.0,-53.2621
,,25800,-42.38,,29938.0,-53.3028
,,25820,-40.4,,30005.0,-53.1905
,,25840,-39.28,,30070.0,-52.3954
,,25860,-43.05,,30140.0,-53.0786
,,25880,-40.83,,30206.0,-52.8746
,,25900,-40.92,,30271.0,-52.3648
,,25920,-40.44,,30336.0,-51.0092
,,25940,-41.53,,30401.0,-50.8969
,,25960,-41.84,,30468.0,-50.1734
,,25980,-42.69,,30536.0,-49.2049
,,26000,-40.81,,30596.0,-49.3884
,,26020,-40.96,,30657.0,-49.6535
,,26040,-41.86,,30721.0,-51.5596
,,26060,-41.16,,30783.0,-51.7532
,,26080,-42.88,,30852.0,-52.5587
,,26100,-40.64,,30914.0,-52.1814
,,26120,-40.9,,30980.0,-51.2743
,,26140,-40.5,,31046.0,-51.4884
,,26160,-39.5,,31113.0,-51.4985
,,26180,-39.5,,31178.0,-52.3343
,,26200,-38.76,,31241.0,-52.5177
,,26220,-40.98,,31305.0,-52.0489
,,26240,-41.5,,31369.0,-52.2324
,,26260,-40.55,,31433.0,-51.4985
,,26280,-41.21,,31497.0,-51.6921
,,26300,-39.83,,31559.0,-51.0193
,,26320,-41.22,,31619.0,-50.1018
,,26340,-40.46,,31681.0,-48.6544
,,26360,-40.33,,31746.0,-47.3599
,,26380,-41.15,,31806.0,-46.3609
,,26400,-41.31,,31866.0,-44.9236
,,26420,-41.58,,31926.0,-43.9655
,,26440,-40.86,,31981.0,-42.8034
,,26460,-40.56,,32041.0,-42.3752
,,26480,-40.95,,32099.0,-41.3661
,,26500,-41.21,,32161.0,-40.9581
,,26520,-41.19,,32221.0,-40.6933
,,26540,-41.25,,32283.0,-41.6309
,,26560,-40.56,,32346.0,-45.0459
,,26580,-40.44,,32410.0,-48.0327
,,26600,-40.55,,32476.0,-50.8868
,,26620,-40.63,,32544.0,-51.3661
,,26640,-41.4,,32609.0,-52.1612
,,26660,-40.63,,32676.0,-52.2936
,,26680,-41.41,,32745.0,-53.048
,,26700,-42.08,,32815.0,-53.2416
,,26720,-41.71,,32883.0,-53.048
,,26740,-39.98,,32951.0,-52.844
,,26760,-41.34,,33019.0,-51.2844
,,26780,-41.49,,33082.0,-48.9196
,,26800,-40.39,,33151.0,-45.6269
,,26820,-41.07,,33220.0,-43.945
,,26840,-40.17,,33289.0,-43.1092
,,26860,-40.63,,33357.0,-42.9664
,,26880,-39.37,,33425.0,-42.8034
,,26900,-39.92,,33493.0,-41.6309
,,26920,-39.54,,33558.0,-40.8868
,,26940,-40.04,,33625.0,-43.1398
,,26960,-39.68,,33691.0,-46.952
,,26980,-41.04,,33759.0,-49.6229
,,27000,-41.16,,33829.0,-49.3373
,,27020,-41.69,,33894.0,-49.1844
,,27040,-42.37,,33960.0,-49.3272
,,27060,-40.55,,34026.0,-49.6229
,,27080,-40.92,,34092.0,-49.4801
,,27100,-39.75,,34158.0,-50.163
,,27120,-40.25,,34224.0,-50.4893
,,27140,-40.58,,34284.0,-50.948
,,27160,-40.61,,34348.0,-50.3875
,,27180,-39.61,,34415.0,-50.6422
,,27200,-39.75,,34474.0,-49.1642
,,27220,-41.26,,34534.0,-47.8798
,,27240,-42.21,,34584.0,-45.7798
,,27260,-40.54,,34629.0,-45.3416
,,27280,-41.46,,34685.0,-45.2599
,,27300,-41.28,,34733.0,-45.4434
,,27320,-39.75,,34782.0,-45.5658
,,27340,-41.06,,34830.0,-44.3119
,,27360,-42.04,,34879.0,-43.3333
,,27380,-40.61,,34922.0,-41.9572
,,27400,-42.6,,34965.0,-41.3661
,,27420,-42.23,,35010.0,-40.8156
,,27440,-41.06,,35058.0,-41.2639
,,27460,-41.15,,35100.0,-41.2743
,,27480,999999.0,,35141.0,-40.9991
,,27500,999999.0,,35185.0,-40.1122
,,27520,999999.0,,35223.0,-40.2853
,,27540,999999.0,,35270.0,-41.4168
,,27560,999999.0,,35308.0,-45.0153
,,27580,-39.3,,35362.0,-48.5728
,,27600,-38.85,,35423.0,-50.5098
,,27620,-38.5,,35485.0,-50.8563
,,27640,-38.55,,35547.0,-50.9379
,,27660,-37.44,,35609.0,-51.2232
,,27680,-38.45,,35671.0,-52.5587
,,27700,-38.65,,35744.0,-52.8339
,,27720,-37.66,,35808.0,-52.9969
,,27740,-37.45,,35865.0,-51.5086
,,27760,-37.23,,35923.0,-51.2232
,,27780,-37.14,,35981.0,-51.6208
,,27800,-37.41,,36044.0,-51.3661
,,27820,-37.58,,36099.0,-50.7645
,,27840,-37.12,,36154.0,-50.3159
,,27860,-37.6,,36209.0,-49.1336
,,27880,-39.5,,36264.0,-47.1765
,,27900,-40.53,,36312.0,-45.2089
,,27920,-41.38,,36366.0,-44.4648
,,27940,-40.76,,36414.0,-43.8125
,,27960,-40.63,,36464.0,-44.6994
,,27980,-41.05,,36519.0,-45.4229
,,28000,-40.93,,36574.0,-46.6361
,,28020,-41.3,,36629.0,-46.4119
,,28040,-40.62,,36690.0,-45.5758
,,28060,-39.29,,36747.0,-44.9746
,,28080,-40.9,,36807.0,-43.1498
,,28100,-42.47,,36860.0,-42.1612
,,28120,-41.35,,36912.0,-41.5902
,,28140,-42.12,,36965.0,-41.2844
,,28160,-42.71,,37019.0,-41.5086
,,28180,-41.59,,37073.0,-41.6208
,,28200,-42.6,,37127.0,-41.5697
,,28220,-41.39,,37181.0,-41.1009
,,28240,-40.68,,37230.0,-40.3771
,,28260,-40.02,,37285.0,-40.3058
,,28280,-39.93,,37342.0,-40.581
,,28300,-41.96,,37397.0,-40.6217
,,28320,-41.04,,37452.0,-40.6829
,,28340,-43.12,,37507.0,-40.53
,,28360,-41.01,,37557.0,-40.4382
,,28380,-41.47,,37612.0,-39.9694
,,28400,-41.32,,37668.0,-39.0009
,,28420,-42.29,,37722.0,-38.8685
,,28440,-41.85,,37779.0,-38.8991
,,28460,-40.09,,37842.0,-39.215
,,28480,-41.09,,37905.0,-39.1132
,,28500,-42.13,,37968.0,-39.3578
,,28520,-41.35,,38031.0,-39.3578
,,28540,-42.65,,38100.0,-38.6443
,,28560,-41.46,,38170.0,-37.9817
,,28580,-41.76,,38239.0,-37.4924
,,28600,-40.09,,38307.0,-37.319
,,28620,-41.5,,38358.0,-37.7982
,,28640,-41.14,,38413.0,-41.0908
,,28660,-41.45,,38470.0,-44.5667
,,28680,-41.1,,38537.0,-48.2263
,,28700,-38.74,,38603.0,-48.9092
,,28720,-38.84,,38677.0,-49.7758
,,28740,-39.7,,38749.0,-49.9899
,,28760,-38.03,,38831.0,-50.2599
,,28780,-37.87,,38909.0,-51.0602
,,28800,-38.75,,38990.0,-51.3303
,,28820,-38.49,,39064.0,-51.0297
,,28840,-37.95,,39142.0,-50.7239
,,28860,-39.48,,39221.0,-50.8052
,,28880,-39.31,,39302.0,-50.4587
,,28900,-37.93,,39385.0,-50.4434
,,28920,-37.23,,39469.0,-49.9083
,,28940,-36.93,,39551.0,-50.6575
,,28960,-37.69,,39630.0,-51.9367
,,28980,-38.46,,39716.0,-51.9878
,,29000,-37.21,,39809.0,-51.0703
,,29020,-38.24,,39890.0,-50.9633
,,29040,-38.96,,39971.0,-50.3976
,,29060,-40.16,,40044.0,-48.1346
,,29080,-40.6,,40106.0,-46.0651
,,29100,-40.66,,40172.0,-44.1284
,,29120,-40.39,,40232.0,-45.311
,,29140,-40.16,,40288.0,-46.6361
,,29160,-41.64,,40357.0,-48.1346
,,29180,-41.86,,40409.0,-48.1856
,,29200,-41.45,,40460.0,-48.5832
,,29220,-42.15,,40506.0,-49.3783
,,29240,-42.66,,40558.0,-49.2761
,,29260,-41.46,,40600.0,-50.7239
,,29280,-42.21,,40644.0,-49.8777
,,29300,-41.68,,40687.0,-49.4902
,,29320,-40.82,,40726.0,-47.4924
,,29340,-39.73,,40775.0,-45.9428
,,29360,-41.29,,40819.0,-44.0673
,,29380,-41.64,,40861.0,-42.793
,,29400,-42.4,,40903.0,-43.007
,,29420,-42.59,,40954.0,-43.415
,,29440,-41.65,,41002.0,-43.0887
,,29460,-41.95,,41047.0,-42.1508
,,29480,-40.36,,41084.0,-40.9174
,,29500,-40.93,,41129.0,-40.2957
,,29520,-41.64,,41170.0,-42.0284
,,29540,-42.55,,41210.0,-44.944
,,29560,-41.74,,41261.0,-48.2263
,,29580,-42.12,,41312.0,-49.2661
,,29600,-40.23,,41363.0,-49.9694
,,29620,-42.75,,41419.0,-50.4281
,,29640,-43.35,,41471.0,-50.9275
,,29660,-43.77,,41535.0,-51.1927
,,29680,-43.61,,41582.0,-51.2437
,,29700,-42.04,,41634.0,-49.8165
,,29720,-42.62,,41683.0,-47.4413
,,29740,-43.52,,41733.0,-45.5453
,,29760,-42.43,,41783.0,-45.1275
,,29780,-42.76,,41840.0,-45.678
,,29800,-41.69,,41895.0,-45.4434
,,29820,-41.45,,41946.0,-45.0153
,,29840,-42.17,,42002.0,-43.782
,,29860,-41.69,,42052.0,-42.5688
,,29880,-42.33,,42100.0,-41.4578
,,29900,-42.68,,42153.0,-41.3456
,,29920,-42.17,,42196.0,-41.6208
,,29940,-42.47,,42246.0,-41.478
,,29960,-43.45,,42296.0,-40.8462
,,29980,-42.43,,42347.0,-40.4486
,,30000,-41.99,,42390.0,-40.1223
,,30020,-43.25,,42431.0,-40.8052
,,30040,-42.77,,42479.0,-40.581
,,30060,-40.91,,42524.0,-41.5291
,,30080,-43.43,,42572.0,-44.2303
,,30100,-42.34,,42619.0,-48.0529
,,30120,-42.33,,42686.0,-51.2437
,,30140,-42.77,,42751.0,-52.0284
,,30160,-42.38,,42814.0,-51.8349
,,30180,-43.53,,42877.0,-51.3761
,,30200,-42.72,,42943.0,-50.8257
,,30220,-43.18,,43005.0,-50.6321
,,30240,-41.17,,43069.0,-50.6829
,,30260,-41.33,,43123.0,-50.3465
,,30280,-42.03,,43180.0,-49.582
,,30300,-41.88,,43241.0,-47.2988
,,30320,-41.45,,43295.0,-44.8725
,,30340,-41.09,,43343.0,-43.2621
,,30360,-40.76,,43394.0,-44.3731
,,30380,-41.7,,43451.0,-45.3517
,,30400,-42.53,,43515.0,-46.0346
,,30420,-42.65,,43570.0,-45.4841
,,30440,-42.98,,43631.0,-45.4333
,,30460,-41.89,,43687.0,-45.1376
,,30480,-41.78,,43748.0,-45.3823
,,30500,-42.51,,43808.0,-44.9236
,,30520,-41.71,,43863.0,-44.3731
,,30540,-40.64,,43925.0,-43.5679
,,30560,-41.55,,43982.0,-43.5985
,,30580,-41.22,,44041.0,-44.1489
,,30600,-41.32,,44093.0,-44.0774
,,30620,-40.8,,44149.0,-43.3128
,,30640,-41.82,,44202.0,-42.263
,,30660,-41.95,,44248.0,-41.5596
,,30680,-42.39,,44294.0,-41.0398
,,30700,-40.43,,44337.0,-40.5505
,,30720,-41.68,,44382.0,-40.367
,,30740,-42.15,,44431.0,-40.367
,,30760,-43.52,,44477.0,-40.7239
,,30780,-43.4,,44530.0,-40.3058
,,30800,-43.14,,44580.0,-40.2346
,,30820,-41.84,,44621.0,-39.8471
,,30840,-41.99,,44667.0,-39.837
,,30860,-42.56,,44714.0,-39.8266
,,30880,-43.63,,44755.0,-39.2866
,,30900,-42.68,,44799.0,-39.0214
,,30920,-41.96,,44843.0,-38.6034
,,30940,-42.1,,44888.0,-38.522
,,30960,-42.54,,44933.0,-37.9511
,,30980,-42.58,,44979.0,-37.8593
,,31000,-42.17,,45025.0,-38.0939
,,31020,-41.85,,45066.0,-37.8187
,,31040,-40.06,,45145.0,-37.5382
,,31060,-41.21,,45189.0,-37.1177
,,31080,-41.94,,45189.0,-37.4517
,,31100,-42.52,,45235.0,-36.9419
,,31120,-42.82,,45277.0,-36.3914
,,31140,-42.45,,45321.0,-35.8003
,,31160,-42.71,,45398.0,-39.2049
,,31180,-42.72,,45440.0,-42.5306
,,31200,-42.27,,45440.0,-44.8523
,,31220,-41.97,,45500.0,-49.0927
,,31240,-40.97,,45558.0,-49.3578
,,31260,-42.69,,45623.0,-48.9703
,,31280,-42.1,,45693.0,-48.2364
,,31300,-42.31,,45759.0,-47.941
,,31320,-42.82,,45825.0,-47.9205
,,31340,-42.77,,45897.0,-48.889
,,31360,-41.46,,45977.0,-49.1232
,,31380,-42.3,,46062.0,-49.5872
,,31400,-43.21,,46153.0,-49.1896
,,31420,-43.06,,46232.0,-49.5312
,,31440,-40.98,,46312.0,-49.6535
,,31460,-42.24,,46401.0,-49.2966
,,31480,-42.57,,46482.0,-47.4924
,,31500,-42.17,,46569.0,-44.7554
,,31520,-40.98,,46638.0,-45.1376
,,31540,-42.04,,46702.0,-45.311
,,31560,-41.48,,46759.0,-44.2508
,,31580,-42.57,,46826.0,-43.1905
,,31600,-42.07,,46892.0,-42.1713
,,31620,-42.74,,46949.0,-41.7942
,,31640,-40.9,,47004.0,-42.7728
,,31660,-40.84,,47064.0,-42.8645
,,31680,-40.87,,47124.0,-42.5483
,,31700,-39.74,,47184.0,-42.2936
,,31720,-41.05,,47230.0,-44.7196
,,31740,-40.29,,47283.0,-46.7789
,,31760,-40.08,,47345.0,-47.4618
,,31780,-39.09,,47429.0,-46.6667
,,31800,-40.87,,47504.0,-44.4037
,,31820,-39.24,,47567.0,-43.9245
,,31840,-39.86,,47626.0,-44.4037
,,31860,-39.31,,47687.0,-45.2294
,,31880,-39.59,,47742.0,-45.1376
,,31900,-39.15,,47805.0,-44.7502
,,31920,-40.29,,47868.0,-44.9642
,,31940,-37.85,,47930.0,-44.9031
,,31960,-39.48,,47992.0,-44.8012
,,31980,-40.18,,48059.0,-44.2713
,,32000,-37.7,,48121.0,-44.1489
,,32020,-39.01,,48189.0,-44.0266
,,32040,-38.47,,48251.0,-43.6391
,,32060,-39.48,,48317.0,-43.6798
,,32080,-38.83,,48377.0,-43.996
,,32100,-38.34,,48438.0,-44.2609
,,32120,-38.8,,48499.0,-44.3731
,,32140,-37.57,,48570.0,-44.2713
,,32160,-37.75,,48638.0,-44.1896
,,32180,-37.92,,48709.0,-44.0266
,,32200,-38.54,,48769.0,-43.792
,,32220,-37.28,,48833.0,-43.1905
,,32240,-38.32,,48901.0,-42.8135
,,32260,-38.92,,48964.0,-42.8847
,,32280,-38.24,,49026.0,-43.5881
,,32300,-37.64,,49095.0,-43.7514
,,32320,-38.88,,49167.0,-43.1498
,,32340,-39.62,,49228.0,-41.6921
,,32360,-41.13,,49293.0,-41.4373
,,32380,-41.45,,49358.0,-41.3661
,,32400,-41.22,,49418.0,-41.5596
,,32420,-42.65,,49470.0,-41.4679
,,32440,-40.79,,49521.0,-41.152
,,32460,-41.93,,49579.0,-41.0297
,,32480,-41.82,,49635.0,-40.6523
,,32500,-41.43,,49690.0,-40.4792
,,32520,-41.21,,49746.0,-40.5505
,,32540,-42.12,,49806.0,-40.2651
,,32560,-44.07,,49868.0,-40.1018
,,32580,-41.67,,49922.0,-39.8165
,,32600,-42.12,,49981.0,-39.9694
,,32620,-42.39,,,
,,32640,-42.91,,,
,,32660,-43.56,,,
,,32680,-42.02,,,
,,32700,-41.18,,,
,,32720,-42.5,,,
,,32740,-42.8,,,
,,32760,-41.82,,,
,,32780,-41.89,,,
,,32800,-43.04,,,
,,32820,-43.05,,,
,,32840,-42.76,,,
,,32860,-41.39,,,
,,32880,-42.31,,,
,,32900,-43.1,,,
,,32920,-42.34,,,
,,32940,-41.87,,,
,,32960,-42.76,,,
,,32980,-43.29,,,
,,33000,-44.09,,,
,,33020,-43.34,,,
,,33040,-42.4,,,
,,33060,-42.2,,,
,,33080,-40.5,,,
,,33100,-40.99,,,
,,33120,-39.97,,,
,,33140,-39.95,,,
,,33160,-39.91,,,
,,33180,-39.12,,,
,,33200,-39.51,,,
,,33220,-39.07,,,
,,33240,-40.0,,,
,,33260,-38.62,,,
,,33280,-38.98,,,
,,33300,-38.64,,,
,,33320,-40.05,,,
,,33340,-37.99,,,
,,33360,-37.98,,,
,,33380,-39.54,,,
,,33400,-39.25,,,
,,33420,-38.97,,,
,,33440,-39.11,,,
,,33460,-39.24,,,
,,33480,-38.96,,,
,,33500,-38.64,,,
,,33520,-38.12,,,
,,33540,-37.63,,,
,,33560,-37.87,,,
,,33580,-38.1,,,
,,33600,-38.17,,,
,,33620,-39.12,,,
,,33640,-39.62,,,
,,33660,-41.75,,,
,,33680,-40.71,,,
,,33700,-40.15,,,
,,33720,-41.52,,,
,,33740,-41.04,,,
,,33760,-41.14,,,
,,33780,-41.21,,,
,,33800,-41.9,,,
,,33820,-42.38,,,
,,33840,-40.66,,,
,,33860,-41.95,,,
,,33880,-41.22,,,
,,33900,-42.32,,,
,,33920,-41.54,,,
,,33940,-43.33,,,
,,33960,-40.97,,,
,,33980,-41.36,,,
,,34000,-41.78,,,
,,34020,-40.64,,,
,,34040,-40.4,,,
,,34060,-41.35,,,
,,34080,-42.17,,,
,,34100,-41.19,,,
,,34120,-41.5,,,
,,34140,-42.31,,,
,,34160,-41.53,,,
,,34180,-42.75,,,
,,34200,-41.25,,,
,,34220,-41.69,,,
,,34240,-42.86,,,
,,34260,-41.24,,,
,,34280,-43.24,,,
,,34300,-42.34,,,
,,34320,-41.31,,,
,,34340,-42.02,,,
,,34360,-42.38,,,
,,34380,-41.17,,,
,,34400,-42.21,,,
,,34420,-42.25,,,
,,34440,-41.79,,,
,,34460,-41.48,,,
,,34480,-42.26,,,
,,34500,-41.61,,,
,,34520,-40.26,,,
,,34540,-39.66,,,
,,34560,-38.92,,,
,,34580,-38.93,,,
,,34600,-39.78,,,
,,34620,-39.67,,,
,,34640,-39.44,,,
,,34660,-39.81,,,
,,34680,-39.11,,,
,,34700,-39.72,,,
,,34720,-40.28,,,
,,34740,-39.61,,,
,,34760,-40.2,,,
,,34780,-40.57,,,
,,34800,-40.82,,,
,,34820,-40.2,,,
,,34840,-39.01,,,
,,34860,-38.95,,,
,,34880,-38.93,,,
,,34900,-38.72,,,
,,34920,-39.31,,,
,,34940,-39.31,,,
,,34960,-38.07,,,
,,34980,-38.44,,,
,,35000,-38.22,,,
,,35020,-38.94,,,
,,35040,-37.55,,,
,,35060,-38.68,,,
,,35080,-38.71,,,
,,35100,-39.06,,,
,,35120,-37.71,,,
,,35140,-38.67,,,
,,35160,-38.17,,,
,,35180,-37.87,,,
,,35200,-38.48,,,
,,35220,-38.04,,,
,,35240,-37.44,,,
,,35260,-38.79,,,
,,35280,-38.57,,,
,,35300,-38.72,,,
,,35320,-40.32,,,
,,35340,-41.15,,,
,,35360,-41.07,,,
,,35380,-41.78,,,
,,35400,-41.43,,,
,,35420,-42.55,,,
,,35440,-42.75,,,
,,35460,-40.94,,,
,,35480,-40.48,,,
,,35500,-41.43,,,
,,35520,-42.29,,,
,,35540,-42.17,,,
,,35560,-42.27,,,
,,35580,-42.69,,,
,,35600,-42.35,,,
,,35620,-41.61,,,
,,35640,-41.13,,,
,,35660,-42.61,,,
,,35680,-40.75,,,
,,35700,-41.33,,,
,,35720,-43.09,,,
,,35740,-44.65,,,
,,35760,-43.53,,,
,,35780,-43.97,,,
,,35800,-42.63,,,
,,35820,-40.61,,,
,,35840,-42.17,,,
,,35860,-40.98,,,
,,35880,-42.14,,,
,,35900,-41.24,,,
,,35920,-42.27,,,
,,35940,-41.85,,,
,,35960,-41.38,,,
,,35980,-42.1,,,
,,36000,-42.25,,,
,,36020,-41.11,,,
,,36040,-41.95,,,
,,36060,-42.48,,,
,,36080,-41.12,,,
,,36100,-40.66,,,
,,36120,-41.59,,,
,,36140,-41.99,,,
,,36160,-41.77,,,
,,36180,-41.91,,,
,,36200,-41.62,,,
,,36220,-41.1,,,
,,36240,-40.36,,,
,,36260,-39.93,,,
,,36280,-39.32,,,
,,36300,-39.57,,,
,,36320,-38.89,,,
,,36340,-38.93,,,
,,36360,-40.35,,,
,,36380,-40.21,,,
,,36400,-39.15,,,
,,36420,-39.5,,,
,,36440,-37.59,,,
,,36460,-39.33,,,
,,36480,-40.21,,,
,,36500,-40.24,,,
,,36520,-40.15,,,
,,36540,-40.91,,,
,,36560,-41.34,,,
,,36580,-40.68,,,
,,36600,-39.81,,,
,,36620,-40.31,,,
,,36640,-40.72,,,
,,36660,-40.8,,,
,,36680,-41.81,,,
,,36700,-39.81,,,
,,36720,-39.61,,,
,,36740,-38.93,,,
,,36760,-38.75,,,
,,36780,-40.76,,,
,,36800,-39.03,,,
,,36820,-38.63,,,
,,36840,-38.73,,,
,,36860,-38.27,,,
,,36880,-38.66,,,
,,36900,-38.57,,,
,,36920,-38.43,,,
,,36940,-38.16,,,
,,36960,-40.28,,,
,,36980,-38.72,,,
,,37000,-37.73,,,
,,37020,-38.67,,,
,,37040,-38.83,,,
,,37060,999999.0,,,
,,37080,999999.0,,,
,,37100,999999.0,,,
,,37120,999999.0,,,
,,37140,-38.74,,,
,,37160,-39.12,,,
,,37180,-38.39,,,
,,37200,-39.02,,,
,,37220,-37.45,,,
,,37240,-37.92,,,
,,37260,-38.44,,,
,,37280,-38.06,,,
,,37300,-37.88,,,
,,37320,-37.8,,,
,,37340,-38.09,,,
,,37360,-38.93,,,
,,37380,-38.97,,,
,,37400,-38.84,,,
,,37420,-38.51,,,
,,37440,-38.03,,,
,,37460,-37.61,,,
,,37480,-37.66,,,
,,37500,-37.7,,,
,,37520,-38.48,,,
,,37540,-37.65,,,
,,37560,-38.23,,,
,,37580,-38.02,,,
,,37600,-37.88,,,
,,37620,-37.64,,,
,,37640,-37.48,,,
,,37660,-37.58,,,
,,37680,-38.08,,,
,,37700,-36.65,,,
,,37720,-37.22,,,
,,37740,-37.37,,,
,,37760,-38.02,,,
,,37780,-38.43,,,
,,37800,-37.7,,,
,,37820,-37.12,,,
,,37840,-37.72,,,
,,37860,-37.1,,,
,,37880,-38.79,,,
,,37900,-37.62,,,
,,37920,-37.32,,,
,,37940,-38.05,,,
,,37960,-37.77,,,
,,37980,-37.61,,,
,,38000,-36.64,,,
,,38020,-38.24,,,
,,38040,-38.18,,,
,,38060,-37.21,,,
,,38080,-38.1,,,
,,38100,-37.52,,,
,,38120,-37.64,,,
,,38140,-36.91,,,
,,38160,-37.15,,,
,,38180,-37.51,,,
,,38200,-37.67,,,
,,38220,-37.2,,,
,,38240,-37.56,,,
,,38260,-36.26,,,
,,38280,-37.56,,,
,,38300,-37.8,,,
,,38320,-37.07,,,
,,38340,-37.09,,,
,,38360,-36.5,,,
,,38380,-37.08,,,
,,38400,-37.5,,,
,,38420,-38.28,,,
,,38440,-40.08,,,
,,38460,-41.78,,,
,,38480,-41.47,,,
,,38500,-40.84,,,
,,38520,-41.52,,,
,,38540,-40.35,,,
,,38560,-42.03,,,
,,38580,-42.21,,,
,,38600,-40.67,,,
,,38620,-42.03,,,
,,38640,-42.39,,,
,,38660,-40.46,,,
,,38680,-41.39,,,
,,38700,-41.03,,,
,,38720,-41.98,,,
,,38740,-41.32,,,
,,38760,-40.61,,,
,,38780,-41.29,,,
,,38800,-42.74,,,
,,38820,-41.45,,,
,,38840,-39.77,,,
,,38860,-40.42,,,
,,38880,-41.81,,,
,,38900,-41.27,,,
,,38920,-41.19,,,
,,38940,-40.26,,,
,,38960,-41.86,,,
,,38980,-42.34,,,
,,39000,-40.87,,,
,,39020,-40.72,,,
,,39040,-41.22,,,
,,39060,-42.49,,,
,,39080,-40.6,,,
,,39100,-42.01,,,
,,39120,-40.99,,,
,,39140,-40.72,,,
,,39160,-41.99,,,
,,39180,-42.6,,,
,,39200,-41.62,,,
,,39220,-40.8,,,
,,39240,-42.26,,,
,,39260,-41.67,,,
,,39280,-41.49,,,
,,39300,-41.34,,,
,,39320,-40.67,,,
,,39340,-41.0,,,
,,39360,-41.77,,,
,,39380,-40.3,,,
,,39400,-40.55,,,
,,39420,-40.22,,,
,,39440,-40.35,,,
,,39460,-41.47,,,
,,39480,-40.82,,,
,,39500,-41.35,,,
,,39520,-42.15,,,
,,39540,-43.16,,,
,,39560,-42.78,,,
,,39580,-41.45,,,
,,39600,-41.79,,,
,,39620,-42.65,,,
,,39640,-41.77,,,
,,39660,-42.48,,,
,,39680,-41.82,,,
,,39700,-41.18,,,
,,39720,-41.53,,,
,,39740,-41.28,,,
,,39760,-41.19,,,
,,39780,-41.36,,,
,,39800,-40.9,,,
,,39820,-42.26,,,
,,39840,-42.72,,,
,,39860,-41.46,,,
,,39880,-41.56,,,
,,39900,-41.54,,,
,,39920,-42.5,,,
,,39940,-41.19,,,
,,39960,-39.71,,,
,,39980,-40.69,,,
,,40000,-42.64,,,
,,40020,-41.19,,,
,,40040,-40.44,,,
,,40060,-41.4,,,
,,40080,-39.48,,,
,,40100,-39.41,,,
,,40120,-39.43,,,
,,40140,-39.12,,,
,,40160,-38.32,,,
,,40180,-38.51,,,
,,40200,-38.34,,,
,,40220,-39.29,,,
,,40240,-40.25,,,
,,40260,-41.24,,,
,,40280,-40.14,,,
,,40300,-40.22,,,
,,40320,-40.52,,,
,,40340,-40.47,,,
,,40360,-40.1,,,
,,40380,-40.14,,,
,,40400,-39.87,,,
,,40420,-40.56,,,
,,40440,-41.93,,,
,,40460,-41.02,,,
,,40480,-41.76,,,
,,40500,-40.29,,,
,,40520,-40.03,,,
,,40540,-41.55,,,
,,40560,-40.83,,,
,,40580,-40.7,,,
,,40600,-41.69,,,
,,40620,-42.82,,,
,,40640,-41.9,,,
,,40660,-40.38,,,
,,40680,-40.6,,,
,,40700,-41.48,,,
,,40720,-40.74,,,
,,40740,-40.28,,,
,,40760,-40.13,,,
,,40780,-39.3,,,
,,40800,-38.56,,,
,,40820,-39.06,,,
,,40840,-38.93,,,
,,40860,-38.11,,,
,,40880,-38.66,,,
,,40900,-38.77,,,
,,40920,-39.22,,,
,,40940,-38.87,,,
,,40960,-39.71,,,
,,40980,-39.06,,,
,,41000,-38.73,,,
,,41020,-39.68,,,
,,41040,-37.76,,,
,,41060,-37.95,,,
,,41080,-38.4,,,
,,41100,-38.13,,,
,,41120,-38.07,,,
,,41140,-37.87,,,
,,41160,-37.79,,,
,,41180,-38.64,,,
,,41200,-40.59,,,
,,41220,-40.35,,,
,,41240,-40.79,,,
,,41260,-41.32,,,
,,41280,-41.15,,,
,,41300,-40.85,,,
,,41320,-41.22,,,
,,41340,-40.98,,,
,,41360,-40.82,,,
,,41380,-41.44,,,
,,41400,-41.71,,,
,,41420,-41.0,,,
,,41440,-40.99,,,
,,41460,-41.98,,,
,,41480,-41.31,,,
,,41500,-41.57,,,
,,41520,-41.53,,,
,,41540,-41.8,,,
,,41560,-41.58,,,
,,41580,-41.29,,,
,,41600,-41.76,,,
,,41620,-41.88,,,
,,41640,-40.64,,,
,,41660,-39.71,,,
,,41680,-39.39,,,
,,41700,-39.76,,,
,,41720,-39.23,,,
,,41740,-39.11,,,
,,41760,-40.16,,,
,,41780,-40.11,,,
,,41800,-39.6,,,
,,41820,-39.33,,,
,,41840,-38.87,,,
,,41860,-40.28,,,
,,41880,-39.91,,,
,,41900,-39.22,,,
,,41920,-40.25,,,
,,41940,-39.24,,,
,,41960,-39.74,,,
,,41980,-38.83,,,
,,42000,-38.78,,,
,,42020,-39.38,,,
,,42040,-38.58,,,
,,42060,-38.52,,,
,,42080,-38.04,,,
,,42100,-38.87,,,
,,42120,-38.22,,,
,,42140,-37.82,,,
,,42160,-38.12,,,
,,42180,-38.1,,,
,,42200,-38.84,,,
,,42220,-38.88,,,
,,42240,-38.54,,,
,,42260,-38.24,,,
,,42280,-38.17,,,
,,42300,-37.97,,,
,,42320,-38.26,,,
,,42340,-38.41,,,
,,42360,-38.46,,,
,,42380,-38.62,,,
,,42400,-37.62,,,
,,42420,-37.41,,,
,,42440,-37.74,,,
,,42460,-38.78,,,
,,42480,-38.19,,,
,,42500,-38.09,,,
,,42520,-37.97,,,
,,42540,-37.93,,,
,,42560,-38.04,,,
,,42580,-38.61,,,
,,42600,-41.57,,,
,,42620,-41.17,,,
,,42640,-41.59,,,
,,42660,-41.47,,,
,,42680,-42.13,,,
,,42700,-41.88,,,
,,42720,-41.98,,,
,,42740,-41.85,,,
,,42760,-41.28,,,
,,42780,-42.13,,,
,,42800,-42.2,,,
,,42820,-41.88,,,
,,42840,-42.31,,,
,,42860,-42.02,,,
,,42880,-41.25,,,
,,42900,-39.85,,,
,,42920,-41.58,,,
,,42940,-41.83,,,
,,42960,-41.76,,,
,,42980,-41.29,,,
,,43000,-41.16,,,
,,43020,-41.38,,,
,,43040,-42.28,,,
,,43060,-41.23,,,
,,43080,-40.66,,,
,,43100,-40.73,,,
,,43120,-40.95,,,
,,43140,-41.42,,,
,,43160,-41.3,,,
,,43180,-41.72,,,
,,43200,-41.12,,,
,,43220,-40.31,,,
,,43240,-40.15,,,
,,43260,-39.21,,,
,,43280,-38.28,,,
,,43300,-38.44,,,
,,43320,-38.54,,,
,,43340,-38.66,,,
,,43360,-38.45,,,
,,43380,-39.35,,,
,,43400,-40.16,,,
,,43420,-40.88,,,
,,43440,-40.73,,,
,,43460,-40.07,,,
,,43480,-40.01,,,
,,43500,-38.89,,,
,,43520,-39.28,,,
,,43540,-40.05,,,
,,43560,-39.88,,,
,,43580,-39.99,,,
,,43600,-39.53,,,
,,43620,-39.47,,,
,,43640,-39.82,,,
,,43660,-40.33,,,
,,43680,-39.88,,,
,,43700,-39.95,,,
,,43720,-39.85,,,
,,43740,-39.83,,,
,,43760,-38.63,,,
,,43780,-39.33,,,
,,43800,-39.93,,,
,,43820,-40.03,,,
,,43840,-39.17,,,
,,43860,-39.83,,,
,,43880,-38.21,,,
,,43900,-38.59,,,
,,43920,-38.95,,,
,,43940,-39.37,,,
,,43960,-39.68,,,
,,43980,-38.8,,,
,,44000,-38.65,,,
,,44020,-39.01,,,
,,44040,-39.54,,,
,,44060,-39.47,,,
,,44080,-39.58,,,
,,44100,-39.45,,,
,,44120,-39.32,,,
,,44140,-38.69,,,
,,44160,-38.51,,,
,,44180,-38.06,,,
,,44200,-38.68,,,
,,44220,-38.59,,,
,,44240,-38.94,,,
,,44260,-38.95,,,
,,44280,-37.78,,,
,,44300,-38.65,,,
,,44320,-38.57,,,
,,44340,-38.11,,,
,,44360,-37.97,,,
,,44380,-38.06,,,
,,44400,-38.53,,,
,,44420,-38.13,,,
,,44440,-37.31,,,
,,44460,-37.78,,,
,,44480,-38.11,,,
,,44500,-38.67,,,
,,44520,-38.42,,,
,,44540,-38.37,,,
,,44560,-38.29,,,
,,44580,-38.29,,,
,,44600,-38.29,,,
,,44620,-37.79,,,
,,44640,-38.71,,,
,,44660,-37.74,,,
,,44680,-38.02,,,
,,44700,-37.6,,,
,,44720,-38.44,,,
,,44740,-38.39,,,
,,44760,-37.55,,,
,,44780,-37.66,,,
,,44800,-37.28,,,
,,44820,-37.54,,,
,,44840,-37.42,,,
,,44860,-36.79,,,
,,44880,-37.62,,,
,,44900,-37.25,,,
,,44920,-36.88,,,
,,44940,-36.99,,,
,,44960,-36.96,,,
,,44980,-37.17,,,
,,45000,-37.44,,,
,,45020,-37.44,,,
,,45040,-38.0,,,
,,45060,-37.85,,,
,,45080,-36.35,,,
,,45100,-36.92,,,
,,45120,-36.87,,,
,,45140,-36.72,,,
,,45160,-37.67,,,
,,45180,-37.29,,,
,,45200,-36.11,,,
,,45220,-37.31,,,
,,45240,-38.16,,,
,,45260,-37.91,,,
,,45280,-36.01,,,
,,45300,-36.84,,,
,,45320,-36.66,,,
,,45340,-36.88,,,
,,45360,-36.68,,,
,,45380,-36.1,,,
,,45400,-38.9,,,
,,45420,-40.22,,,
,,45440,-41.12,,,
,,45460,-41.21,,,
,,45480,-41.15,,,
,,45500,-41.05,,,
,,45520,-41.46,,,
,,45540,-40.33,,,
,,45560,-40.0,,,
,,45580,-41.07,,,
,,45600,-41.77,,,
,,45620,-40.95,,,
,,45640,-40.6,,,
,,45660,-40.96,,,
,,45680,-40.42,,,
,,45700,-40.81,,,
,,45720,-39.74,,,
,,45740,-40.08,,,
,,45760,-40.16,,,
,,45780,-39.96,,,
,,45800,-40.77,,,
,,45820,-40.19,,,
,,45840,-40.55,,,
,,45860,-40.07,,,
,,45880,-40.73,,,
,,45900,-40.44,,,
,,45920,-40.45,,,
,,45940,-40.33,,,
,,45960,-41.24,,,
,,45980,-41.18,,,
,,46000,-41.57,,,
,,46020,-40.37,,,
,,46040,-41.47,,,
,,46060,-41.2,,,
,,46080,-40.53,,,
,,46100,-39.88,,,
,,46120,-40.81,,,
,,46140,-41.29,,,
,,46160,-39.9,,,
,,46180,-40.49,,,
,,46200,-40.86,,,
,,46220,-40.31,,,
,,46240,-41.62,,,
,,46260,-42.12,,,
,,46280,-41.33,,,
,,46300,-40.31,,,
,,46320,-41.77,,,
,,46340,-39.8,,,
,,46360,-40.96,,,
,,46380,-41.39,,,
,,46400,-41.52,,,
,,46420,-40.13,,,
,,46440,-40.4,,,
,,46460,-40.21,,,
,,46480,-40.12,,,
,,46500,-39.76,,,
,,46520,-39.22,,,
,,46540,-39.13,,,
,,46560,-39.78,,,
,,46580,-39.81,,,
,,46600,-39.75,,,
,,46620,-39.02,,,
,,46640,-40.12,,,
,,46660,-38.9,,,
,,46680,-39.69,,,
,,46700,-39.73,,,
,,46720,-38.72,,,
,,46740,-39.54,,,
,,46760,-39.43,,,
,,46780,-39.37,,,
,,46800,-39.24,,,
,,46820,-39.76,,,
,,46840,-39.42,,,
,,46860,-38.1,,,
,,46880,-38.3,,,
,,46900,-38.43,,,
,,46920,-38.26,,,
,,46940,-37.8,,,
,,46960,-38.57,,,
,,46980,-38.2,,,
,,47000,-38.47,,,
,,47020,-38.94,,,
,,47040,-40.61,,,
,,47060,-39.38,,,
,,47080,-38.99,,,
,,47100,-39.33,,,
,,47120,-39.08,,,
,,47140,-38.16,,,
,,47160,-38.52,,,
,,47180,-38.51,,,
,,47200,-38.14,,,
,,47220,-38.21,,,
,,47240,-40.09,,,
,,47260,-41.27,,,
,,47280,-40.7,,,
,,47300,-40.53,,,
,,47320,-40.72,,,
,,47340,-40.1,,,
,,47360,-39.97,,,
,,47380,-40.62,,,
,,47400,-39.53,,,
,,47420,-40.75,,,
,,47440,-40.06,,,
,,47460,-39.44,,,
,,47480,-38.63,,,
,,47500,-38.75,,,
,,47520,-38.95,,,
,,47540,-38.66,,,
,,47560,-39.16,,,
,,47580,-39.27,,,
,,47600,-39.11,,,
,,47620,-39.95,,,
,,47640,-39.91,,,
,,47660,-38.81,,,
,,47680,-39.36,,,
,,47700,-40.39,,,
,,47720,-39.76,,,
,,47740,-40.28,,,
,,47760,-39.38,,,
,,47780,-39.62,,,
,,47800,-39.72,,,
,,47820,-39.05,,,
,,47840,-38.8,,,
,,47860,-39.69,,,
,,47880,-39.07,,,
,,47900,-40.04,,,
,,47920,-39.96,,,
,,47940,-39.9,,,
,,47960,-39.07,,,
,,47980,-39.74,,,
,,48000,-39.48,,,
,,48020,-39.4,,,
,,48040,-39.1,,,
,,48060,-39.27,,,
,,48080,-38.49,,,
,,48100,-39.39,,,
,,48120,-40.22,,,
,,48140,-39.68,,,
,,48160,-39.77,,,
,,48180,-38.97,,,
,,48200,-39.38,,,
,,48220,-39.79,,,
,,48240,-38.21,,,
,,48260,-39.28,,,
,,48280,-38.53,,,
,,48300,-39.18,,,
,,48320,-39.11,,,
,,48340,-39.29,,,
,,48360,-38.41,,,
,,48380,-39.53,,,
,,48400,-39.42,,,
,,48420,-38.98,,,
,,48440,-39.75,,,
,,48460,-40.25,,,
,,48480,-40.14,,,
,,48500,-39.75,,,
,,48520,-38.5,,,
,,48540,-38.76,,,
,,48560,-38.88,,,
,,48580,-40.36,,,
,,48600,-39.3,,,
,,48620,-38.36,,,
,,48640,-40.38,,,
,,48660,-39.61,,,
,,48680,-40.01,,,
,,48700,-39.06,,,
,,48720,-38.97,,,
,,48740,-39.61,,,
,,48760,-39.31,,,
,,48780,-38.92,,,
,,48800,-39.02,,,
,,48820,-39.2,,,
,,48840,-38.41,,,
,,48860,-38.87,,,
,,48880,-39.34,,,
,,48900,-38.23,,,
,,48920,-38.28,,,
,,48940,-38.64,,,
,,48960,-38.91,,,
,,48980,-39.47,,,
,,49000,-39.44,,,
,,49020,-38.83,,,
,,49040,-38.6,,,
,,49060,-39.16,,,
,,49080,-39.61,,,
,,49100,-38.79,,,
,,49120,-39.39,,,
,,49140,-40.07,,,
,,49160,-39.44,,,
,,49180,-39.06,,,
,,49200,-39.18,,,
,,49220,-38.67,,,
,,49240,-38.45,,,
,,49260,-38.0,,,
,,49280,-37.6,,,
,,49300,-37.54,,,
,,49320,-38.53,,,
,,49340,-38.6,,,
,,49360,-39.35,,,
,,49380,-38.97,,,
,,49400,-38.9,,,
,,49420,-38.78,,,
,,49440,-37.99,,,
,,49460,-37.93,,,
,,49480,-37.98,,,
,,49500,-38.57,,,
,,49520,-38.52,,,
,,49540,-38.36,,,
,,49560,-38.66,,,
,,49580,-38.82,,,
,,49600,-38.0,,,
,,49620,-38.13,,,
,,49640,-37.66,,,
,,49660,-37.91,,,
,,49680,-38.31,,,
,,49700,-38.55,,,
,,49720,-37.81,,,
,,49740,-37.8,,,
,,49760,-37.87,,,
,,49780,-38.17,,,
,,49800,-37.99,,,
,,49820,-38.03,,,
,,49840,-37.18,,,
,,49860,-38.32,,,
,,49880,-38.7,,,
,,49900,-37.94,,,
,,49920,-37.94,,,
,,49940,-38.22,,,
,,49960,-38.4,,,
,,49980,-37.28,,,
,,50000,-37.46,,,
,,50020,-38.01,,,
,,50040,-38.23,,,
,,50060,-38.4,,,
,,50080,-37.94,,,
,,50100,-37.94,,,
,,50120,-38.03,,,
,,50140,-38.04,,,
,,50160,-38.02,,,
,,50180,-37.99,,,
,,50200,-37.99,,,
,,50220,-39.42,,,
,,50240,-39.43,,,
,,50260,-38.69,,,
,,50280,-38.11,,,
,,50300,-38.07,,,
,,50320,-38.31,,,
,,50340,-39.04,,,
,,50360,-38.69,,,
,,50380,-37.05,,,
,,50400,-37.3,,,
,,50420,-38.64,,,
,,50440,-38.24,,,
,,50460,-37.92,,,
,,50480,-37.78,,,
,,50500,-37.73,,,
,,50520,-37.52,,,
,,50540,-36.71,,,
,,50560,-36.73,,,
,,50580,-36.61,,,
,,50600,-37.52,,,
,,50620,-37.43,,,
,,50640,-37.44,,,
,,50660,-36.96,,,
,,50680,-37.54,,,
,,50700,-37.73,,,
,,50720,-37.15,,,
,,50740,-38.1,,,
,,50760,-37.9,,,
,,50780,-37.74,,,
,,50800,-37.68,,,
,,50820,-37.35,,,
,,50840,-37.91,,,
,,50860,-38.21,,,
,,50880,-37.58,,,
,,50900,-37.59,,,
,,50920,-37.81,,,
,,50940,-37.21,,,
,,50960,-38.15,,,
,,50980,-37.82,,,
,,51000,-38.13,,,
,,51020,-37.7,,,
,,51040,-37.9,,,
,,51060,-38.21,,,
,,51080,-37.71,,,
,,51100,-37.24,,,
,,51120,-36.79,,,
,,51140,-37.48,,,
,,51160,-37.03,,,
,,51180,-37.86,,,
,,51200,-36.38,,,
,,51220,-36.57,,,
,,51240,-37.89,,,
,,51260,-36.85,,,
,,51280,-36.83,,,
,,51300,-37.6,,,
,,51320,-36.85,,,
,,51340,-36.25,,,
,,51360,-37.27,,,
,,51380,-37.04,,,
,,51400,-37.07,,,
,,51420,-37.23,,,
,,51440,-36.98,,,
,,51460,-36.65,,,
,,51480,-37.44,,,
,,51500,-37.42,,,
,,51520,-36.76,,,
,,51540,-38.02,,,
,,51560,-38.19,,,
,,51580,-37.44,,,
,,51600,-37.75,,,
,,51620,-37.27,,,
,,51640,-37.23,,,
,,51660,-37.3,,,
,,51680,-36.98,,,
,,51700,-36.74,,,
,,51720,-36.4,,,
,,51740,-35.81,,,
,,51760,-36.61,,,
,,51780,-36.79,,,
,,51800,-37.16,,,
,,51820,-37.53,,,
,,51840,-35.9,,,
,,51860,-37.82,,,
,,51880,-37.69,,,
,,51900,-38.13,,,
,,51920,-38.12,,,
,,51940,-37.14,,,
,,51960,-37.21,,,
,,51980,-36.65,,,
,,52000,-37.55,,,
,,52020,-36.8,,,
,,52040,-37.78,,,
,,52060,-37.21,,,
,,52080,-36.95,,,
,,52100,-36.33,,,
,,52120,-38.24,,,
,,52140,-37.4,,,
,,52160,-36.27,,,
,,52180,-36.04,,,
,,52200,-37.35,,,
,,52220,-38.95,,,
,,52240,-39.56,,,
,,52260,-41.08,,,
,,52280,-41.17,,,
,,52300,-40.53,,,
,,52320,-40.94,,,
,,52340,-40.93,,,
,,52360,-39.93,,,
,,52380,-39.71,,,
,,52400,-40.36,,,
,,52420,-40.82,,,
,,52440,-40.36,,,
,,52460,-39.3,,,
,,52480,-39.59,,,
,,52500,-40.98,,,
,,52520,-40.85,,,
,,52540,-40.3,,,
,,52560,-40.98,,,
,,52580,-40.89,,,
,,52600,-39.95,,,
,,52620,-39.9,,,
,,52640,-39.87,,,
,,52660,-40.17,,,
,,52680,-40.56,,,
,,52700,-40.06,,,
,,52720,-39.57,,,
,,52740,-39.11,,,
,,52760,-38.86,,,
,,52780,-38.2,,,
,,52800,-36.99,,,
,,52820,-36.59,,,
,,52840,-36.07,,,
,,52860,-36.13,,,
,,52880,-38.09,,,
,,52900,-39.78,,,
,,52920,-40.08,,,
,,52940,-39.99,,,
,,52960,-40.06,,,
,,52980,-41.37,,,
,,53000,-40.34,,,
,,53020,-40.01,,,
,,53040,-40.65,,,
,,53060,-40.13,,,
,,53080,-40.01,,,
,,53100,-40.05,,,
,,53120,-40.89,,,
,,53140,-41.67,,,
,,53160,-41.79,,,
,,53180,-41.34,,,
,,53200,-39.18,,,
,,53220,-40.39,,,
,,53240,-41.35,,,
,,53260,-39.9,,,
,,53280,-39.65,,,
,,53300,-38.46,,,
,,53320,-36.52,,,
,,53340,-36.19,,,
,,53360,-37.08,,,
,,53380,-37.64,,,
,,53400,-37.37,,,
,,53420,-36.8,,,
,,53440,-36.91,,,
,,53460,-37.27,,,
,,53480,-38.16,,,
,,53500,-37.71,,,
,,53520,-37.46,,,
,,53540,-37.45,,,
,,53560,-37.58,,,
,,53580,-37.63,,,
,,53600,-37.6,,,
,,53620,-36.76,,,
,,53640,-36.87,,,
,,53660,-37.25,,,
,,53680,-38.01,,,
,,53700,-37.62,,,
,,53720,-37.69,,,
,,53740,-37.77,,,
,,53760,-37.68,,,
,,53780,-37.91,,,
,,53800,-37.84,,,
,,53820,-37.57,,,
,,53840,-36.64,,,
,,53860,-36.94,,,
,,53880,-37.44,,,
,,53900,-38.54,,,
,,53920,-39.16,,,
,,53940,-39.68,,,
,,53960,-40.25,,,
,,53980,-41.68,,,
,,54000,-41.43,,,
,,54020,-41.01,,,
,,54040,-40.18,,,
,,54060,-39.32,,,
,,54080,-40.09,,,
,,54100,-41.09,,,
,,54120,-40.27,,,
,,54140,-40.19,,,
,,54160,-39.97,,,
,,54180,-39.54,,,
,,54200,-39.79,,,
,,54220,-40.0,,,
,,54240,-40.17,,,
,,54260,-40.23,,,
,,54280,-39.74,,,
,,54300,-39.75,,,
,,54320,-40.08,,,
,,54340,-38.91,,,
,,54360,-39.87,,,
,,54380,-40.39,,,
,,54400,-40.38,,,
,,54420,-39.88,,,
,,54440,-41.18,,,
,,54460,-40.12,,,
,,54480,-39.55,,,
,,54500,-39.74,,,
,,54520,-39.04,,,
,,54540,-39.44,,,
,,54560,-39.7,,,
,,54580,-39.95,,,
,,54600,-40.19,,,
,,54620,-38.78,,,
,,54640,-39.54,,,
,,54660,-39.64,,,
,,54680,-39.53,,,
,,54700,-39.58,,,
,,54720,-39.65,,,
,,54740,-38.29,,,
,,54760,-38.1,,,
,,54780,-38.51,,,
,,54800,-38.0,,,
,,54820,-37.76,,,
,,54840,-38.54,,,
,,54860,-38.57,,,
,,54880,-37.83,,,
,,54900,-37.73,,,
,,54920,-38.2,,,
,,54940,-37.95,,,
,,54960,-37.81,,,
,,54980,-38.11,,,
,,55000,-38.9,,,
,,55020,-38.11,,,
,,55040,-37.72,,,
,,55060,-37.79,,,
,,55080,-38.84,,,
,,55100,-38.93,,,
,,55120,-39.21,,,
,,55140,-39.36,,,
,,55160,-39.29,,,
,,55180,-38.78,,,
,,55200,-38.92,,,
,,55220,-38.89,,,
,,55240,-38.76,,,
,,55260,-38.59,,,
,,55280,-38.68,,,
,,55300,-39.07,,,
,,55320,-39.45,,,
,,55340,-39.68,,,
,,55360,-39.64,,,
,,55380,-39.01,,,
,,55400,-38.66,,,
,,55420,-38.44,,,
,,55440,-38.33,,,
,,55460,-38.34,,,
,,55480,-38.16,,,
,,55500,-39.29,,,
,,55520,-39.48,,,
,,55540,-39.0,,,
,,55560,-38.29,,,
,,55580,-37.72,,,
,,55600,-39.08,,,
,,55620,-39.21,,,
,,55640,-38.97,,,
,,55660,-38.72,,,
,,55680,-37.78,,,
,,55700,-37.66,,,
,,55720,-38.7,,,
,,55740,-38.51,,,
,,55760,-37.9,,,
,,55780,-38.48,,,
,,55800,-38.74,,,
,,55820,-39.52,,,
,,55840,-37.77,,,
,,55860,-37.96,,,
,,55880,-38.21,,,
,,55900,-38.61,,,
,,55920,-38.58,,,
,,55940,-38.51,,,
,,55960,-38.34,,,
,,55980,-37.64,,,
,,56000,-38.07,,,
,,56020,-39.66,,,
,,56040,-38.52,,,
,,56060,-38.24,,,
,,56080,-37.94,,,
,,56100,-37.25,,,
,,56120,-36.61,,,
,,56140,-36.96,,,
,,56160,-37.59,,,
,,56180,-37.72,,,
,,56200,-37.86,,,
,,56220,-37.94,,,
,,56240,-37.81,,,
,,56260,-37.54,,,
,,56280,-37.47,,,
,,56300,-37.18,,,
,,56320,-36.75,,,
,,56340,-37.13,,,
,,56360,-37.39,,,
,,56380,-36.81,,,
,,56400,-36.82,,,
,,56420,-37.7,,,
,,56440,-36.6,,,
,,56460,-37.99,,,
,,56480,-37.22,,,
,,56500,-37.37,,,
,,56520,-38.56,,,
,,56540,-38.24,,,
,,56560,-37.42,,,
,,56580,-36.94,,,
,,56600,-36.85,,,
,,56620,-36.84,,,
,,56640,-37.08,,,
,,56660,-38.45,,,
,,56680,-39.92,,,
,,56700,-39.34,,,
,,56720,-40.5,,,
,,56740,-39.27,,,
,,56760,-38.47,,,
,,56780,-39.23,,,
,,56800,-38.74,,,
,,56820,-36.9,,,
,,56840,-36.01,,,
,,56860,-36.48,,,
,,56880,-36.51,,,
,,56900,-35.95,,,
,,56920,-37.67,,,
,,56940,-38.97,,,
,,56960,-41.44,,,
,,56980,-41.23,,,
,,57000,-40.68,,,
,,57020,-40.19,,,
,,57040,-40.45,,,
,,57060,-40.23,,,
,,57080,-40.27,,,
,,57100,-40.48,,,
,,57120,-40.28,,,
,,57140,-40.22,,,
,,57160,-39.56,,,
,,57180,-39.58,,,
,,57200,-40.14,,,
,,57220,-38.89,,,
,,57240,-38.28,,,
,,57260,-38.54,,,
,,57280,-37.54,,,
,,57300,-36.87,,,
,,57320,-37.06,,,
,,57340,-37.77,,,
,,57360,-38.16,,,
,,57380,-37.24,,,
,,57400,-37.41,,,
,,57420,-36.05,,,
,,57440,-37.07,,,
,,57460,-37.86,,,
,,57480,-38.04,,,
,,57500,-38.74,,,
,,57520,-38.89,,,
,,57540,-39.17,,,
,,57560,-38.09,,,
,,57580,-36.84,,,
,,57600,-37.67,,,
,,57620,-37.17,,,
,,57640,-37.51,,,
,,57660,-36.63,,,
,,57680,-36.55,,,
,,57700,-36.7,,,
,,57720,-36.78,,,
,,57740,-36.6,,,
,,57760,-36.56,,,
,,57780,-36.82,,,
,,57800,-37.19,,,
,,57820,-37.22,,,
,,57840,-35.97,,,
,,57860,-36.48,,,
,,57880,-37.21,,,
,,57900,-38.73,,,
,,57920,-40.51,,,
,,57940,-40.39,,,
,,57960,-40.19,,,
,,57980,-40.07,,,
,,58000,-40.73,,,
,,58020,-41.05,,,
,,58040,-40.53,,,
,,58060,-40.04,,,
,,58080,-40.63,,,
,,58100,-38.63,,,
,,58120,-38.67,,,
,,58140,-38.35,,,
,,58160,-36.45,,,
,,58180,-36.15,,,
,,58200,-36.29,,,
,,58220,-36.72,,,
,,58240,-36.13,,,
,,58260,-35.93,,,
,,58280,-36.75,,,
,,58300,-35.94,,,
,,58320,-38.77,,,
,,58340,-39.66,,,
,,58360,-40.5,,,
,,58380,-40.7,,,
,,58400,-39.87,,,
,,58420,-40.99,,,
,,58440,-41.56,,,
,,58460,-41.08,,,
,,58480,-40.96,,,
,,58500,-40.9,,,
,,58520,-40.33,,,
,,58540,-39.87,,,
,,58560,-41.53,,,
,,58580,-40.83,,,
,,58600,-40.28,,,
,,58620,-40.77,,,
,,58640,-42.39,,,
,,58660,-42.02,,,
,,58680,-41.16,,,
,,58700,-41.62,,,
,,58720,-41.56,,,
,,58740,-40.93,,,
,,58760,-40.55,,,
,,58780,-41.29,,,
,,58800,-41.63,,,
,,58820,-41.48,,,
,,58840,-41.46,,,
,,58860,-41.72,,,
,,58880,-42.02,,,
,,58900,-41.45,,,
,,58920,-40.59,,,
,,58940,-40.33,,,
,,58960,-40.31,,,
,,58980,-40.34,,,
,,59000,-40.43,,,
,,59020,-40.21,,,
,,59040,-40.67,,,
,,59060,-40.66,,,
,,59080,-39.43,,,
,,59100,-41.09,,,
,,59120,-40.48,,,
,,59140,-40.29,,,
,,59160,-40.42,,,
,,59180,-40.13,,,
,,59200,-39.73,,,
,,59220,-40.31,,,
,,59240,-40.82,,,
,,59260,-40.73,,,
,,59280,-40.93,,,
,,59300,-40.72,,,
,,59320,-40.87,,,
,,59340,-41.19,,,
,,59360,-40.97,,,
,,59380,-41.56,,,
,,59400,-41.28,,,
,,59420,-40.8,,,
,,59440,-40.34,,,
,,59460,-41.02,,,
,,59480,-41.02,,,
,,59500,-41.03,,,
,,59520,-41.08,,,
,,59540,-41.26,,,
,,59560,-41.85,,,
,,59580,-41.0,,,
,,59600,-40.67,,,
,,59620,-41.79,,,
,,59640,-40.67,,,
,,59660,-39.94,,,
,,59680,-39.79,,,
,,59700,-40.03,,,
,,59720,-39.8,,,
,,59740,-41.87,,,
,,59760,-41.77,,,
,,59780,-41.29,,,
,,59800,-40.94,,,
,,59820,-39.98,,,
,,59840,-40.62,,,
,,59860,-41.29,,,
,,59880,-41.57,,,
,,59900,-39.92,,,
,,59920,-40.84,,,
,,59940,-40.94,,,
,,59960,-40.51,,,
,,59980,-39.53,,,
,,60000,-42.66,,,
,,60020,-41.76,,,
,,60040,-41.33,,,
,,60060,-41.27,,,
,,60080,-41.53,,,
,,60100,-41.5,,,
,,60120,-40.93,,,
,,60140,-40.9,,,
,,60160,-41.85,,,
,,60180,-39.9,,,
,,60200,-39.9,,,
,,60220,-40.35,,,
,,60240,-40.97,,,
,,60260,-41.19,,,
,,60280,-40.65,,,
,,60300,-40.94,,,
,,60320,-41.71,,,
,,60340,-40.91,,,
,,60360,-41.16,,,
,,60380,-41.35,,,
,,60400,-41.48,,,
,,60420,-40.83,,,
,,60440,-40.68,,,
,,60460,-40.72,,,
,,60480,-41.81,,,
,,60500,-41.66,,,
,,60520,-41.82,,,
,,60540,-42.41,,,
,,60560,-42.09,,,
,,60580,-41.87,,,
,,60600,-41.75,,,
,,60620,-42.19,,,
,,60640,-41.7,,,
,,60660,-41.44,,,
,,60680,-41.28,,,
,,60700,-42.13,,,
,,60720,-41.74,,,
,,60740,-41.65,,,
,,60760,-42.65,,,
,,60780,-41.55,,,
,,60800,-41.53,,,
,,60820,-41.89,,,
,,60840,-41.34,,,
,,60860,-40.99,,,
,,60880,-40.92,,,
,,60900,-41.32,,,
,,60920,-41.72,,,
,,60940,-41.6,,,
,,60960,-41.39,,,
,,60980,-41.42,,,
,,61000,-42.06,,,
,,61020,-42.05,,,
,,61040,-41.44,,,
,,61060,-41.28,,,
,,61080,-41.69,,,
,,61100,-42.07,,,
