short_name,depth (m),age (cal yr BP),d18O (permil),comments
GRIP,13.6,-20,-35.13,"* age values originally refered to bottom of each 20 yr time interval, e.g. 10 yr BP refers to 0-10 yr BP"
,21.43,0,-35.55,adjusted to mid points (NM)
,28.23,20,-35.16,
,34.68,40,-35.59,
,40.93,60,-35.24,
,46.8,80,-35.31,
,52.4,100,-34.79,
,57.83,120,-35.14,
,63.08,140,-35.39,
,68.23,160,-34.93,
,73.23,180,-35.56,
,78.45,200,-35.11,
,83.5,220,-35.11,
,88.15,240,-35.41,
,92.98,260,-35.63,
,97.75,280,-34.9,
,102.55,300,-35.43,
,106.98,320,-35.19,
,111.5,340,-35.29,
,116.15,360,-34.97,
,120.53,380,-35.17,
,125.1,400,-35.08,
,129.58,420,-35.02,
,134.25,440,-34.99,
,138.83,460,-35.56,
,143.13,480,-35.3,
,147.63,500,-34.87,
,152.3,520,-35.71,
,157.0,540,-34.98,
,161.48,560,-35.39,
,165.63,580,-35.84,
,170.05,600,-35.74,
,174.45,620,-35.58,
,178.75,640,-35.18,
,182.83,660,-35.14,
,187.1,680,-35.5,
,191.25,700,-35.56,
,195.25,720,-34.85,
,199.48,740,-35.32,
,203.68,760,-35.5,
,208.0,780,-35.52,
,212.33,800,-35.71,
,216.48,820,-35.15,
,220.88,840,-36.02,
,225.15,860,-35.1,
,229.05,880,-35.33,
,233.38,900,-35.46,
,237.68,920,-35.29,
,241.58,940,-35.29,
,245.98,960,-35.61,
,250.48,980,-34.56,
,254.88,1000,-34.87,
,259.1,1020,-35.09,
,263.28,1040,-34.9,
,267.53,1060,-35.5,
,271.73,1080,-35.5,
,275.73,1100,-35.41,
,280.1,1120,-35.07,
,284.13,1140,-35.6,
,288.18,1160,-35.01,
,292.38,1180,-34.94,
,296.73,1200,-34.39,
,300.95,1220,-35.14,
,304.95,1240,-35.11,
,308.65,1260,-35.44,
,312.7,1280,-35.26,
,316.8,1300,-35.06,
,321.03,1320,-35.16,
,325.25,1340,-35.1,
,329.38,1360,-35.47,
,333.43,1380,-35.4,
,337.73,1400,-34.8,
,341.75,1420,-35.62,
,346.15,1440,-35.67,
,350.33,1460,-35.68,
,354.18,1480,-35.14,
,358.23,1500,-35.1,
,362.15,1520,-35.16,
,366.15,1540,-34.86,
,370.23,1560,-34.99,
,374.28,1580,-34.95,
,378.1,1600,-35.62,
,382.18,1620,-35.28,
,386.33,1640,-35.22,
,390.0,1660,-35.48,
,394.0,1680,-35.09,
,398.0,1700,-35.18,
,401.7,1720,-35.43,
,405.78,1740,-35.34,
,409.65,1760,-35.15,
,413.5,1780,-35.65,
,417.6,1800,-34.92,
,421.43,1820,-35.18,
,425.03,1840,-34.75,
,429.03,1860,-34.86,
,433.15,1880,-34.56,
,436.98,1900,-34.96,
,441.1,1920,-34.71,
,445.0,1940,-35.16,
,449.03,1960,-35.03,
,453.1,1980,-34.57,
,457.08,2000,-35.59,
,460.85,2020,-35.44,
,464.78,2040,-34.9,
,468.48,2060,-34.8,
,472.38,2080,-35.66,
,476.33,2100,-34.81,
,480.05,2120,-34.96,
,483.5,2140,-35.4,
,487.28,2160,-35.5,
,490.95,2180,-34.82,
,494.75,2200,-34.53,
,498.55,2220,-34.57,
,502.25,2240,-34.93,
,505.85,2260,-35.09,
,509.58,2280,-35.49,
,513.15,2300,-34.98,
,516.88,2320,-35.01,
,520.68,2340,-34.65,
,524.35,2360,-34.41,
,527.9,2380,-35.45,
,531.48,2400,-34.7,
,535.15,2420,-35.09,
,538.65,2440,-34.74,
,542.38,2460,-35.06,
,545.85,2480,-34.07,
,549.65,2500,-34.33,
,553.08,2520,-34.9,
,556.65,2540,-35.03,
,560.33,2560,-34.76,
,563.8,2580,-34.8,
,567.55,2600,-35.05,
,571.1,2620,-34.83,
,575.0,2640,-34.81,
,578.63,2660,-34.93,
,582.2,2680,-34.96,
,585.95,2700,-35.04,
,589.45,2720,-35.11,
,593.13,2740,-35.31,
,596.78,2760,-34.98,
,600.08,2780,-34.63,
,603.78,2800,-34.46,
,607.28,2820,-35.2,
,610.85,2840,-35.29,
,614.45,2860,-34.7,
,618.15,2880,-35.41,
,621.75,2900,-34.59,
,625.33,2920,-34.59,
,628.8,2940,-34.96,
,632.13,2960,-34.61,
,635.7,2980,-35.14,
,639.05,3000,-35.37,
,642.6,3020,-34.57,
,646.13,3040,-35.11,
,649.4,3060,-35.0,
,652.58,3080,-34.96,
,655.83,3100,-35.08,
,659.13,3120,-35.39,
,662.73,3140,-34.44,
,666.15,3160,-34.9,
,669.65,3180,-35.21,
,673.08,3200,-35.07,
,676.25,3220,-34.59,
,679.7,3240,-34.61,
,682.98,3260,-34.24,
,686.45,3280,-34.6,
,689.78,3300,-34.05,
,693.2,3320,-34.71,
,696.6,3340,-34.65,
,700.03,3360,-34.85,
,703.5,3380,-35.01,
,706.75,3400,-34.81,
,709.95,3420,-35.26,
,713.35,3440,-35.1,
,716.7,3460,-34.91,
,719.98,3480,-34.22,
,723.25,3500,-34.84,
,726.53,3520,-34.71,
,729.8,3540,-34.84,
,733.08,3560,-35.25,
,736.5,3580,-34.99,
,739.68,3600,-35.01,
,742.83,3620,-35.21,
,746.25,3640,-34.87,
,749.75,3660,-34.44,
,752.88,3680,-34.43,
,756.35,3700,-34.49,
,759.48,3720,-35.19,
,762.48,3740,-34.75,
,765.73,3760,-34.88,
,769.15,3780,-35.11,
,772.49,3800,-34.62,
,775.74,3820,-34.95,
,778.93,3840,-34.42,
,782.03,3860,-35.55,
,785.0,3880,-34.92,
,788.09,3900,-34.42,
,791.43,3920,-34.55,
,794.89,3940,-35.1,
,798.45,3960,-34.62,
,801.39,3980,-34.74,
,804.86,4000,-34.8,
,807.83,4020,-34.54,
,810.94,4040,-34.52,
,813.98,4060,-34.93,
,817.0,4080,-34.3,
,820.04,4100,-34.93,
,822.81,4120,-34.71,
,825.72,4140,-34.97,
,828.57,4160,-35.16,
,831.38,4180,-34.95,
,834.43,4200,-34.51,
,837.39,4220,-34.84,
,840.52,4240,-34.91,
,843.31,4260,-34.83,
,846.23,4280,-35.09,
,849.45,4300,-34.79,
,852.57,4320,-34.67,
,855.53,4340,-35.15,
,858.36,4360,-34.9,
,861.48,4380,-34.3,
,864.24,4400,-34.95,
,867.34,4420,-34.44,
,869.93,4440,-35.0,
,872.87,4460,-34.88,
,875.62,4480,-35.09,
,878.89,4500,-34.75,
,882.04,4520,-34.92,
,885.14,4540,-34.82,
,888.12,4560,-34.55,
,890.97,4580,-35.33,
,893.76,4600,-35.07,
,896.52,4620,-35.1,
,899.29,4640,-34.81,
,902.13,4660,-34.5,
,905.12,4680,-35.24,
,908.15,4700,-35.09,
,911.26,4720,-35.31,
,914.08,4740,-35.33,
,916.79,4760,-34.66,
,919.74,4780,-34.81,
,922.4,4800,-35.34,
,925.17,4820,-34.47,
,927.81,4840,-34.93,
,930.37,4860,-34.77,
,932.79,4880,-34.77,
,935.69,4900,-35.15,
,938.4,4920,-34.31,
,941.35,4940,-35.09,
,944.11,4960,-34.42,
,946.85,4980,-34.94,
,949.8,5000,-34.66,
,952.72,5020,-34.47,
,955.76,5040,-34.79,
,958.63,5060,-34.59,
,961.37,5080,-34.82,
,963.98,5100,-34.8,
,967.26,5120,-35.27,
,970.08,5140,-34.37,
,972.78,5160,-34.84,
,975.84,5180,-34.87,
,978.51,5200,-35.11,
,981.28,5220,-34.92,
,983.9,5240,-34.83,
,986.42,5260,-35.45,
,988.97,5280,-34.96,
,991.49,5300,-35.15,
,994.41,5320,-34.86,
,997.26,5340,-34.8,
,1000.02,5360,-35.35,
,1002.62,5380,-34.41,
,1005.27,5400,-34.89,
,1008.19,5420,-35.27,
,1010.67,5440,-34.68,
,1013.27,5460,-34.84,
,1015.94,5480,-35.15,
,1018.57,5500,-34.55,
,1021.34,5520,-34.93,
,1024.05,5540,-34.93,
,1026.92,5560,-34.28,
,1029.57,5580,-35.33,
,1032.13,5600,-34.31,
,1034.76,5620,-34.76,
,1037.16,5640,-34.82,
,1039.81,5660,-34.67,
,1042.1,5680,-34.66,
,1044.95,5700,-34.87,
,1047.41,5720,-34.85,
,1049.96,5740,-34.92,
,1052.64,5760,-34.64,
,1055.15,5780,-34.16,
,1057.64,5800,-35.26,
,1060.27,5820,-35.27,
,1063.03,5840,-34.76,
,1065.8,5860,-34.71,
,1068.17,5880,-34.28,
,1070.68,5900,-34.92,
,1073.05,5920,-34.75,
,1075.68,5940,-34.9,
,1078.44,5960,-35.04,
,1080.93,5980,-35.09,
,1083.56,6000,-35.39,
,1085.9,6020,-34.99,
,1088.2,6040,-34.48,
,1090.78,6060,-35.24,
,1093.39,6080,-34.9,
,1096.06,6100,-34.68,
,1098.31,6120,-34.72,
,1100.78,6140,-34.88,
,1103.19,6160,-34.33,
,1105.69,6180,-35.31,
,1108.4,6200,-35.01,
,1111.0,6220,-35.0,
,1113.53,6240,-34.36,
,1115.93,6260,-35.11,
,1118.41,6280,-35.19,
,1121.11,6300,-34.53,
,1123.56,6320,-34.97,
,1126.01,6340,-35.35,
,1128.55,6360,-34.42,
,1130.85,6380,-35.26,
,1133.22,6400,-34.5,
,1135.65,6420,-35.18,
,1137.98,6440,-34.89,
,1140.23,6460,-34.87,
,1142.56,6480,-34.71,
,1144.97,6500,-35.25,
,1147.48,6520,-34.47,
,1149.95,6540,-34.65,
,1152.38,6560,-34.75,
,1154.79,6580,-35.02,
,1157.11,6600,-34.78,
,1159.38,6620,-34.74,
,1161.82,6640,-34.73,
,1164.2,6660,-35.12,
,1166.78,6680,-34.87,
,1169.05,6700,-34.54,
,1171.35,6720,-34.64,
,1173.65,6740,-34.26,
,1176.06,6760,-35.11,
,1178.43,6780,-34.13,
,1180.84,6800,-35.14,
,1182.94,6820,-34.75,
,1185.25,6840,-35.07,
,1188.01,6860,-34.97,
,1190.44,6880,-34.84,
,1192.6,6900,-34.62,
,1194.79,6920,-34.88,
,1196.99,6940,-34.24,
,1199.29,6960,-35.07,
,1201.52,6980,-34.76,
,1203.56,7000,-34.54,
,1205.76,7020,-34.76,
,1208.4,7040,-34.92,
,1210.74,7060,-34.58,
,1213.15,7080,-34.65,
,1215.4,7100,-35.15,
,1217.61,7120,-35.67,
,1219.84,7140,-34.37,
,1222.21,7160,-34.51,
,1224.34,7180,-35.16,
,1226.55,7200,-34.5,
,1228.81,7220,-34.5,
,1230.89,7240,-34.71,
,1233.06,7260,-34.36,
,1235.17,7280,-34.17,
,1237.46,7300,-34.59,
,1240.12,7320,-34.8,
,1242.41,7340,-34.22,
,1244.91,7360,-34.61,
,1247.06,7380,-34.77,
,1249.29,7400,-34.47,
,1251.6,7420,-34.62,
,1253.89,7440,-34.66,
,1256.1,7460,-34.71,
,1258.47,7480,-34.62,
,1260.94,7500,-34.88,
,1263.38,7520,-34.57,
,1265.55,7540,-34.79,
,1267.91,7560,-34.22,
,1269.82,7580,-34.88,
,1271.88,7600,-34.58,
,1274.0,7620,-34.83,
,1276.21,7640,-34.9,
,1278.71,7660,-34.87,
,1280.75,7680,-34.23,
,1283.05,7700,-33.96,
,1285.37,7720,-34.5,
,1288.19,7740,-34.57,
,1290.27,7760,-34.83,
,1292.52,7780,-34.37,
,1294.98,7800,-34.43,
,1297.04,7820,-34.3,
,1299.46,7840,-34.9,
,1301.66,7860,-34.85,
,1303.7,7880,-34.88,
,1305.94,7900,-34.59,
,1308.11,7920,-34.76,
,1310.24,7940,-34.26,
,1312.46,7960,-34.29,
,1314.43,7980,-34.7,
,1316.72,8000,-35.11,
,1318.72,8020,-35.16,
,1320.89,8040,-35.26,
,1323.09,8060,-34.86,
,1325.11,8080,-35.12,
,1326.98,8100,-35.92,
,1328.82,8120,-36.01,
,1330.82,8140,-35.17,
,1332.59,8160,-35.96,
,1334.42,8180,-36.05,
,1336.33,8200,-36.63,
,1338.45,8220,-35.28,
,1340.5,8240,-34.87,
,1342.68,8260,-34.67,
,1344.82,8280,-34.83,
,1346.77,8300,-34.9,
,1348.75,8320,-35.04,
,1350.71,8340,-34.47,
,1352.75,8360,-34.97,
,1354.65,8380,-35.04,
,1356.79,8400,-34.62,
,1358.7,8420,-35.28,
,1360.72,8440,-34.52,
,1362.85,8460,-34.62,
,1364.81,8480,-34.85,
,1366.86,8500,-34.79,
,1368.82,8520,-34.69,
,1370.77,8540,-34.46,
,1372.72,8560,-34.4,
,1374.88,8580,-34.72,
,1376.74,8600,-35.18,
,1378.79,8620,-35.16,
,1380.74,8640,-35.14,
,1382.86,8660,-34.69,
,1384.78,8680,-35.54,
,1386.66,8700,-34.41,
,1388.58,8720,-34.86,
,1390.6,8740,-34.72,
,1392.56,8760,-35.24,
,1394.5,8780,-34.87,
,1396.34,8800,-34.47,
,1398.13,8820,-35.26,
,1400.06,8840,-34.53,
,1402.05,8860,-34.41,
,1403.97,8880,-34.16,
,1405.98,8900,-33.93,
,1407.91,8920,-34.47,
,1409.84,8940,-33.95,
,1411.73,8960,-34.84,
,1413.53,8980,-34.7,
,1415.34,9000,-35.26,
,1417.16,9020,-34.91,
,1419.05,9040,-34.78,
,1420.98,9060,-34.77,
,1422.92,9080,-34.99,
,1424.97,9100,-33.58,
,1426.85,9120,-34.57,
,1428.67,9140,-34.4,
,1430.57,9160,-34.44,
,1432.43,9180,-34.99,
,1434.27,9200,-34.76,
,1436.08,9220,-35.04,
,1437.72,9240,-35.86,
,1439.39,9260,-34.91,
,1441.25,9280,-34.45,
,1443.06,9300,-34.5,
,1445.06,9320,-34.46,
,1447.04,9340,-34.83,
,1449.05,9360,-34.19,
,1450.97,9380,-34.4,
,1452.76,9400,-34.62,
,1454.68,9420,-34.33,
,1456.59,9440,-34.36,
,1458.24,9460,-34.6,
,1460.15,9480,-34.44,
,1462.0,9500,-34.53,
,1463.77,9520,-35.46,
,1465.54,9540,-34.63,
,1467.32,9560,-34.43,
,1469.14,9580,-34.71,
,1470.96,9600,-34.81,
,1472.61,9620,-34.88,
,1474.41,9640,-34.39,
,1476.24,9660,-34.04,
,1477.99,9680,-34.99,
,1479.84,9700,-34.58,
,1481.59,9720,-34.91,
,1483.37,9740,-35.01,
,1485.15,9760,-35.1,
,1486.85,9780,-34.25,
,1488.6,9800,-34.81,
,1490.37,9820,-34.63,
,1492.21,9840,-34.63,
,1493.97,9860,-34.6,
,1495.61,9880,-34.73,
,1497.29,9900,-35.43,
,1498.83,9920,-34.05,
,1500.59,9940,-34.84,
,1502.27,9960,-34.6,
,1503.97,9980,-34.82,
,1505.61,10000,-35.24,
,1507.15,10020,-35.3,
,1508.79,10040,-35.4,
,1510.42,10060,-35.42,
,1512.09,10080,-34.7,
,1513.65,10100,-35.65,
,1515.19,10120,-34.9,
,1516.97,10140,-34.69,
,1518.61,10160,-35.37,
,1520.08,10180,-35.3,
,1521.58,10200,-35.52,
,1523.1,10220,-35.7,
,1524.77,10240,-35.49,
,1526.39,10260,-35.46,
,1528.12,10280,-35.23,
,1529.59,10300,-35.58,
,1531.17,10320,-35.26,
,1532.58,10340,-36.41,
,1534.09,10360,-36.06,
,1535.68,10380,-35.47,
,1537.19,10400,-35.1,
,1538.72,10420,-35.17,
,1540.36,10440,-35.22,
,1541.96,10460,-35.53,
,1543.42,10480,-35.92,
,1544.88,10500,-35.64,
,1546.4,10520,-36.31,
,1547.96,10540,-35.82,
,1549.47,10560,-35.47,
,1551.05,10580,-35.44,
,1552.59,10600,-36.09,
,1554.17,10620,-35.83,
,1555.62,10640,-36.27,
,1557.24,10660,-35.71,
,1558.69,10680,-36.14,
,1560.21,10700,-36.1,
,1561.62,10720,-35.62,
,1563.11,10740,-36.19,
,1564.54,10760,-35.99,
,1566.09,10780,-36.65,
,1567.47,10800,-36.54,
,1568.99,10820,-36.33,
,1570.46,10840,-36.7,
,1571.88,10860,-36.44,
,1573.28,10880,-36.8,
,1574.78,10900,-36.44,
,1576.13,10920,-36.87,
,1577.52,10940,-36.93,
,1579.0,10960,-36.12,
,1580.39,10980,-36.34,
,1581.87,11000,-36.37,
,1583.33,11020,-36.15,
,1584.66,11040,-37.32,
,1586.08,11060,-36.88,
,1587.49,11080,-36.34,
,1588.84,11100,-37.56,
,1590.26,11120,-36.66,
,1591.63,11140,-36.88,
,1592.9,11160,-36.69,
,1594.24,11180,-37.13,
,1595.66,11200,-36.38,
,1597.11,11220,-36.02,
,1598.57,11240,-36.11,
,1599.88,11260,-36.96,
,1601.2,11280,-37.01,
,1602.57,11300,-36.9,
,1604.01,11320,-37.35,
,1605.31,11340,-38.02,
,1606.48,11360,-37.88,
,1607.56,11380,-37.82,
,1608.75,11400,-37.44,
,1609.81,11420,-38.17,
,1611.14,11440,-36.91,
,1612.43,11460,-37.04,
,1613.68,11480,-37.26,
,1615.03,11500,-35.95,
,1616.32,11520,-36.69,
,1617.83,11540,-36.32,
,1619.22,11560,-37.18,
,1620.65,11580,-36.72,
,1621.96,11600,-36.66,
,1623.11,11620,-37.84,
,1624.14,11640,-38.85,
,1624.84,11660,-40.56,
,1625.55,11680,-40.32,
,1626.22,11700,-39.4,
,1626.83,11720,-39.69,
,1627.44,11740,-40.33,
,1628.11,11760,-41.34,
,1628.79,11780,-39.57,
,1629.44,11800,-40.91,
,1630.07,11820,-40.16,
,1630.67,11840,-40.25,
,1631.33,11860,-41.77,
,1632.0,11880,-40.79,
,1632.71,11900,-40.18,
,1633.37,11920,-40.33,
,1634.0,11940,-39.25,
,1634.63,11960,-40.79,
,1635.38,11980,-40.26,
,1636.04,12000,-40.18,
,1636.68,12020,-40.08,
,1637.37,12040,-40.13,
,1637.99,12060,-39.81,
,1638.67,12080,-40.62,
,1639.28,12100,-40.68,
,1639.85,12120,-41.51,
,1640.48,12140,-39.52,
,1641.09,12160,-41.63,
,1641.68,12180,-40.86,
,1642.29,12200,-38.56,
,1642.99,12220,-41.18,
,1643.61,12240,-40.88,
,1644.22,12260,-40.79,
,1644.77,12280,-39.58,
,1645.4,12300,-41.14,
,1645.95,12320,-40.29,
,1646.61,12340,-41.8,
,1647.22,12360,-38.83,
,1647.9,12380,-40.29,
,1648.63,12400,-41.1,
,1649.25,12420,-39.65,
,1649.84,12440,-40.2,
,1650.48,12460,-40.86,
,1651.08,12480,-40.48,
,1651.66,12500,-41.57,
,1652.3,12520,-41.61,
,1652.84,12540,-41.11,
,1653.34,12560,-41.64,
,1653.91,12580,-39.96,
,1654.57,12600,-42.35,
,1655.17,12620,-40.53,
,1655.78,12640,-41.82,
,1656.46,12660,-41.82,
,1657.13,12680,-42.04,
,1657.73,12700,-41.86,
,1658.35,12720,-40.31,
,1658.94,12740,-40.64,
,1659.58,12760,-41.21,
,1660.34,12780,-39.22,
,1661.02,12800,-39.53,
,1661.75,12820,-38.7,
,1662.58,12840,-39.35,
,1663.43,12860,-37.89,
,1664.36,12880,-38.01,
,1665.22,12900,-38.95,
,1666.13,12920,-37.68,
,1667.28,12940,-38.24,
,1668.21,12960,-38.79,
,1669.11,12980,-38.72,
,1670.11,13000,-38.8,
,1670.97,13020,-38.96,
,1671.77,13040,-39.41,
,1672.54,13060,-39.65,
,1673.34,13080,-40.51,
,1674.11,13100,-40.19,
,1674.89,13120,-39.46,
,1675.73,13140,-39.93,
,1676.54,13160,-40.54,
,1677.39,13180,-39.08,
,1678.12,13200,-39.45,
,1679.05,13220,-39.39,
,1680.02,13240,-38.32,
,1680.99,13260,-39.46,
,1682.01,13280,-38.0,
,1682.98,13300,-37.53,
,1683.93,13320,-38.16,
,1685.0,13340,-37.83,
,1685.97,13360,-38.35,
,1687.1,13380,-37.25,
,1688.04,13400,-37.85,
,1689.1,13420,-38.08,
,1690.11,13440,-37.72,
,1691.21,13460,-36.41,
,1692.26,13480,-36.96,
,1693.41,13500,-37.18,
,1694.34,13520,-37.63,
,1695.27,13540,-37.62,
,1696.13,13560,-39.61,
,1697.02,13580,-39.17,
,1697.99,13600,-37.73,
,1698.93,13620,-37.8,
,1700.06,13640,-37.4,
,1701.1,13660,-38.17,
,1702.16,13680,-37.39,
,1703.2,13700,-37.31,
,1704.29,13720,-37.64,
,1705.37,13740,-37.89,
,1706.47,13760,-37.72,
,1707.47,13780,-37.87,
,1708.57,13800,-38.09,
,1709.74,13820,-37.02,
,1710.8,13840,-38.3,
,1711.9,13860,-36.96,
,1713.07,13880,-37.39,
,1714.02,13900,-37.22,
,1714.88,13920,-38.17,
,1715.72,13940,-39.19,
,1716.52,13960,-39.98,
,1717.21,13980,-38.94,
,1717.99,14000,-39.67,
,1718.83,14020,-38.59,
,1719.81,14040,-37.12,
,1720.79,14060,-37.38,
,1721.71,14080,-37.11,
,1722.83,14100,-37.55,
,1723.73,14120,-38.15,
,1724.78,14140,-37.19,
,1725.97,14160,-36.97,
,1727.15,14180,-37.06,
,1728.36,14200,-36.62,
,1729.45,14220,-36.56,
,1730.78,14240,-35.76,
,1732.06,14260,-35.65,
,1733.29,14280,-35.36,
,1734.4,14300,-36.52,
,1735.43,14320,-36.75,
,1736.45,14340,-35.63,
,1737.55,14360,-36.42,
,1738.7,14380,-35.91,
,1739.97,14400,-35.73,
,1741.24,14420,-36.26,
,1742.24,14440,-34.72,
,1743.5,14460,-34.98,
,1744.77,14480,-35.74,
,1746.07,14500,-35.09,
,1747.4,14520,-35.87,
,1748.63,14540,-35.23,
,1749.66,14560,-36.23,
,1750.72,14580,-36.94,
,1751.86,14600,-35.81,
,1752.84,14620,-37.5,
,1753.68,14640,-38.57,
,1754.21,14660,-38.59,
,1754.84,14680,-39.85,
,1755.41,14700,-40.51,
,1756.11,14720,-40.41,
,1756.8,14740,-39.06,
,1757.45,14760,-38.75,
,1758.01,14780,-40.03,
,1758.61,14800,-39.34,
,1759.18,14820,-39.55,
,1759.74,14840,-39.7,
,1760.3,14860,-41.28,
,1760.79,14880,-38.17,
,1761.28,14900,-39.38,
,1761.78,14920,-39.15,
,1762.34,14940,-39.76,
,1762.85,14960,-38.55,
,1763.28,14980,-40.55,
,1763.77,15000,-39.62,
,1764.28,15020,-39.51,
,1764.77,15040,-40.49,
,1765.23,15060,-39.75,
,1765.68,15080,-39.27,
,1766.13,15100,-40.24,
,1766.6,15120,-40.13,
,1767.11,15140,-39.42,
,1767.56,15160,-39.32,
,1768.04,15180,-39.52,
,1768.55,15200,-38.58,
,1769.04,15220,-38.55,
,1769.58,15240,-39.62,
,1770.09,15260,-39.1,
,1770.58,15280,-40.0,
,1771.06,15300,-39.21,
,1771.52,15320,-39.51,
,1772.01,15340,-39.27,
,1772.5,15360,-39.01,
,1772.96,15380,-40.19,
,1773.42,15400,-39.74,
,1773.94,15420,-40.48,
,1774.43,15440,-39.4,
,1774.91,15460,-39.14,
,1775.39,15480,-40.58,
,1775.85,15500,-39.83,
,1776.3,15520,-42.21,
,1776.73,15540,-40.22,
,1777.18,15560,-40.69,
,1777.68,15580,-39.04,
,1778.11,15600,-39.03,
,1778.54,15620,-38.71,
,1778.96,15640,-40.56,
,1779.39,15660,-38.49,
,1779.82,15680,-39.05,
,1780.24,15700,-42.46,
,1780.65,15720,-39.61,
,1781.04,15740,-40.11,
,1781.52,15760,-39.77,
,1781.98,15780,-39.56,
,1782.46,15800,-40.54,
,1783.0,15820,-39.75,
,1783.45,15840,-40.39,
,1783.88,15860,-39.32,
,1784.35,15880,-40.32,
,1784.85,15900,-39.42,
,1785.3,15920,-40.24,
,1785.8,15940,-39.68,
,1786.26,15960,-41.49,
,1786.78,15980,-41.1,
,1787.24,16000,-40.66,
,1787.71,16020,-40.58,
,1788.14,16040,-41.41,
,1788.6,16060,-40.49,
,1789.05,16080,-41.17,
,1789.48,16100,-41.82,
,1789.94,16120,-39.55,
,1790.41,16140,-39.33,
,1790.89,16160,-39.33,
,1791.33,16180,-40.46,
,1791.74,16200,-39.91,
,1792.2,16220,-38.48,
,1792.64,16240,-38.91,
,1793.08,16260,-39.06,
,1793.52,16280,-39.48,
,1794.02,16300,-39.45,
,1794.53,16320,-38.76,
,1795.02,16340,-40.71,
,1795.53,16360,-39.11,
,1796.0,16380,-39.53,
,1796.52,16400,-40.38,
,1797.01,16420,-40.59,
,1797.48,16440,-40.03,
,1797.94,16460,-39.22,
,1798.45,16480,-40.09,
,1798.9,16500,-38.21,
,1799.31,16520,-38.54,
,1799.78,16540,-39.62,
,1800.26,16560,-38.32,
,1800.82,16580,-39.52,
,1801.35,16600,-39.64,
,1801.89,16620,-39.8,
,1802.36,16640,-39.63,
,1802.85,16660,-39.16,
,1803.31,16680,-40.93,
,1803.79,16700,-40.69,
,1804.28,16720,-40.95,
,1804.8,16740,-39.08,
,1805.26,16760,-37.68,
,1805.82,16780,-40.96,
,1806.32,16800,-39.01,
,1806.79,16820,-39.04,
,1807.23,16840,-40.59,
,1807.69,16860,-39.2,
,1808.1,16880,-41.58,
,1808.57,16900,-40.12,
,1809.02,16920,-40.82,
,1809.52,16940,-40.56,
,1810.03,16960,-39.66,
,1810.5,16980,-39.28,
,1811.02,17000,-40.04,
,1811.52,17020,-40.41,
,1811.99,17040,-38.51,
,1812.54,17060,-39.38,
,1813.04,17080,-39.7,
,1813.58,17100,-40.94,
,1814.04,17120,-39.81,
,1814.55,17140,-40.05,
,1815.05,17160,-39.73,
,1815.58,17180,-38.19,
,1816.0,17200,-40.82,
,1816.43,17220,-39.97,
,1816.9,17240,-41.07,
,1817.37,17260,-40.2,
,1817.8,17280,-39.98,
,1818.25,17300,-39.83,
,1818.81,17320,-39.6,
,1819.28,17340,-40.42,
,1819.78,17360,-39.94,
,1820.21,17380,-41.24,
,1820.7,17400,-41.11,
,1821.16,17420,-40.43,
,1821.64,17440,-39.52,
,1822.06,17460,-38.98,
,1822.51,17480,-38.51,
,1822.95,17500,-38.55,
,1823.37,17520,-39.32,
,1823.85,17540,-39.19,
,1824.34,17560,-39.82,
,1824.85,17580,-38.71,
,1825.35,17600,-39.91,
,1825.93,17620,-37.99,
,1826.43,17640,-37.64,
,1826.83,17660,-39.45,
,1827.28,17680,-39.95,
,1827.73,17700,-38.43,
,1828.21,17720,-37.49,
,1828.69,17740,-39.07,
,1829.25,17760,-40.05,
,1829.79,17780,-37.92,
,1830.29,17800,-39.44,
,1830.73,17820,-39.63,
,1831.22,17840,-38.07,
,1831.74,17860,-37.43,
,1832.24,17880,-39.14,
,1832.67,17900,-37.97,
,1833.12,17920,-39.68,
,1833.63,17940,-37.64,
,1834.08,17960,-39.92,
,1834.54,17980,-38.77,
,1834.98,18000,-39.96,
,1835.4,18020,-38.44,
,1835.84,18040,-40.53,
,1836.37,18060,-39.74,
,1836.9,18080,-40.79,
,1837.4,18100,-38.13,
,1837.94,18120,-37.4,
,1838.45,18140,-38.37,
,1838.96,18160,-38.89,
,1839.45,18180,-38.96,
,1839.92,18200,-39.52,
,1840.34,18220,-40.34,
,1840.87,18240,-38.86,
,1841.35,18260,-38.02,
,1841.78,18280,-39.94,
,1842.21,18300,-40.07,
,1842.64,18320,-37.94,
,1843.01,18340,-38.59,
,1843.39,18360,-38.27,
,1843.87,18380,-38.17,
,1844.27,18400,-37.77,
,1844.7,18420,-38.26,
,1845.12,18440,-39.88,
,1845.6,18460,-38.6,
,1846.03,18480,-38.69,
,1846.46,18500,-39.07,
,1846.88,18520,-39.86,
,1847.32,18540,-37.88,
,1847.81,18560,-41.13,
,1848.24,18580,-37.42,
,1848.69,18600,-38.32,
,1849.16,18620,-38.89,
,1849.59,18640,-39.0,
,1850.03,18660,-38.2,
,1850.51,18680,-39.32,
,1850.96,18700,-38.24,
,1851.4,18720,-40.06,
,1851.81,18740,-40.37,
,1852.31,18760,-40.13,
,1852.79,18780,-40.08,
,1853.32,18800,-40.26,
,1853.76,18820,-39.73,
,1854.21,18840,-40.03,
,1854.66,18860,-38.98,
,1855.12,18880,-37.25,
,1855.54,18900,-39.23,
,1856.01,18920,-38.79,
,1856.44,18940,-38.68,
,1856.89,18960,-39.6,
,1857.32,18980,-37.75,
,1857.78,19000,-39.96,
,1858.26,19020,-39.39,
,1858.7,19040,-38.52,
,1859.13,19060,-37.86,
,1859.64,19080,-39.36,
,1860.05,19100,-38.44,
,1860.53,19120,-39.27,
,1861.01,19140,-38.62,
,1861.4,19160,-39.77,
,1861.84,19180,-38.39,
,1862.29,19200,-39.95,
,1862.76,19220,-39.75,
,1863.19,19240,-39.0,
,1863.63,19260,-38.76,
,1864.11,19280,-39.18,
,1864.55,19300,-38.39,
,1864.97,19320,-39.68,
,1865.43,19340,-37.47,
,1865.9,19360,-39.08,
,1866.41,19380,-38.67,
,1866.85,19400,-38.53,
,1867.33,19420,-40.56,
,1867.78,19440,-39.7,
,1868.29,19460,-40.1,
,1868.74,19480,-38.84,
,1869.25,19500,-40.05,
,1869.78,19520,-39.18,
,1870.26,19540,-38.42,
,1870.69,19560,-39.43,
,1871.14,19580,-39.78,
,1871.62,19600,-39.5,
,1872.02,19620,-38.68,
,1872.48,19640,-40.1,
,1872.88,19660,-39.4,
,1873.28,19680,-41.79,
,1873.68,19700,-39.21,
,1874.15,19720,-40.72,
,1874.6,19740,-42.1,
,1875.09,19760,-39.48,
,1875.54,19780,-38.85,
,1876.01,19800,-40.72,
,1876.51,19820,-39.61,
,1876.94,19840,-39.64,
,1877.41,19860,-39.54,
,1877.86,19880,-39.11,
,1878.35,19900,-40.13,
,1878.78,19920,-41.44,
,1879.19,19940,-41.21,
,1879.64,19960,-40.31,
,1880.07,19980,-40.0,
,1880.56,20000,-40.01,
,1881.03,20020,-41.12,
,1881.43,20040,-40.25,
,1881.87,20060,-39.1,
,1882.31,20080,-39.94,
,1882.79,20100,-39.44,
,1883.25,20120,-40.48,
,1883.75,20140,-40.14,
,1884.29,20160,-38.73,
,1884.75,20180,-40.79,
,1885.25,20200,-40.32,
,1885.75,20220,-40.68,
,1886.22,20240,-40.66,
,1886.75,20260,-40.78,
,1887.17,20280,-40.21,
,1887.63,20300,-40.28,
,1888.03,20320,-40.86,
,1888.48,20340,-41.91,
,1888.97,20360,-40.72,
,1889.38,20380,-41.24,
,1889.78,20400,-40.24,
,1890.25,20420,-41.24,
,1890.76,20440,-41.53,
,1891.19,20460,-40.3,
,1891.65,20480,-40.34,
,1892.15,20500,-40.57,
,1892.59,20520,-39.82,
,1893.07,20540,-39.56,
,1893.57,20560,-40.15,
,1894.01,20580,-38.71,
,1894.47,20600,-39.22,
,1894.96,20620,-40.67,
,1895.35,20640,-40.17,
,1895.77,20660,-38.91,
,1896.22,20680,-40.71,
,1896.69,20700,-40.15,
,1897.15,20720,-40.19,
,1897.62,20740,-40.31,
,1898.02,20760,-40.3,
,1898.47,20780,-38.76,
,1898.89,20800,-39.29,
,1899.31,20820,-41.84,
,1899.7,20840,-41.24,
,1900.15,20860,-40.29,
,1900.56,20880,-41.61,
,1900.97,20900,-40.42,
,1901.38,20920,-41.21,
,1901.78,20940,-40.44,
,1902.18,20960,-41.13,
,1902.59,20980,-39.32,
,1902.96,21000,-41.5,
,1903.36,21020,-41.5,
,1903.75,21040,-41.21,
,1904.12,21060,-40.11,
,1904.52,21080,-39.83,
,1904.91,21100,-40.84,
,1905.32,21120,-41.57,
,1905.76,21140,-41.08,
,1906.17,21160,-41.05,
,1906.6,21180,-40.49,
,1907.02,21200,-40.22,
,1907.43,21220,-40.94,
,1907.83,21240,-40.89,
,1908.2,21260,-42.33,
,1908.62,21280,-41.63,
,1909.07,21300,-40.89,
,1909.45,21320,-40.72,
,1909.82,21340,-40.95,
,1910.21,21360,-41.03,
,1910.61,21380,-41.45,
,1911.01,21400,-42.38,
,1911.45,21420,-41.35,
,1911.81,21440,-42.15,
,1912.19,21460,-42.24,
,1912.62,21480,-40.01,
,1913.0,21500,-40.41,
,1913.37,21520,-40.7,
,1913.76,21540,-40.77,
,1914.19,21560,-40.98,
,1914.58,21580,-41.82,
,1914.95,21600,-40.19,
,1915.32,21620,-41.32,
,1915.7,21640,-41.19,
,1916.11,21660,-42.22,
,1916.54,21680,-42.0,
,1916.92,21700,-41.92,
,1917.32,21720,-41.19,
,1917.69,21740,-41.16,
,1918.09,21760,-40.43,
,1918.49,21780,-41.06,
,1918.88,21800,-40.04,
,1919.3,21820,-39.66,
,1919.69,21840,-40.39,
,1920.12,21860,-41.17,
,1920.54,21880,-41.42,
,1920.92,21900,-40.44,
,1921.3,21920,-39.98,
,1921.69,21940,-41.8,
,1922.06,21960,-42.72,
,1922.43,21980,-41.04,
,1922.81,22000,-40.71,
,1923.19,22020,-39.51,
,1923.59,22040,-41.03,
,1923.93,22060,-41.79,
,1924.33,22080,-41.41,
,1924.69,22100,-40.17,
,1925.09,22120,-41.61,
,1925.5,22140,-41.1,
,1925.9,22160,-39.8,
,1926.26,22180,-40.06,
,1926.69,22200,-41.84,
,1927.08,22220,-40.3,
,1927.44,22240,-39.73,
,1927.87,22260,-39.94,
,1928.27,22280,-40.9,
,1928.67,22300,-42.31,
,1929.09,22320,-41.33,
,1929.53,22340,-42.29,
,1929.95,22360,-41.7,
,1930.39,22380,-41.28,
,1930.82,22400,-41.72,
,1931.27,22420,-40.84,
,1931.74,22440,-41.59,
,1932.17,22460,-40.17,
,1932.65,22480,-40.53,
,1933.05,22500,-42.12,
,1933.45,22520,-39.93,
,1933.91,22540,-41.6,
,1934.32,22560,-39.66,
,1934.74,22580,-40.85,
,1935.16,22600,-40.44,
,1935.57,22620,-41.82,
,1936.0,22640,-42.92,
,1936.41,22660,-41.8,
,1936.88,22680,-39.28,
,1937.36,22700,-39.8,
,1937.79,22720,-40.43,
,1938.26,22740,-40.97,
,1938.68,22760,-41.09,
,1939.05,22780,-41.52,
,1939.46,22800,-40.53,
,1939.88,22820,-40.62,
,1940.28,22840,-40.41,
,1940.72,22860,-40.03,
,1941.19,22880,-39.54,
,1941.71,22900,-37.86,
,1942.19,22920,-38.31,
,1942.66,22940,-39.35,
,1943.12,22960,-39.54,
,1943.51,22980,-40.64,
,1943.96,23000,-41.55,
,1944.43,23020,-40.08,
,1944.88,23040,-41.99,
,1945.28,23060,-40.82,
,1945.77,23080,-41.95,
,1946.23,23100,-41.68,
,1946.64,23120,-40.8,
,1946.99,23140,-42.52,
,1947.35,23160,-41.11,
,1947.8,23180,-40.46,
,1948.31,23200,-39.78,
,1948.81,23220,-39.2,
,1949.37,23240,-37.76,
,1949.86,23260,-37.44,
,1950.46,23280,-38.48,
,1951.0,23300,-39.38,
,1951.41,23320,-39.89,
,1951.85,23340,-38.33,
,1952.26,23360,-40.71,
,1952.68,23380,-41.96,
,1953.07,23400,-41.55,
,1953.43,23420,-40.4,
,1953.83,23440,-42.22,
,1954.22,23460,-41.47,
,1954.59,23480,-41.6,
,1954.9,23500,-41.65,
,1955.23,23520,-42.26,
,1955.62,23540,-42.02,
,1956.0,23560,-41.67,
,1956.33,23580,-40.73,
,1956.66,23600,-42.9,
,1956.98,23620,-41.87,
,1957.33,23640,-43.3,
,1957.64,23660,-44.05,
,1958.0,23680,-42.49,
,1958.33,23700,-42.52,
,1958.66,23720,-40.16,
,1959.0,23740,-41.77,
,1959.32,23760,-42.5,
,1959.66,23780,-41.73,
,1959.98,23800,-43.62,
,1960.3,23820,-44.93,
,1960.63,23840,-42.91,
,1960.95,23860,-43.31,
,1961.26,23880,-41.12,
,1961.57,23900,-42.38,
,1961.87,23920,-42.0,
,1962.17,23940,-42.04,
,1962.48,23960,-41.94,
,1962.77,23980,-42.73,
,1963.06,24000,-42.49,
,1963.4,24020,-43.06,
,1963.72,24040,-43.5,
,1964.04,24060,-43.9,
,1964.36,24080,-42.11,
,1964.68,24100,-40.21,
,1964.97,24120,-42.3,
,1965.29,24140,-42.33,
,1965.63,24160,-41.81,
,1965.94,24180,-41.41,
,1966.3,24200,-42.1,
,1966.66,24220,-40.79,
,1966.96,24240,-41.2,
,1967.33,24260,-41.03,
,1967.67,24280,-41.9,
,1968.0,24300,-39.55,
,1968.32,24320,-40.63,
,1968.69,24340,-41.25,
,1969.03,24360,-41.54,
,1969.33,24380,-40.7,
,1969.68,24400,-42.2,
,1970.01,24420,-41.96,
,1970.38,24440,-40.28,
,1970.71,24460,-40.18,
,1971.01,24480,-41.43,
,1971.31,24500,-40.61,
,1971.6,24520,-41.56,
,1971.93,24540,-40.71,
,1972.24,24560,-39.36,
,1972.54,24580,-41.45,
,1972.85,24600,-43.8,
,1973.15,24620,-40.98,
,1973.45,24640,-43.11,
,1973.77,24660,-41.45,
,1974.04,24680,-40.15,
,1974.39,24700,-40.51,
,1974.7,24720,-41.84,
,1974.99,24740,-39.04,
,1975.25,24760,-40.9,
,1975.58,24780,-43.05,
,1975.9,24800,-42.38,
,1976.25,24820,-41.26,
,1976.61,24840,-42.08,
,1976.95,24860,-41.45,
,1977.26,24880,-40.05,
,1977.6,24900,-40.3,
,1977.94,24920,-41.49,
,1978.24,24940,-41.76,
,1978.62,24960,-39.17,
,1978.96,24980,-40.1,
,1979.28,25000,-40.07,
,1979.59,25020,-39.44,
,1979.91,25040,-40.2,
,1980.2,25060,-40.9,
,1980.51,25080,-40.61,
,1980.84,25100,-41.79,
,1981.12,25120,-41.17,
,1981.39,25140,-42.74,
,1981.67,25160,-41.18,
,1981.97,25180,-40.96,
,1982.24,25200,-41.03,
,1982.53,25220,-42.27,
,1982.8,25240,-40.85,
,1983.09,25260,-40.27,
,1983.38,25280,-43.21,
,1983.7,25300,-40.88,
,1984.02,25320,-42.24,
,1984.3,25340,-41.51,
,1984.6,25360,-40.1,
,1984.89,25380,-40.36,
,1985.19,25400,-40.41,
,1985.47,25420,-41.51,
,1985.75,25440,-41.58,
,1986.03,25460,-42.11,
,1986.3,25480,-41.41,
,1986.58,25500,-40.07,
,1986.88,25520,-43.53,
,1987.17,25540,-41.79,
,1987.44,25560,-42.01,
,1987.75,25580,-42.47,
,1988.03,25600,-42.0,
,1988.31,25620,-43.49,
,1988.6,25640,-42.7,
,1988.87,25660,-42.97,
,1989.15,25680,-43.87,
,1989.45,25700,-42.89,
,1989.74,25720,-41.53,
,1990.03,25740,-42.11,
,1990.33,25760,-42.14,
,1990.61,25780,-41.85,
,1990.9,25800,-40.79,
,1991.16,25820,-41.94,
,1991.43,25840,-41.32,
,1991.73,25860,-41.82,
,1992.03,25880,-40.99,
,1992.3,25900,-41.74,
,1992.58,25920,-41.34,
,1992.87,25940,-40.71,
,1993.2,25960,-41.0,
,1993.53,25980,-42.33,
,1993.89,26000,-40.81,
,1994.24,26020,-40.69,
,1994.53,26040,-40.91,
,1994.84,26060,-39.98,
,1995.18,26080,-42.12,
,1995.54,26100,-40.94,
,1995.91,26120,-41.21,
,1996.29,26140,-39.89,
,1996.67,26160,-41.36,
,1997.08,26180,-40.01,
,1997.45,26200,-41.23,
,1997.8,26220,-40.35,
,1998.15,26240,-41.72,
,1998.49,26260,-40.83,
,1998.84,26280,-40.68,
,1999.19,26300,-39.63,
,1999.51,26320,-40.94,
,1999.83,26340,-41.1,
,2000.16,26360,-41.98,
,2000.46,26380,-42.32,
,2000.82,26400,-42.31,
,2001.18,26420,-41.04,
,2001.55,26440,-40.39,
,2001.87,26460,-40.02,
,2002.14,26480,-42.76,
,2002.42,26500,-42.27,
,2002.71,26520,-42.26,
,2003.05,26540,-40.93,
,2003.33,26560,-40.72,
,2003.62,26580,-41.98,
,2003.93,26600,-40.39,
,2004.25,26620,-39.69,
,2004.57,26640,-40.15,
,2004.88,26660,-41.82,
,2005.19,26680,-42.7,
,2005.48,26700,-40.37,
,2005.83,26720,-41.49,
,2006.17,26740,-41.53,
,2006.47,26760,-41.78,
,2006.8,26780,-40.35,
,2007.11,26800,-41.87,
,2007.45,26820,-41.33,
,2007.77,26840,-40.57,
,2008.09,26860,-41.26,
,2008.42,26880,-39.78,
,2008.76,26900,-42.07,
,2009.12,26920,-42.23,
,2009.44,26940,-40.28,
,2009.74,26960,-40.73,
,2010.04,26980,-39.83,
,2010.36,27000,-41.8,
,2010.7,27020,-41.26,
,2011.04,27040,-42.5,
,2011.38,27060,-41.5,
,2011.7,27080,-40.71,
,2011.97,27100,-40.29,
,2012.27,27120,-38.58,
,2012.58,27140,-41.15,
,2012.9,27160,-40.18,
,2013.19,27180,-40.19,
,2013.54,27200,-40.19,
,2013.88,27220,-41.74,
,2014.19,27240,-41.67,
,2014.53,27260,-42.16,
,2014.83,27280,-41.05,
,2015.13,27300,-40.72,
,2015.45,27320,-41.86,
,2015.77,27340,-40.59,
,2016.09,27360,-41.36,
,2016.42,27380,-42.8,
,2016.7,27400,-42.34,
,2016.99,27420,-40.01,
,2017.32,27440,-40.01,
,2017.64,27460,-39.71,
,2018.09,27480,-41.55,
,2018.6,27500,-38.37,
,2019.1,27520,-37.38,
,2019.74,27540,-38.8,
,2020.36,27560,-38.11,
,2020.97,27580,-37.71,
,2021.61,27600,-38.72,
,2022.13,27620,-38.45,
,2022.7,27640,-38.39,
,2023.3,27660,-37.53,
,2023.99,27680,-37.05,
,2024.7,27700,-36.51,
,2025.39,27720,-38.08,
,2025.85,27740,-40.2,
,2026.16,27760,-40.94,
,2026.45,27780,-41.01,
,2026.77,27800,-40.82,
,2027.05,27820,-41.22,
,2027.34,27840,-41.55,
,2027.62,27860,-40.73,
,2027.9,27880,-39.19,
,2028.16,27900,-40.38,
,2028.49,27920,-42.63,
,2028.77,27940,-41.69,
,2029.07,27960,-39.95,
,2029.36,27980,-42.93,
,2029.64,28000,-42.26,
,2029.93,28020,-41.01,
,2030.2,28040,-43.24,
,2030.47,28060,-42.0,
,2030.72,28080,-39.97,
,2031.0,28100,-41.37,
,2031.26,28120,-41.61,
,2031.56,28140,-41.33,
,2031.82,28160,-42.63,
,2032.09,28180,-40.5,
,2032.4,28200,-40.51,
,2032.66,28220,-42.7,
,2032.97,28240,-40.42,
,2033.25,28260,-40.07,
,2033.53,28280,-40.11,
,2033.84,28300,-40.99,
,2034.12,28320,-43.19,
,2034.42,28340,-41.05,
,2034.68,28360,-40.52,
,2035.01,28380,-42.93,
,2035.35,28400,-42.63,
,2035.66,28420,-41.8,
,2035.94,28440,-41.35,
,2036.27,28460,-41.0,
,2036.64,28480,-41.27,
,2036.97,28500,-41.76,
,2037.3,28520,-40.92,
,2037.7,28540,-41.3,
,2038.15,28560,-39.62,
,2038.63,28580,-37.96,
,2039.15,28600,-38.94,
,2039.7,28620,-38.71,
,2040.29,28640,-37.79,
,2040.79,28660,-38.11,
,2041.41,28680,-38.05,
,2041.96,28700,-38.49,
,2042.53,28720,-37.93,
,2043.2,28740,-37.09,
,2043.8,28760,-37.85,
,2044.45,28780,-38.28,
,2045.07,28800,-37.66,
,2045.6,28820,-37.47,
,2046.05,28840,-38.77,
,2046.39,28860,-39.78,
,2046.71,28880,-41.49,
,2047.01,28900,-41.82,
,2047.29,28920,-41.88,
,2047.59,28940,-41.35,
,2047.87,28960,-41.29,
,2048.16,28980,-42.34,
,2048.43,29000,-40.7,
,2048.69,29020,-40.75,
,2048.92,29040,-41.19,
,2049.18,29060,-40.49,
,2049.41,29080,-40.28,
,2049.67,29100,-42.66,
,2049.92,29120,-40.96,
,2050.16,29140,-41.54,
,2050.43,29160,-41.23,
,2050.67,29180,-40.46,
,2050.91,29200,-40.92,
,2051.14,29220,-39.28,
,2051.41,29240,-40.32,
,2051.65,29260,-42.35,
,2051.91,29280,-41.95,
,2052.16,29300,-42.25,
,2052.42,29320,-41.62,
,2052.69,29340,-41.37,
,2052.93,29360,-40.84,
,2053.15,29380,-41.39,
,2053.41,29400,-43.83,
,2053.64,29420,-41.83,
,2053.84,29440,-42.02,
,2054.05,29460,-41.74,
,2054.3,29480,-40.63,
,2054.52,29500,-41.84,
,2054.78,29520,-41.02,
,2055.05,29540,-42.92,
,2055.3,29560,-41.29,
,2055.55,29580,-41.74,
,2055.78,29600,-39.45,
,2056.01,29620,-41.84,
,2056.26,29640,-41.75,
,2056.49,29660,-43.21,
,2056.71,29680,-41.36,
,2056.97,29700,-42.27,
,2057.23,29720,-42.01,
,2057.48,29740,-43.05,
,2057.73,29760,-42.93,
,2057.96,29780,-43.16,
,2058.22,29800,-41.36,
,2058.49,29820,-40.79,
,2058.73,29840,-42.66,
,2058.96,29860,-42.9,
,2059.22,29880,-41.46,
,2059.49,29900,-43.19,
,2059.78,29920,-43.34,
,2060.05,29940,-40.15,
,2060.28,29960,-42.34,
,2060.52,29980,-41.9,
,2060.77,30000,-42.6,
,2061.03,30020,-42.1,
,2061.27,30040,-40.33,
,2061.5,30060,-39.0,
,2061.75,30080,-41.71,
,2061.98,30100,-43.08,
,2062.26,30120,-41.01,
,2062.49,30140,-41.58,
,2062.73,30160,-42.1,
,2062.97,30180,-42.13,
,2063.2,30200,-42.56,
,2063.44,30220,-42.77,
,2063.67,30240,-43.53,
,2063.95,30260,-42.7,
,2064.19,30280,-41.2,
,2064.43,30300,-41.99,
,2064.66,30320,-41.2,
,2064.94,30340,-42.59,
,2065.15,30360,-40.76,
,2065.37,30380,-40.06,
,2065.57,30400,-42.91,
,2065.78,30420,-41.98,
,2066.05,30440,-41.89,
,2066.31,30460,-41.23,
,2066.62,30480,-41.83,
,2066.86,30500,-42.68,
,2067.15,30520,-42.32,
,2067.44,30540,-41.5,
,2067.73,30560,-40.2,
,2068.03,30580,-41.76,
,2068.31,30600,-41.21,
,2068.57,30620,-39.21,
,2068.86,30640,-40.66,
,2069.19,30660,-39.92,
,2069.54,30680,-40.6,
,2069.9,30700,-39.58,
,2070.22,30720,-39.26,
,2070.54,30740,-41.49,
,2070.87,30760,-41.5,
,2071.18,30780,-42.52,
,2071.49,30800,-41.9,
,2071.8,30820,-40.09,
,2072.1,30840,-42.08,
,2072.39,30860,-41.53,
,2072.63,30880,-43.12,
,2072.91,30900,-41.66,
,2073.21,30920,-42.2,
,2073.46,30940,-41.84,
,2073.73,30960,-42.1,
,2074.01,30980,-42.73,
,2074.32,31000,-42.07,
,2074.61,31020,-41.25,
,2074.89,31040,-41.17,
,2075.17,31060,-40.51,
,2075.48,31080,-42.41,
,2075.77,31100,-41.49,
,2076.03,31120,-43.0,
,2076.28,31140,-41.94,
,2076.51,31160,-40.84,
,2076.81,31180,-41.53,
,2077.12,31200,-41.17,
,2077.4,31220,-40.14,
,2077.67,31240,-43.02,
,2077.94,31260,-41.4,
,2078.21,31280,-42.32,
,2078.45,31300,-41.11,
,2078.73,31320,-42.48,
,2078.99,31340,-42.18,
,2079.27,31360,-41.23,
,2079.54,31380,-40.84,
,2079.79,31400,-41.99,
,2080.07,31420,-41.24,
,2080.33,31440,-41.79,
,2080.58,31460,-41.68,
,2080.85,31480,-43.19,
,2081.11,31500,-41.57,
,2081.38,31520,-43.04,
,2081.69,31540,-42.64,
,2081.97,31560,-41.86,
,2082.25,31580,-42.78,
,2082.54,31600,-42.46,
,2082.82,31620,-43.31,
,2083.1,31640,-41.91,
,2083.41,31660,-41.32,
,2083.7,31680,-41.12,
,2083.98,31700,-42.54,
,2084.27,31720,-42.66,
,2084.56,31740,-41.04,
,2084.85,31760,-40.74,
,2085.11,31780,-40.81,
,2085.4,31800,-42.49,
,2085.66,31820,-41.66,
,2085.94,31840,-41.29,
,2086.2,31860,-41.13,
,2086.48,31880,-41.58,
,2086.75,31900,-40.68,
,2087.03,31920,-40.82,
,2087.33,31940,-40.72,
,2087.66,31960,-40.91,
,2087.98,31980,-40.3,
,2088.29,32000,-40.58,
,2088.69,32020,-40.04,
,2089.07,32040,-39.96,
,2089.5,32060,-40.41,
,2089.91,32080,-40.02,
,2090.33,32100,-39.81,
,2090.78,32120,-38.83,
,2091.22,32140,-39.24,
,2091.68,32160,-39.04,
,2092.07,32180,-38.69,
,2092.49,32200,-38.34,
,2092.94,32220,-39.39,
,2093.46,32240,-38.25,
,2093.98,32260,-38.25,
,2094.48,32280,-39.08,
,2094.97,32300,-38.88,
,2095.45,32320,-38.46,
,2095.98,32340,-38.57,
,2096.56,32360,-38.68,
,2097.13,32380,-38.66,
