short_name,depth (cm),age (cal yr BP),CCA 1,chron_table,age_type,lab ID,Lower depth (cm),Upper depth (cm),14C age (yr BP),14C age error (1s),Material
hjort,3.3,488,0.6831,,14C,KIA27666,43.5,43.0,3720.0,45.0,Salix arctica
,10.0,931,0.6592,,14C,KIA25342,48.0,46.0,3820.0,55.0,Dryas octopetala
,14.0,1059,0.37260000000000004,,14C,KIA27667,62.5,62.0,5695.0,40.0,Salix arctica
,22.0,1215,0.6339,,14C,Poz-6159,17.0,13.0,1135.0,30.0,Warnstorfia exannulata
,26.0,1289,0.2446,,14C,Poz-6160,32.0,27.0,1505.0,30.0,Warnstorfia exannulata
,30.0,1379,0.6479,,14C,Poz-6161,61.0,56.0,2475.0,35.0,Dryas octopetala
,40.0,1709,0.5709000000000001,,14C,Poz-6163,84.0,81.0,3590.0,35.0,Dryas octopetala
,52.0,2240,0.6433000000000001,,14C,Poz-6164,116.0,112.0,5060.0,40.0,Dryas octopetala
,58.0,2552,0.40230000000000005,,14C,Poz-6165,145.0,142.0,6630.0,40.0,Warnstorfia exannulata
,62.0,2769,0.2305,,14C,Poz-6193,145.0,142.0,6440.0,40.0,"E. nigrum, Polytrichum sp."
,66.0,2989,0.17070000000000002,,14C,Poz-6194,174.0,170.0,8260.0,0.0,Warnstorfia exannulata
,70.0,3211,-0.0754,,,,,,,,
,74.0,3433,0.2132,,,comments,,,,,
,78.0,3655,0.47050000000000003,,,No short-lived isotopes reported,,,,,
,84.0,3987,0.012,,,Year of core collection not indicated,,,,,
,90.0,4322,-0.1658,,,,,,,,
,94.0,4547,0.05740000000000001,,,,,,,,
,98.0,4776,0.0193,,,,,,,,
,102.0,5009,-0.7186,,,,,,,,
,106.0,5247,-0.3713,,,,,,,,
,110.0,5490,-0.3468,,,,,,,,
,114.0,5739,-0.48410000000000003,,,,,,,,
,118.0,5993,-0.3284000000000001,,,,,,,,
,122.0,6251,-0.4839,,,,,,,,
,126.0,6513,-0.3609,,,,,,,,
,130.0,6778,-0.1356,,,,,,,,
,134.0,7042,-0.5371,,,,,,,,
,138.0,7305,0.1076,,,,,,,,
,144.0,7736,-0.0819,,,,,,,,
,156.0,8397,0.5674,,,,,,,,
,170.0,9069,1.0324,,,,,,,,
,209.0,9773,0.5008,,,,,,,,
