short_name,depth (cm),age (cal yr BP),Pollen (#/cm2/yr1 ),chron_table,age_type,Depth (cm),Material,lab ID,14C age (yr BP),14C age error (1s),age (cal yr BP).1,rejected,notes
igaliku,1.2,-51.2,2814.0,,surface,0,,,,,-60.0,,assumed core top age
,3.1,-40.7,2429.0,,14C,4,Undetermined plant remains,Poz-24707,107.11,0.36,,x,rejected by author
,5.5,-16.0,1649.0,,14C,17.55,Aquatic moss,Poz-31628,370.0,100.0,,,
,8.7,34.5,683.0,,14C,28,Betula leaf,Poz-31632,620.0,80.0,,,
,10.6,71.7,547.0,,14C,30.35,Betula bark fragment,Poz-31629,655.0,35.0,,,
,12.2,115.7,465.0,,14C,33.1,Salix leaf,Poz-26852,775.0,30.0,,,
,14.0,182.7,433.0,,14C,40.3,Twig,Poz-31630,945.0,35.0,,,
,16.6,295.4,391.0,,14C,52,Wood,Poz-35136,1005.0,30.0,,,
,20.6,439.9,218.0,,14C,61.2,1 Salix and 2 Betula leaves,Poz-38952,1260.0,40.0,,,
,22.2,484.1,280.0,,14C,66.8,Aquatic moss,Poz-30535,1260.0,35.0,,,
,25.5,556.6,590.0,,14C,67.2,Wood,Lyon-7300,1265.0,30.0,,,
,26.1,567.9,627.0,,14C,68,Wood,Lyon-7301,1410.0,30.0,,,
,29.2,619.2,564.0,,14C,69.3,Twig,Poz-35135,1305.0,30.0,,,
,30.2,634.4,559.0,,14C,71.35,Betula leaf,Lyon-7302,1450.0,30.0,,,
,32.5,669.1,724.0,,14C,79.2,Leaf,Poz-31633,1580.0,60.0,,,
,34.0,691.4,768.0,,14C,89.5,Betula wood,Lyon-31874,1775.0,40.0,,,
,35.9,717.7,924.0,,14C,94.4,Betula wood,Lyon-7303,1930.0,30.0,,,
,39.7,764.8,863.0,,14C,113,Betula leaves fragments,Poz-37363,2250.0,40.0,,,
,41.8,789.6,726.0,,14C,126.3,Aquatic moss,Poz-30536,2620.0,70.0,,,
,43.45,809.6,480.0,,14C,161.55,Betula leaf,Poz-37364,3070.0,40.0,,,
,46.4,848.0,487.0,,14C,190.4,Twig,Poz-30537,3740.0,70.0,,,
,49.2,890.1,475.0,,14C,206.55,Wood,Poz-35131,4250.0,35.0,,,
,51.7,934.8,648.0,,14C,207.6,Wood,Poz-37365,4110.0,35.0,,,
,53.7,975.6,660.0,,14C,242.4,Twig,Poz-37366,6970.0,70.0,,,
,57.1,1050.6,651.0,,14C,248.5,Wood,Poz-35130,7440.0,40.0,,,
,59.6,1106.3,494.0,,14C,252.5,Wood and leaves fragments,Poz-24710,7560.0,50.0,,,
,60.6,1128.0,471.0,,14C,260.4,Vaccinum and Betula leaves fragments,Poz-37367,8350.0,80.0,,,
,63.0,1179.3,584.0,,14C,270.9,Ericacea leaf,Poz-30538,8330.0,60.0,,,
,64.6,1215.4,668.0,,14C,392.7,herb rhizome epidermis,Poz-31634,8920.0,190.0,,,
,68.6,1320.3,620.0,,,,,,,,,,
,72.4,1411.8,615.0,,,comments,,,,,,,
,76.4,1495.6,552.0,,,Age model includes Pb and Cs isotopes,,,,,,,
,79.6,1563.6,557.0,,,,,,,,,,
,85.1,1701.4,443.0,,,,,,,,,,
,88.6,1809.5,626.0,,,,,,,,,,
,93.2,1937.4,898.0,,,,,,,,,,
,96.6,2010.8,,,,,,,,,,,
,100.2,2078.0,997.0,,,,,,,,,,
,104.0,2147.0,894.0,,,,,,,,,,
,107.0,2207.2,820.0,,,,,,,,,,
,111.2,2310.6,,,,,,,,,,,
,115.1,2424.7,690.0,,,,,,,,,,
,117.5,2498.6,675.0,,,,,,,,,,
,120.35,2585.1,779.0,,,,,,,,,,
,121.95,2631.7,912.0,,,,,,,,,,
,124.45,2699.0,798.0,,,,,,,,,,
,127.35,2769.4,780.0,,,,,,,,,,
,132.25,2872.5,1063.0,,,,,,,,,,
,137.3,2963.0,1421.0,,,,,,,,,,
,140.4,3013.3,1244.0,,,,,,,,,,
,142.9,3052.1,891.0,,,,,,,,,,
,145.7,3094.7,1275.0,,,,,,,,,,
,148.5,3137.5,1378.0,,,,,,,,,,
,152.8,3205.8,1254.0,,,,,,,,,,
,158.2,3301.4,964.0,,,,,,,,,,
,161.4,3365.7,928.0,,,,,,,,,,
,164.8,3440.8,853.0,,,,,,,,,,
,168.8,3538.5,825.0,,,,,,,,,,
,172.2,3629.8,764.0,,,,,,,,,,
,175.6,3729.1,825.0,,,,,,,,,,
,179.0,3836.3,813.0,,,,,,,,,,
,182.1,3941.5,771.0,,,,,,,,,,
,184.9,4042.7,648.0,,,,,,,,,,
,188.8,4193.4,676.0,,,,,,,,,,
,191.9,4319.4,629.0,,,,,,,,,,
,194.4,4423.2,522.0,,,,,,,,,,
,198.3,4585.2,304.0,,,,,,,,,,
,202.4,4750.6,305.0,,,,,,,,,,
,204.8,4852.7,294.0,,,,,,,,,,
,208.4,5057.3,244.0,,,,,,,,,,
,210.4,5195.6,188.0,,,,,,,,,,
,211.4,5270.5,163.0,,,,,,,,,,
,216.6,5711.3,228.0,,,,,,,,,,
,221.7,6202.4,181.0,,,,,,,,,,
,224.8,6515.2,141.0,,,,,,,,,,
,230.4,7079.8,94.0,,,,,,,,,,
,233.8,7406.9,84.0,,,,,,,,,,
,239.4,7888.9,106.0,,,,,,,,,,
,241.9,8070.4,63.0,,,,,,,,,,
,242.8,8128.3,50.0,,,,,,,,,,
,244.4,8220.4,35.0,,,,,,,,,,
,253.1,8620.9,16.0,,,,,,,,,,
,271.7,9527.0,176.0,,,,,,,,,,
