short_name,Depth (cm),Age (cal yr BP),Temperature (C),Temperature error (deg C),chron_table,age_type,depth (cm),14C age (yr BP),14C age error (1s),age (cal yr BP),age error (2s),notes
jake,0,-41.0,8.564696602,0.581412180000001,,surface,0.1,,,-41.0,2.0,assumed top age
,1,259.3705021323,7.28078904,0.564579489,,14C_bulk,6.5,2110.0,300.0,,,Adjusted hummic acid
,2,590.899606527516,8.153273406,0.62694143,,14C_bulk,15.5,3960.0,300.0,,,Adjusted hummic acid
,3,919.483339738087,7.890321225,0.619902047999999,,14C_bulk,25.5,4990.0,300.0,,,Adjusted hummic acid
,4,1243.56567756001,8.361018129,0.529255971,,14C_bulk,35.5,6140.0,300.0,,,Adjusted hummic acid
,6,1872.00244391228,8.795895404,0.605784870000001,,14C_bulk,45.5,7070.0,300.0,,,Adjusted hummic acid
,8,2464.44597959103,6.277635966,0.54581743,,14C_bulk,55.5,8460.0,300.0,,,Adjusted hummic acid
,9,2745.16360967552,8.438266862,0.7224358660000001,,14C_bulk,65.5,8710.0,300.0,,,Adjusted hummic acid
,10,3015.0826171273,5.600134876,0.414554833,,,,,,,,
,11,3273.86242173106,7.533357369,0.6882501519999991,,,,,,,,
,12,3521.16243766651,7.781391553,0.6789948090000001,,,,,,,,
,14,3979.9607846232,9.399746876,0.584720573,,,,,,,,
,15,4190.77799760881,7.312432604,0.545817430000001,,,,,,,,
,16,4388.78326404699,5.500191346,0.557565807,,,,,,,,
,18,4748.60999121961,7.722888201,0.6507948610000001,,,,,,,,
,19,4912.6350320694,8.273336993,0.6349668260000011,,,,,,,,
,20,5067.5572428795,8.733541302,0.588026754,,,,,,,,
,21,5214.49360109056,7.279666831,0.610874323,,,,,,,,
,22,5354.56106385668,8.44377002,0.6795769609999991,,,,,,,,
,23,5488.87676004421,8.246100419,0.6317383670000011,,,,,,,,
,24,5618.55766921858,9.421229867,0.415275455000002,,,,,,,,
,26,5868.45994797208,7.992314801,0.6914518860000001,,,,,,,,
,28,6110.37067340242,7.684963896,0.6329585870000001,,,,,,,,
,30,6344.9347670135,7.599941886,0.456625605999999,,,,,,,,
,34,6792.09593370495,6.000089489,0.33704530400000005,,,,,,,,
,38,7211.74169220154,7.252696661,0.34541194700000105,,,,,,,,
,46,8081.66631432444,6.000123828,0.476309923,,,,,,,,
