short_name,Age (cal yr BP),Temperature (deg C),chron_table,age_type,Upper depth (cm),Lower depth (cm),Material,14C age (yr BP),14C age error (1s)
JR01,-49.0,6.28,,14C,30.0,35.0,"Bryophytes, leaf and branch frags",1290.0,40.0
,-40.25,6.28,,14C,59.0,61.0,Plant material and chironomids,2120.0,40.0
,-25.25,6.14,,14C,95.0,100.0,"Bryophytes, leaf and branch frags",2410.0,40.0
,-21.5,6.28,,14C,153.0,154.0,Plant material and chironomids,3030.0,40.0
,-16.5,6.66,,14C,220.0,225.0,"Bryophytes, leaf and branch frags",4290.0,40.0
,-10.0,6.9,,14C,295.0,300.0,"Bryophytes, leaf and branch frags",4890.0,40.0
,13.5,9.06,,14C,349.0,350.0,Plant material and chironomids,4990.0,40.0
,83.0,5.98,,14C,395.0,396.0,Plant fragments,5000.0,40.0
,164.9125,7.28,,14C,453.0,456.0,Plant fragments,6160.0,40.0
,252.0765,6.12,,14C,544.0,549.0,"Bryophytes, leaf and branch frags",6320.0,40.0
,339.2405,7.38,,,,,,,
,426.4045,8.08,,,,,,,
,513.5685,5.76,,,,,,,
,600.7325,6.76,,,,,,,
,720.583,8.28,,,,,,,
,894.911,8.84,,,,,,,
,1069.239,8.4,,,,,,,
,1229.588,7.94,,,,,,,
,1575.408,8.4,,,,,,,
,1852.064,8.58,,,,,,,
,2163.302,8.4,,,,,,,
,2256.0,6.78,,,,,,,
,2517.0,7.78,,,,,,,
,2684.0,10.24,,,,,,,
,3045.0,9.72,,,,,,,
,3105.0,7.94,,,,,,,
,3231.0,7.3,,,,,,,
,3402.0,6.28,,,,,,,
,3475.0,6.46,,,,,,,
,3596.0,8.84,,,,,,,
,3718.0,10.24,,,,,,,
,3791.0,8.42,,,,,,,
,3840.0,9.74,,,,,,,
,3888.0,8.92,,,,,,,
,3961.0,9.38,,,,,,,
,4010.0,6.92,,,,,,,
,4083.0,9.92,,,,,,,
,4156.0,7.28,,,,,,,
,4205.0,7.46,,,,,,,
,4302.0,9.64,,,,,,,
,4448.0,8.56,,,,,,,
,4692.0,9.34,,,,,,,
,4962.0,7.78,,,,,,,
,4994.0,7.02,,,,,,,
,5154.0,9.68,,,,,,,
,5261.0,8.78,,,,,,,
,5475.0,7.84,,,,,,,
,5582.0,9.42,,,,,,,
,5676.0,8.78,,,,,,,
,5697.0,6.98,,,,,,,
,5719.0,6.76,,,,,,,
,5751.0,7.02,,,,,,,
,5836.0,7.96,,,,,,,
,6060.0,9.42,,,,,,,
,6396.0,6.64,,,,,,,
,6732.0,8.18,,,,,,,
,6956.0,7.0,,,,,,,
