short_name,sample,depth (cm),age (cal yrs BP),LOI (%),Carbonate (%),MS (SI),BSi (%),sample.1,Depth (cm),Age (cal yr BP),Temperature (deg C),Temperature (deg C).1,Temperature (deg C).2,Precipitation (mm),Precipitation (mm).1,Precipitation (mm).2,chron_table,age_type,lab ID,Lower depth (cm),Upper depth (cm),14C age (yr BP),14C age error (1s),age (yr BP),Material,rejected,notes
KR02,physical_seds,0.0,-51.0,57.0312499999904,-5.46875000000098,999.99,,temp_precip,1.0,-48.9843,6.21118,5.70037,5.8738,140.762,146.252,143.129,,surface,,0.0,o,,,-51.0,,,Assumed top age based on collection year (2001)
,,0.5,-49.99215,51.4354066985634,1.19617224880528,999.99,,,7.0,-30.0037,5.95448,5.41519,5.9032,139.789,142.132,138.94,,14C_bulk,Beta-199874,37.5,39.5,890.0,40.0,,Bulk sediment,,
,,1.0,-48.9843,51.8633540372683,1.86335403726828,999.99,,,8.5,-23.661,5.99734,5.51794,5.742,140.999,138.962,129.32,,14C,Beta-199875,70.0,73,1680.0,50.0,,Macrofossils,,
,,1.5,-47.97645,51.2738853503184,0.0,999.99,,,13.5,15.9027,5.67205,5.15008,5.5364,142.175,140.352,128.322,,14C,Beta-199877,208.0,209,3500.0,40.0,,Macrofossils,,
,,2.0,-46.9686,51.5587529976015,1.91846522781755,999.99,,,18.5,62.921,5.29819,4.59349,4.8846,142.415,138.011,143.244,,14C_bulk,Beta-206009,241.0,243,4270.0,40.0,,Bulk sediment,,Age adjusted based on offset determined by tephra age
,,2.5,-45.96075,55.9870550161847,0.9708737864055341,999.99,,,26.0,255.522,5.96006,5.37832,5.7168,144.364,148.68,141.86,,14C_bulk,Beta-199878,291.0,293,5760.0,50.0,,Bulk sediment,,
,,3.0,-44.9529,53.887399463805,1.07238605898349,999.99,,,32.5,519.923,6.03166,5.26417,5.9558,148.568,146.918,144.402,,14C,Beta-206010,314.0,317,6150.0,50.0,,Macrofossils,,
,,3.5,-43.96375,52.3809523809534,0.5952380952366951,999.99,,,38.75,820.966,5.97252,5.28144,5.83,144.007,144.635,135.819,,14C,Beta-206011,333.0,335,7050.0,50.0,,Macrofossils,,
,,4.0,-42.975,53.0351437699695,0.9584664536718911,999.99,,,42.5,910.737,5.954,5.43002,5.864,142.39,141.888,132.431,,14C,Beta-213872,349.0,351,8590.0,40.0,,Macrofossils,,
,,4.5,-41.4096,52.7536231884071,0.0,999.99,,,48.75,1060.36,5.9202,5.26804,5.87,138.974,141.946,139.034,,14C,Beta-199879,362.0,364,8730.0,60.0,,Macrofossils,,
,,5.0,-39.844,51.359516616311,1.81268882175335,999.99,,,57.5,1269.82,6.10532,5.61091,5.6214,141.675,142.819,136.138,,14C_bulk,Beta-206012,404.0,407,18950.0,170.0,,Bulk sediment,x,Age rejected by author
,,5.5,-35.5107,52.1164021164043,2.3809523809516,999.99,,,68.5,1533.15,5.92357,5.39603,5.798,142.093,144.872,140.933,,,,,,,,,,,
,,6.0,-32.7504,52.6645768025072,0.9404388714767231,999.99,,,75.5,1668.22,5.74508,5.21087,4.9552,146.745,147.984,150.82,,,comments,,,,,,,,
,,6.5,-32.32075,57.0000000000012,1.33333333333018,999.99,,,84.5,1810.44,5.68661,5.18362,4.5538,147.638,148.678,149.992,,,Pb was analyzed; data are available in article,,,,,,,,
,,7.0,-30.0035,49.5297805642644,4.07523510971947,999.99,,,95.5,1984.28,6.05293,5.55129,5.5568,144.226,146.622,127.859,,,"The age-depth model, based on a linear interpolation between 14C and Pb 210 dates",,,,,,,,
,,7.5,-27.9245,51.8840579710127,2.31884057970992,999.99,,,104.5,2126.5,6.1491,5.64428,5.401,146.449,147.44,135.676,,,interpolation of,,,,,,,,
,,8.0,-25.8448,49.7487437185935,2.26130653266253,999.99,,,115.5,2300.34,6.0565,5.52529,5.783,141.357,143.412,131.385,,,,,,,,,,,
,,8.5,-23.6612,49.3107104984091,2.86320254506978,999.99,,,125.5,2458.37,6.12592,5.59127,5.6894,144.563,147.485,140.322,,,,,,,,,,,
,,9.0,-21.4778,49.8839907192558,2.55220417633635,999.99,,,135.5,2616.4,5.6761,5.1878,5.3908,140.677,142.784,139.91,,,,,,,,,,,
,,9.5,-14.088,50.8393285371704,2.15827338129417,999.99,,,145.5,2774.43,6.20078,5.64348,5.5214,148.501,153.03,130.162,,,,,,,,,,,
,,10.0,-6.70000000000002,48.9130434782586,2.17391304347805,999.99,,,150.75,2857.39,6.13557,5.61751,5.5936,144.054,147.906,139.189,,,,,,,,,,,
,,10.5,-2.93465,50.1408450704247,1.69014084507145,999.99,,,160.75,3015.42,6.08362,5.53323,5.4746,148.491,150.331,132.405,,,,,,,,,,,
,,11.0,0.832699999999988,48.795180722889,2.40963855421655,999.99,,,175.5,3252.47,6.28135,5.7458,5.7076,145.927,152.149,142.407,,,,,,,,,,,
,,11.5,4.60005,49.4652406417101,2.40641711229861,999.99,,,188.75,3457.91,6.45886,5.893,5.83,146.763,150.068,142.348,,,,,,,,,,,
,,12.0,8.36739999999999,49.3506493506497,3.11688311688278,999.99,,,193.4,3532.97,6.18009,5.65021,5.4498,146.959,148.331,133.368,,,,,,,,,,,
,,12.5,12.13475,48.7623762376245,2.72277227722577,999.99,,,203.5,3691.0,5.86271,5.34621,5.6366,139.157,142.11,141.505,,,,,,,,,,,
,,13.0,15.9021,48.4486873508347,2.86396181384216,999.99,,,208.5,3770.0,6.25109,5.68232,5.8232,146.941,150.408,141.712,,,,,,,,,,,
,,13.5,19.50065,47.0588235294112,3.64145658263449,999.99,,,213.5,3930.51,6.29082,5.7076,5.8052,146.031,148.143,135.573,,,,,,,,,,,
,,14.0,23.0976,47.448979591837,2.55102040816411,999.99,,,218.5,4090.97,6.35825,5.79218,5.8754,145.656,150.336,142.476,,,,,,,,,,,
,,14.5,26.69455,46.5564738292018,3.58126721762978,999.99,,,223.5,4251.42,6.23998,5.71089,5.7174,144.544,148.434,141.221,,,,,,,,,,,
,,15.0,30.2915,43.0150014707323,3.56309442102224,999.99,,,228.5,4411.86,6.05821,5.53881,5.4286,146.607,149.354,135.669,,,,,,,,,,,
,,15.5,34.97795,46.0992907801426,1.89125295508249,999.99,,,233.5,4572.31,6.31545,5.76849,5.6932,145.63,149.713,142.019,,,,,,,,,,,
,,16.0,39.6624,43.3153395078644,2.98496556511641,999.99,,,238.5,4732.77,6.36915,5.76661,5.7962,147.472,150.887,139.414,,,,,,,,,,,
,,16.5,44.34685,45.221445221445,2.79720279720246,999.99,,,243.5,4896.15,5.99467,5.49447,5.8084,139.391,143.072,144.826,,,,,,,,,,,
,,17.0,49.0313,42.5925481288683,2.73982798941548,999.99,,,248.75,5075.18,6.37505,5.7828,6.0134,141.132,147.659,146.202,,,,,,,,,,,
,,17.5,55.975,44.4924406047511,1.94384449244181,999.99,,,253.5,5237.15,6.42908,5.89555,6.0282,145.674,150.667,144.072,,,,,,,,,,,
,,18.0,62.918,40.9154456124417,2.21348079483218,999.99,,,258.75,5416.18,6.51848,5.87719,5.8002,146.186,151.721,142.924,,,,,,,,,,,
,,18.5,69.861,42.8223844282233,2.67639902676639,999.99,,,263.5,5578.15,6.63814,6.03813,5.9454,145.606,152.017,144.196,,,,,,,,,,,
,,19.0,76.804,39.4506369426739,2.5637857822688,-0.31,,,268.75,5757.18,6.39354,5.80361,5.8564,146.758,151.984,143.614,,,,,,,,,,,
,,19.5,85.8795000000001,39.8945518453442,2.10896309314412,999.99,,,273.5,5919.15,6.33493,5.78435,5.8872,144.53,147.623,140.728,,,,,,,,,,,
,,20.0,94.97,36.5461847389567,2.61044176706579,-0.12,7.44772468910402,,278.75,6098.18,6.66433,6.0685,5.9154,149.12,155.288,142.37,,,,,,,,,,,
,,20.5,104.0605,999.99,999.99,999.99,,,284.5,6294.25,6.52073,5.94705,5.9198,148.099,154.084,142.549,,,,,,,,,,,
,,21.0,113.151,35.8452138492861,2.64765784114154,0.01,,,291.5,6532.95,6.25308,5.68569,5.7278,145.152,151.303,141.905,,,,,,,,,,,
,,21.5,133.2175,999.99,999.99,999.99,,,296.5,6644.84,6.53141,5.92413,5.9632,143.045,147.923,144.158,,,,,,,,,,,
,,22.0,153.27,35.4838709677425,2.65654648956404,0.455,,,301.5,6750.16,6.49468,5.88342,5.907,144.236,150.343,143.442,,,,,,,,,,,
,,22.5,173.3225,999.99,999.99,999.99,,,311.5,6960.8,6.53703,5.99573,5.7632,147.686,152.137,143.926,,,,,,,,,,,
,,23.0,193.375,35.2688172043029,2.79569892473231,0.8525,,,316.75,7100.0,6.46783,5.88912,5.7288,148.1,152.294,143.928,,,,,,,,,,,
,,24.0,233.48,34.9900596421468,2.38568588469335,1.495,,,321.5,7309.26,6.58344,5.99478,5.8522,145.094,148.831,142.7,,,,,,,,,,,
,,25.0,273.585,35.2342158859487,3.05498981669716,2.2175,,,325.5,7485.48,6.33541,5.74118,5.9932,141.96,147.06,147.398,,,,,,,,,,,
,,26.0,313.69,35.6854838709706,2.21774193548229,2.86,,,327.5,7573.59,6.44946,5.84597,6.024,142.894,149.772,146.484,,,,,,,,,,,
,,27.0,353.795,37.3362445414832,2.6200873362462,3.23,,,329.5,7661.69,6.61837,6.01678,5.9186,147.974,153.797,142.573,,,,,,,,,,,
,,28.0,393.9,36.8644067796578,2.54237288135753,3.2275,,,332.5,7793.85,6.45836,5.82867,6.0152,145.205,149.657,145.878,,,,,,,,,,,
,,29.0,434.005,37.3913043478244,3.26086956521756,3.07,,,333.5,7993.46,6.62477,6.03079,5.8966,147.205,155.414,143.492,,,,,,,,,,,
,,30.0,474.11,38.7755102040797,3.62811791383178,2.8425,5.86895022555243,,335.5,7993.46,6.46476,5.92859,5.8376,146.594,149.34,139.658,,,,,,,,,,,
,,31.0,514.215,37.383177570093,3.73831775701096,2.585,,,336.75,8125.49,6.22323,5.61967,5.916,141.329,145.536,142.193,,,,,,,,,,,
,,32.0,554.32,35.6993736951965,4.38413361169191,2.385,,,337.5,8204.72,6.45693,5.91178,5.7364,145.88,152.093,142.712,,,,,,,,,,,
,,33.0,594.425,38.9380530973452,1.54867256637202,2.2025,,,339.5,8415.98,6.69102,6.08994,5.9014,145.178,152.524,142.914,,,,,,,,,,,
,,34.0,634.53,40.1785714285726,2.67857142856913,2.25,,,340.75,8548.01,6.58588,5.94208,5.8504,147.887,153.708,143.026,,,,,,,,,,,
,,35.0,674.635,40.5660377358502,2.83018867924702,1.9675,8.20190102825904,,342.25,8706.46,6.52208,5.98332,5.8044,145.908,151.168,142.776,,,,,,,,,,,
,,36.0,714.74,38.7323943661964,2.34741784037636,1.86,,,343.75,8864.91,6.621,5.97744,5.9744,147.258,152.969,147.19,,,,,,,,,,,
,,37.0,754.845,37.0023419203717,1.63934426229542,1.56,,,346.5,9155.39,6.61406,6.00481,5.9408,145.462,152.397,145.972,,,,,,,,,,,
,,38.0,794.95,35.7777777777773,1.55555555555588,1.4275,,,348.5,9366.65,6.63374,6.01525,5.9734,147.189,152.437,143.486,,,,,,,,,,,
,,39.0,826.951,34.4155844155844,1.94805194805507,1.425,,,351.5,9571.4,6.73281,6.12604,5.9128,147.458,153.434,142.816,,,,,,,,,,,
,,40.0,850.89,34.7161572052408,1.5283842794763,1.4675,6.74465953527456,,361.5,9713.71,6.49742,5.88877,5.8438,143.833,150.955,143.52,,,,,,,,,,,
,,41.0,874.829,34.4036697247708,1.60550458715624,1.59,,,366.75,9788.42,5.97536,5.50302,5.7962,139.053,142.562,146.899,,,,,,,,,,,
,,42.0,898.768,34.6666666666649,1.77777777777759,1.585,,,371.5,9856.02,6.30919,5.72816,6.0236,141.432,146.131,145.01,,,,,,,,,,,
,,43.0,922.707,36.1173814898422,1.35440180586993,1.5075,,,376.75,9930.73,5.71671,5.26656,5.8124,129.728,134.743,133.502,,,,,,,,,,,
,,44.0,946.646,35.9903381642536,0.966183574876989,1.45,,,382.5,10012.6,5.58244,5.23104,5.765,127.813,137.183,131.476,,,,,,,,,,,
,,45.0,970.585,36.7541766109776,2.14797136038109,1.1425,10.0986045834202,,388.75,10101.5,4.51639,4.19797,4.2944,137.352,159.023,143.424,,,,,,,,,,,
,,46.0,994.524,36.9897959183663,0.765306122451708,0.89,,,,,,,,,,,,,,,,,,,,,
,,47.0,1018.463,37.7500000000008,1.74999999999814,0.6850000000000002,,,,,,,,,,,,,,,,,,,,,
,,48.0,1042.402,39.5408163265299,1.78571428571469,0.4575,,,,,,,,,,,,,,,,,,,,,
,,49.0,1066.341,39.2500000000009,1.50000000000091,0.15,,,,,,,,,,,,,,,,,,,,,
,,50.0,1090.28,40.3693931398408,1.31926121372191,-0.0775,8.75350086559974,,,,,,,,,,,,,,,,,,,,
,,51.0,1114.219,41.6216216216217,0.8108108108089421,-0.31,,,,,,,,,,,,,,,,,,,,,
,,52.0,1138.158,42.1487603305784,1.10192837465553,-0.41,,,,,,,,,,,,,,,,,,,,,
,,53.0,1162.097,41.3698630136979,1.64383561643942,-0.4425,,,,,,,,,,,,,,,,,,,,,
,,54.0,1186.036,41.6879795396434,1.79028132992359,-0.5,,,,,,,,,,,,,,,,,,,,,
,,55.0,1209.975,41.3888888888867,0.0,-0.5275000000000001,7.46943232395979,,,,,,,,,,,,,,,,,,,,
,,56.0,1233.914,41.971830985914,1.12676056338269,-0.51,,,,,,,,,,,,,,,,,,,,,
,,57.0,1257.853,43.5294117647028,1.47058823529588,-0.48500000000000004,,,,,,,,,,,,,,,,,,,,,
,,58.0,1281.792,41.9540229885042,1.43678160919713,-0.5175000000000001,,,,,,,,,,,,,,,,,,,,,
,,59.0,1305.731,999.99,999.99,-0.47,,,,,,,,,,,,,,,,,,,,,
,,60.0,1329.67,999.99,999.99,-0.35250000000000004,,,,,,,,,,,,,,,,,,,,,
,,61.0,1353.609,999.99,999.99,-0.37,,,,,,,,,,,,,,,,,,,,,
,,62.0,1377.548,999.99,999.99,-0.22,,,,,,,,,,,,,,,,,,,,,
,,63.0,1401.487,38.9413988657836,3.59168241966137,-0.06625,,,,,,,,,,,,,,,,,,,,,
,,64.0,1425.426,36.1581920903961,3.01318267419926,0.325,,,,,,,,,,,,,,,,,,,,,
,,65.0,1449.365,37.9921259842517,3.93700787401715,0.9775,,,,,,,,,,,,,,,,,,,,,
,,66.0,1473.304,37.8870673952632,3.64298724954585,0.225,,,,,,,,,,,,,,,,,,,,,
,,67.0,1497.243,38.3363471971057,2.89330922242283,0.26,,,,,,,,,,,,,,,,,,,,,
,,68.0,1521.182,37.0445344129552,4.45344129554694,0.25125,6.20330603620899,,,,,,,,,,,,,,,,,,,,
,,68.5,1533.1515,999.99,999.99,999.99,,,,,,,,,,,,,,,,,,,,,
,,69.0,1545.121,43.0703624733465,3.62473347547894,0.40750000000000003,,,,,,,,,,,,,,,,,,,,,
,,70.0,1569.06,50.248756218906,3.73134328358227,0.5012500000000001,,,,,,,,,,,,,,,,,,,,,
,,71.0,1592.999,50.1319261213717,4.22163588390449,0.335,,,,,,,,,,,,,,,,,,,,,
,,72.0,1612.906,46.9387755102044,4.59183673469233,0.043750000000000004,,,,,,,,,,,,,,,,,,,,,
,,73.0,1628.709,43.8679245282995,3.7735849056599,-0.07875,10.8977983555003,,,,,,,,,,,,,,,,,,,,
,,74.0,1644.512,42.1875000000004,3.34821428571042,-0.06,,,,,,,,,,,,,,,,,,,,,
,,75.0,1660.315,40.8791208791188,3.51648351648309,-0.00375,,,,,,,,,,,,,,,,,,,,,
,,76.0,1676.118,40.0,3.47826086956488,0.08,,,,,,,,,,,,,,,,,,,,,
,,77.0,1691.921,39.4250513347051,3.28542094455815,0.25125,,,,,,,,,,,,,,,,,,,,,
,,78.0,1707.724,37.8099173553726,3.92561983470901,0.30500000000000005,,,,,,,,,,,,,,,,,,,,,
,,79.0,1723.527,38.1782945736435,2.90697674418613,0.47500000000000003,,,,,,,,,,,,,,,,,,,,,
,,80.0,1739.33,35.3398058252438,3.49514563106678,0.5587500000000001,2.24385414948029,,,,,,,,,,,,,,,,,,,,
,,81.0,1755.133,35.5086372360862,3.64683301343394,0.67625,,,,,,,,,,,,,,,,,,,,,
,,82.0,1770.936,33.3333333333344,3.53817504655324,0.9087500000000001,,,,,,,,,,,,,,,,,,,,,
,,83.0,1786.739,32.7272727272729,1.61616161616149,1.1,,,,,,,,,,,,,,,,,,,,,
,,84.0,1802.542,33.0645161290305,3.83064516129215,1.03375,,,,,,,,,,,,,,,,,,,,,
,,85.0,1818.345,36.3445378151278,2.94117647058516,1.105,8.07153350111255,,,,,,,,,,,,,,,,,,,,
,,86.0,1834.148,37.5793011213594,4.5561709132064,0.7,,,,,,,,,,,,,,,,,,,,,
,,87.0,1849.951,34.1341214838962,4.44516918059566,0.680833333333333,,,,,,,,,,,,,,,,,,,,,
,,88.0,1865.754,35.4481488907923,4.26320202701611,0.575833333333333,,,,,,,,,,,,,,,,,,,,,
,,89.0,1881.557,35.809312638582,4.6563192904656,0.5825,,,,,,,,,,,,,,,,,,,,,
,,90.0,1897.36,35.5868957431434,4.43722943722977,0.621666666666667,11.9437487959931,,,,,,,,,,,,,,,,,,,,
,,91.0,1913.163,35.9554307312716,4.36400860937586,0.65,,,,,,,,,,,,,,,,,,,,,
,,92.0,1928.966,35.186301793443,4.08755926613135,0.7475,,,,,,,,,,,,,,,,,,,,,
,,93.0,1944.769,34.6761994463004,4.36348241382776,0.8350000000000001,,,,,,,,,,,,,,,,,,,,,
,,94.0,1960.572,34.0156036930239,3.72409630474218,0.9758333333333331,,,,,,,,,,,,,,,,,,,,,
,,95.0,1976.375,34.3934690272377,4.28232472148915,1.19833333333333,9.46645075988941,,,,,,,,,,,,,,,,,,,,
,,96.0,1992.178,33.5584519605342,3.24252739651238,1.4025,,,,,,,,,,,,,,,,,,,,,
,,97.0,2007.981,33.033766233765,4.28917748917862,1.63916666666667,,,,,,,,,,,,,,,,,,,,,
,,98.0,2023.784,31.7585365853647,4.34065040650567,1.96833333333333,,,,,,,,,,,,,,,,,,,,,
,,99.0,2039.587,30.2572236248678,4.1841997367337,2.32583333333333,,,,,,,,,,,,,,,,,,,,,
,,100.0,2055.39,28.3515931522276,4.33959190323116,2.59,9.22257053291539,,,,,,,,,,,,,,,,,,,,
,,101.0,2071.193,28.0598271410924,4.7932802035422,2.7275,,,,,,,,,,,,,,,,,,,,,
,,102.0,2086.996,28.7796166809188,4.32701175444912,2.63333333333333,,,,,,,,,,,,,,,,,,,,,
,,103.0,2102.799,29.3673092994447,4.64107662603315,2.28833333333333,,,,,,,,,,,,,,,,,,,,,
,,104.0,2118.602,30.7103883219963,4.74702380952438,1.79333333333333,,,,,,,,,,,,,,,,,,,,,
,,105.0,2134.405,32.6894201894205,4.62866712866754,1.29833333333333,16.1924388058907,,,,,,,,,,,,,,,,,,,,
,,106.0,2150.208,34.402155487751,5.18597327052367,0.9525,,,,,,,,,,,,,,,,,,,,,
,,107.0,2166.011,35.7857725234397,3.94516918059601,0.691666666666667,,,,,,,,,,,,,,,,,,,,,
,,108.0,2181.814,36.8695983267539,4.43478351580119,0.565,,,,,,,,,,,,,,,,,,,,,
,,109.0,2197.617,37.3796735123769,4.25855713533256,0.5025,,,,,,,,,,,,,,,,,,,,,
,,110.0,2213.42,38.8956111566855,4.90463494667737,0.51,16.7047389733326,,,,,,,,,,,,,,,,,,,,
,,111.0,2229.223,38.9283445768359,4.8334282460139,0.52,,,,,,,,,,,,,,,,,,,,,
,,112.0,2245.026,38.7593026281549,4.69919333853882,0.5,,,,,,,,,,,,,,,,,,,,,
,,113.0,2260.829,38.6800148312938,4.24175009269463,0.448333333333333,,,,,,,,,,,,,,,,,,,,,
,,114.0,2276.632,38.3164100884363,4.56108745496207,0.494166666666667,,,,,,,,,,,,,,,,,,,,,
,,115.0,2292.435,39.3778801843319,4.02457757296613,0.508333333333333,10.6580094254606,,,,,,,,,,,,,,,,,,,,
,,116.0,2308.238,38.7992831541218,2.95442908346052,0.470833333333333,,,,,,,,,,,,,,,,,,,,,
,,117.0,2324.041,38.5601245156506,3.63261352257274,0.503333333333333,,,,,,,,,,,,,,,,,,,,,
,,118.0,2339.844,38.82513075338,3.99298919478517,0.45916666666666706,,,,,,,,,,,,,,,,,,,,,
,,119.0,2355.647,39.7903904960088,3.20031849311664,0.4625,,,,,,,,,,,,,,,,,,,,,
,,120.0,2371.45,39.0255144032925,3.95473251028706,0.525,13.554228017677,,,,,,,,,,,,,,,,,,,,
,,121.0,2387.24452554744,39.3990929705213,3.92517006802603,0.5375000000000001,,,,,,,,,,,,,,,,,,,,,
,,122.0,2403.04744525547,38.6486320696831,3.81854987118417,0.503333333333333,,,,,,,,,,,,,,,,,,,,,
,,123.0,2418.8503649635,39.2175015852867,3.4914394419783,0.49250000000000005,,,,,,,,,,,,,,,,,,,,,
,,124.0,2434.65328467153,38.590505611387,3.21677159504201,0.446666666666667,,,,,,,,,,,,,,,,,,,,,
,,125.0,2450.45620437956,35.8890845070412,6.18838028169121,0.401666666666667,13.5443466839566,,,,,,,,,,,,,,,,,,,,
,,126.0,2466.25912408759,38.0092510229492,4.23115697088491,0.3641666666666671,,,,,,,,,,,,,,,,,,,,,
,,127.0,2482.06204379562,38.0770294182689,4.23523556735298,0.4458333333333331,,,,,,,,,,,,,,,,,,,,,
,,128.0,2497.86496350364,38.4898802311965,3.94114842989758,0.4841666666666671,,,,,,,,,,,,,,,,,,,,,
,,129.0,2513.66788321167,38.6861227316267,3.83477048294003,0.571666666666667,,,,,,,,,,,,,,,,,,,,,
,,130.0,2529.4708029197,38.3499667332001,3.63073852295415,0.660833333333333,10.1002806545324,,,,,,,,,,,,,,,,,,,,
,,131.0,2545.27372262773,37.5088414545538,3.8623833654682,0.718333333333333,,,,,,,,,,,,,,,,,,,,,
,,132.0,2561.07664233576,36.4918359597491,3.92253654832216,0.805,,,,,,,,,,,,,,,,,,,,,
,,133.0,2576.87956204379,36.9089997268609,4.13448320639026,0.9441666666666672,,,,,,,,,,,,,,,,,,,,,
,,134.0,2592.68248175182,36.4579380443001,3.25702153414423,0.9725,,,,,,,,,,,,,,,,,,,,,
,,135.0,2608.48540145985,35.8032868979321,3.79154147318675,0.9125000000000001,8.85673739960893,,,,,,,,,,,,,,,,,,,,
,,136.0,2624.28832116788,35.5417071805308,3.47072268313244,0.9866666666666671,,,,,,,,,,,,,,,,,,,,,
,,137.0,2640.09124087591,34.7736445947414,4.3012981346145,0.9816666666666671,,,,,,,,,,,,,,,,,,,,,
,,138.0,2655.89416058393,34.0171227127756,4.14092664092624,0.9525,,,,,,,,,,,,,,,,,,,,,
,,139.0,2671.69708029196,33.2773685039292,3.94222216547713,1.01666666666667,,,,,,,,,,,,,,,,,,,,,
,,140.0,2687.49999999999,33.536061359772,4.09431112221679,0.9975,15.3929699875076,,,,,,,,,,,,,,,,,,,,
,,141.0,2703.30291970802,33.8040147103888,3.69866687097854,0.9633333333333332,,,,,,,,,,,,,,,,,,,,,
,,142.0,2719.10583941605,34.6335455170333,4.43301697896495,0.9075000000000001,,,,,,,,,,,,,,,,,,,,,
,,143.0,2734.90875912408,35.3997468842469,3.69217939369426,0.829166666666667,,,,,,,,,,,,,,,,,,,,,
,,144.0,2750.71167883211,34.9862029371999,4.65211030242478,0.7250000000000001,,,,,,,,,,,,,,,,,,,,,
,,145.0,2766.51459854014,36.7334687030989,4.11185662576121,0.7391666666666671,17.1993522394213,,,,,,,,,,,,,,,,,,,,
,,146.0,2782.31751824817,36.7220093656865,3.56960408684693,0.696666666666667,,,,,,,,,,,,,,,,,,,,,
,,147.0,2798.1204379562,36.2083737933395,3.86631061861054,0.700833333333333,,,,,,,,,,,,,,,,,,,,,
,,148.0,2813.92335766423,35.3468134651372,4.92216431930682,0.7233333333333332,,,,,,,,,,,,,,,,,,,,,
,,149.0,2829.72627737225,36.4567337375531,3.64351639305293,0.785,,,,,,,,,,,,,,,,,,,,,
,,150.0,2845.52919708028,35.8437295063224,3.88216992786038,0.75,13.7564931007143,,,,,,,,,,,,,,,,,,,,
,,151.0,2861.33211678831,37.2449491151529,3.88905599839605,0.763333333333333,,,,,,,,,,,,,,,,,,,,,
,,152.0,2877.13503649634,36.9653317288131,4.22624630576698,0.8450000000000001,,,,,,,,,,,,,,,,,,,,,
,,153.0,2892.93795620437,34.2553191489366,5.10638297872297,0.8625,,,,,,,,,,,,,,,,,,,,,
,,154.0,2908.7408759124,33.8235294117642,2.10084033613515,0.8,,,,,,,,,,,,,,,,,,,,,
,,155.0,2924.54379562043,32.7510917030581,3.93013100436542,0.7675000000000001,15.255922268469,,,,,,,,,,,,,,,,,,,,
,,156.0,2940.34671532846,32.7548806941432,3.68763557483635,0.6825,,,,,,,,,,,,,,,,,,,,,
,,157.0,2956.14963503649,32.1503131524005,3.34029227557379,0.72,,,,,,,,,,,,,,,,,,,,,
,,158.0,2971.95255474452,31.93832599119,3.96475770924977,0.4383333333333331,,,,,,,,,,,,,,,,,,,,,
,,159.0,2987.75547445255,32.1576763485468,2.48962655601635,0.54,,,,,,,,,,,,,,,,,,,,,
,,160.0,3003.55839416058,31.2871287128708,3.36633663366434,0.656666666666667,,,,,,,,,,,,,,,,,,,,,
,,161.0,3019.3613138686,30.855855855855,3.82882882883179,0.8250000000000001,,,,,,,,,,,,,,,,,,,,,
,,162.0,3035.16423357663,30.526315789474,3.36842105263125,1.0125,,,,,,,,,,,,,,,,,,,,,
,,163.0,3050.96715328466,31.9148936170189,3.09477756286575,1.18,,,,,,,,,,,,,,,,,,,,,
,,164.0,3066.77007299269,5.95935239407468,0.620048225973523,1.28875,,,,,,,,,,,,,,,,,,,,,
,,165.0,3082.57299270072,6.19437522249922,0.640797436810024,1.3925,15.1852061571573,,,,,,,,,,,,,,,,,,,,
,,166.0,3098.37591240875,36.1924686192476,3.76569037656765,1.3475,,,,,,,,,,,,,,,,,,,,,
,,167.0,3114.17883211678,36.0082304526747,4.1152263374499,1.72166666666667,,,,,,,,,,,,,,,,,,,,,
,,168.0,3129.98175182481,35.1515151515157,3.83838383838206,1.81333333333333,,,,,,,,,,,,,,,,,,,,,
,,169.0,3145.78467153284,34.4064386317894,3.62173038229607,1.98666666666667,,,,,,,,,,,,,,,,,,,,,
,,170.0,3161.58759124087,33.7606837606815,3.63247863248161,2.21166666666667,12.8487656769944,,,,,,,,,,,,,,,,,,,,
,,171.0,3177.3905109489,32.783882783883,3.66300366300328,2.55166666666667,,,,,,,,,,,,,,,,,,,,,
,,172.0,3193.19343065692,31.9343065693431,3.64963503649756,2.85833333333333,,,,,,,,,,,,,,,,,,,,,
,,173.0,3208.99635036495,31.8702290076336,4.38931297709914,3.18166666666667,,,,,,,,,,,,,,,,,,,,,
,,174.0,3224.79927007298,31.4126394052068,4.08921933085204,3.47333333333333,,,,,,,,,,,,,,,,,,,,,
,,175.0,3240.60218978101,32.7808471454871,3.86740331491796,3.815,11.5329322439248,,,,,,,,,,,,,,,,,,,,
,,176.0,3256.40510948904,32.7552986512515,4.04624277456732,4.20333333333333,,,,,,,,,,,,,,,,,,,,,
,,177.0,3272.20802919707,31.8098720292486,4.02193784277926,4.67833333333333,,,,,,,,,,,,,,,,,,,,,
,,178.0,3288.0109489051,31.0150375939859,3.94736842105342,4.98666666666667,,,,,,,,,,,,,,,,,,,,,
,,179.0,3303.81386861313,30.671506352088,4.17422867513603,5.37666666666667,,,,,,,,,,,,,,,,,,,,,
,,180.0,3319.61678832116,29.6296296296295,4.07407407407443,5.73,21.9447288324787,,,,,,,,,,,,,,,,,,,,
,,181.0,3335.41970802919,28.3950617283946,3.88007054673756,6.15666666666667,,,,,,,,,,,,,,,,,,,,,
,,182.0,3351.22262773721,28.0612244897967,3.91156462585025,6.53,,,,,,,,,,,,,,,,,,,,,
,,183.0,3367.02554744524,26.9968051118207,3.99361022364139,6.655,,,,,,,,,,,,,,,,,,,,,
,,184.0,3382.82846715327,27.3368606701933,3.88007054673762,6.37666666666667,,,,,,,,,,,,,,,,,,,,,
,,185.0,3398.6313868613,999.99,999.99,7.20166666666667,,,,,,,,,,,,,,,,,,,,,
,,186.0,3414.43430656933,34.6564885496161,2.29007633587795,8.01166666666667,,,,,,,,,,,,,,,,,,,,,
,,187.0,3430.23722627736,31.8443804034583,2.59365994236219,8.63833333333333,,,,,,,,,,,,,,,,,,,,,
,,188.0,3446.04014598539,28.2639885222385,2.72596843615496,9.03,20.8477952988133,,,,,,,,,,,,,,,,,,,,
,,189.0,3461.84306569342,27.0029673590504,3.41246290801177,9.22166666666667,,,,,,,,,,,,,,,,,,,,,
,,190.0,3477.64598540145,27.0622286541254,2.60492040520889,9.36333333333333,,,,,,,,,,,,,,,,,,,,,
,,191.0,3493.44890510948,26.8445839874414,3.13971742543137,9.59,,,,,,,,,,,,,,,,,,,,,
,,192.0,3509.25182481751,25.0347705146048,3.75521557718923,9.74833333333333,,,,,,,,,,,,,,,,,,,,,
,,193.0,3525.05474452554,26.1261261261268,3.45345345345344,10.105,18.5438219162596,,,,,,,,,,,,,,,,,,,,
,,194.0,3540.85766423356,25.5474452554745,3.79562043795512,10.5966666666667,,,,,,,,,,,,,,,,,,,,,
,,195.0,3556.66058394159,25.5259467040673,2.94530154277757,11.29,,,,,,,,,,,,,,,,,,,,,
,,196.0,3572.46350364962,25.1420454545451,3.12500000000032,11.95,,,,,,,,,,,,,,,,,,,,,
,,197.0,3588.26642335765,26.0744985673353,3.43839541547236,12.6216666666667,,,,,,,,,,,,,,,,,,,,,
,,198.0,3604.06934306568,26.338639652678,3.76266280752433,13.2816666666667,14.6974123916602,,,,,,,,,,,,,,,,,,,,
,,199.0,3619.87226277371,26.2917933130683,3.49544072948327,13.96,,,,,,,,,,,,,,,,,,,,,
,,200.0,3635.67518248174,25.1515151515155,3.93939393939548,14.685,,,,,,,,,,,,,,,,,,,,,
,,201.0,3651.47810218977,24.8520710059175,3.55029585798784,15.4416666666667,,,,,,,,,,,,,,,,,,,,,
,,202.0,3667.2810218978,24.4604316546775,4.02877697841546,15.9333333333333,,,,,,,,,,,,,,,,,,,,,
,,203.0,3683.08394160583,24.4594594594601,3.64864864864735,16.195,13.8541073258557,,,,,,,,,,,,,,,,,,,,
,,204.0,3698.88686131386,25.4213483146076,3.51123595505552,15.9516666666667,,,,,,,,,,,,,,,,,,,,,
,,205.0,3714.68978102188,25.5813953488359,3.87596899225011,15.51,,,,,,,,,,,,,,,,,,,,,
,,206.0,3730.49270072991,25.714285714284,4.28571428571443,15.135,,,,,,,,,,,,,,,,,,,,,
,,207.0,3746.29562043794,26.5023112480753,4.00616332819612,15.0283333333333,,,,,,,,,,,,,,,,,,,,,
,,208.0,3762.09854014597,27.0903010033452,4.01337792642096,15.27,9.83232523976444,,,,,,,,,,,,,,,,,,,,
,,209.0,3786.0447761194,27.5177304964531,4.25531914893638,15.7133333333333,,,,,,,,,,,,,,,,,,,,,
,,210.0,3818.13432835821,26.9393511988715,4.09026798307524,16.0716666666667,,,,,,,,,,,,,,,,,,,,,
,,211.0,3850.22388059701,26.530612244897,4.37317784256576,16.48,,,,,,,,,,,,,,,,,,,,,
,,212.0,3882.31343283582,26.9513991163476,3.97643593519872,16.905,,,,,,,,,,,,,,,,,,,,,
,,213.0,3914.40298507463,27.0310192023632,4.13589364844988,17.3133333333333,6.23335754054708,,,,,,,,,,,,,,,,,,,,
,,214.0,3946.49253731343,27.4658573596368,3.79362670713131,17.69,,,,,,,,,,,,,,,,,,,,,
,,215.0,3978.58208955224,26.7586206896541,4.41379310344903,18.1466666666667,,,,,,,,,,,,,,,,,,,,,
,,216.0,4010.67164179104,26.9288956127096,4.38729198184484,18.7066666666667,,,,,,,,,,,,,,,,,,,,,
,,217.0,4042.76119402985,27.1041369472184,4.27960057061357,19.1816666666667,,,,,,,,,,,,,,,,,,,,,
,,218.0,4074.85074626866,27.3716951788484,4.19906687402918,19.7233333333333,5.51641071966275,,,,,,,,,,,,,,,,,,,,
,,219.0,4106.94029850746,26.7737617135214,4.55153949129862,20.365,,,,,,,,,,,,,,,,,,,,,
,,220.0,4139.02985074627,25.5494505494499,4.12087912087933,21.0083333333333,,,,,,,,,,,,,,,,,,,,,
,,221.0,4171.11940298508,24.4303797468357,4.4303797468352,21.4666666666667,,,,,,,,,,,,,,,,,,,,,
,,222.0,4203.20895522388,23.504867872044,4.45062586926359,21.8933333333333,,,,,,,,,,,,,,,,,,,,,
,,223.0,4235.29850746269,23.2746955345071,4.19485791610268,22.2166666666667,1.85667383674856,,,,,,,,,,,,,,,,,,,,
,,224.0,4267.3880597015,22.8235294117656,3.76470588235249,22.1916666666667,,,,,,,,,,,,,,,,,,,,,
,,225.0,4299.4776119403,22.3990208078336,4.16156670746536,21.3366666666667,,,,,,,,,,,,,,,,,,,,,
,,226.0,4331.56716417911,22.629582806575,4.5512010113786,20.8266666666667,,,,,,,,,,,,,,,,,,,,,
,,227.0,4363.65671641791,23.2727272727289,4.48484848484877,20.6183333333333,,,,,,,,,,,,,,,,,,,,,
,,228.0,4395.74626865672,23.607427055702,4.50928381962991,21.06,1.34738161450786,,,,,,,,,,,,,,,,,,,,
,,229.0,4427.83582089553,24.8339973439585,4.64807436919085,21.8033333333333,,,,,,,,,,,,,,,,,,,,,
,,230.0,4459.92537313433,24.5967741935481,4.43548387096691,22.6466666666667,,,,,,,,,,,,,,,,,,,,,
,,231.0,4492.01492537314,23.2588699080157,4.59921156373064,23.1866666666667,,,,,,,,,,,,,,,,,,,,,
,,232.0,4524.10447761195,21.6112531969308,4.60358056266054,23.5783333333333,,,,,,,,,,,,,,,,,,,,,
,,233.0,4556.19402985075,21.8997361477566,5.14511873351013,23.7216666666667,0.290264059665399,,,,,,,,,,,,,,,,,,,,
,,234.0,4588.28358208956,22.0551378446134,4.1353383458639,23.5633333333333,,,,,,,,,,,,,,,,,,,,,
,,235.0,4620.37313432837,21.8285714285717,4.57142857142814,22.99,,,,,,,,,,,,,,,,,,,,,
,,236.0,4652.46268656717,22.409638554216,4.21686746988038,21.445,,,,,,,,,,,,,,,,,,,,,
,,237.0,4684.55223880598,22.9913473423983,4.94437577255819,20.6716666666667,,,,,,,,,,,,,,,,,,,,,
,,238.0,4716.64179104478,21.3197969543148,6.59898477157406,20.2816666666667,3.71535142251152,,,,,,,,,,,,,,,,,,,,
,,239.0,4748.73134328359,21.0858585858587,6.94444444444395,20.3733333333333,,,,,,,,,,,,,,,,,,,,,
,,240.0,4780.8208955224,21.1624441132635,7.15350223546867,20.9816666666667,,,,,,,,,,,,,,,,,,,,,
,,241.0,4812.9104477612,20.9698558322412,7.07732634338121,21.6083333333333,,,,,,,,,,,,,,,,,,,,,
,,242.0,4845.0,21.3010204081634,7.5255102040822,22.2516666666667,,,,,,,,,,,,,,,,,,,,,
,,243.0,4879.1,21.7717717717716,7.65765765765846,22.9416666666667,1.54039202111549,,,,,,,,,,,,,,,,,,,,
,,244.0,4913.2,20.560747663551,7.47663551402029,23.6316666666667,,,,,,,,,,,,,,,,,,,,,
,,245.0,4947.3,20.1909959072296,6.00272851296101,24.3083333333333,,,,,,,,,,,,,,,,,,,,,
,,246.0,4981.4,19.8773006134963,6.25766871165711,24.835,,,,,,,,,,,,,,,,,,,,,
,,247.0,5015.5,19.9775533108859,6.39730639730743,26.275,,,,,,,,,,,,,,,,,,,,,
,,248.0,5049.6,19.4877505567929,6.34743875278497,26.285,2.67753636737594,,,,,,,,,,,,,,,,,,,,
,,249.0,5083.7,19.7571743929369,5.96026490066207,25.8433333333333,,,,,,,,,,,,,,,,,,,,,
,,250.0,5117.8,18.8535031847147,5.85987261146489,25.835,,,,,,,,,,,,,,,,,,,,,
,,251.0,5151.9,18.8139059304702,5.93047034764719,25.945,,,,,,,,,,,,,,,,,,,,,
,,252.0,5186.0,18.8043478260874,5.5434782608682,26.405,,,,,,,,,,,,,,,,,,,,,
,,253.0,5220.1,18.7298170075353,5.38213132400514,26.8633333333333,3.41493840636208,,,,,,,,,,,,,,,,,,,,
,,254.0,5254.2,18.4699453551909,5.68306010928997,26.5533333333333,,,,,,,,,,,,,,,,,,,,,
,,255.0,5288.3,18.5745140388775,5.93952483801249,26.18,,,,,,,,,,,,,,,,,,,,,
,,256.0,5322.4,18.2939362795474,6.26927029804735,27.005,,,,,,,,,,,,,,,,,,,,,
,,257.0,5356.50000000001,18.5106382978724,5.7446808510636,26.8633333333333,,,,,,,,,,,,,,,,,,,,,
,,258.0,5390.60000000001,18.9161554192225,6.03271983640132,30.3675,1.92584729698992,,,,,,,,,,,,,,,,,,,,
,,259.0,5424.70000000001,18.9010989010999,6.70329670329675,20.9716666666667,,,,,,,,,,,,,,,,,,,,,
,,260.0,5458.80000000001,18.5310734463267,5.87570621468964,20.4933333333333,,,,,,,,,,,,,,,,,,,,,
,,261.0,5492.90000000001,18.7577639751555,6.83229813664543,19.48,,,,,,,,,,,,,,,,,,,,,
,,262.0,5527.00000000001,18.838992332969,6.35268346111598,19.2366666666667,,,,,,,,,,,,,,,,,,,,,
,,263.0,5561.10000000001,18.7214611872156,6.05022831050034,21.8066666666667,3.30578512396695,,,,,,,,,,,,,,,,,,,,
,,264.0,5595.20000000001,18.9402480270574,6.20067643743009,23.9283333333333,,,,,,,,,,,,,,,,,,,,,
,,265.0,5629.30000000001,18.8940092165891,6.91244239631375,25.2116666666667,,,,,,,,,,,,,,,,,,,,,
,,266.0,5663.40000000001,19.3650793650793,5.82010582010729,25.6666666666667,,,,,,,,,,,,,,,,,,,,,
,,267.0,5697.50000000001,18.6608122941834,5.81778265642155,25.8683333333333,,,,,,,,,,,,,,,,,,,,,
,,268.0,5731.60000000001,19.1048034934499,5.67685589519687,25.655,3.6664162283997,,,,,,,,,,,,,,,,,,,,
,,269.0,5765.70000000001,18.7698833510073,5.62036055143177,25.2583333333333,,,,,,,,,,,,,,,,,,,,,
,,270.0,5799.80000000001,19.6292257360959,5.67066521265032,25.2083333333333,,,,,,,,,,,,,,,,,,,,,
,,271.0,5833.90000000001,21.8712029161612,6.56136087484793,25.8133333333333,,,,,,,,,,,,,,,,,,,,,
,,272.0,5868.00000000001,21.8225419664268,5.99520383693132,26.8183333333333,,,,,,,,,,,,,,,,,,,,,
,,273.0,5902.10000000001,21.4797136038194,6.0859188544138,27.77,7.77266903870471,,,,,,,,,,,,,,,,,,,,
,,274.0,5936.20000000001,20.8443271767814,6.0686015831133,28.705,,,,,,,,,,,,,,,,,,,,,
,,275.0,5970.30000000001,19.5031055900619,6.58385093167714,29.7433333333333,,,,,,,,,,,,,,,,,,,,,
,,276.0,6004.40000000001,18.9421894218947,6.27306273062684,30.945,,,,,,,,,,,,,,,,,,,,,
,,277.0,6038.50000000001,19.6915776986937,5.57532621589744,33.0466666666667,,,,,,,,,,,,,,,,,,,,,
,,278.0,6072.60000000001,19.7352587244273,5.2948255114325,35.665,10.5515322846427,,,,,,,,,,,,,,,,,,,,
,,279.0,6106.70000000001,20.7332490518341,5.68900126422269,39.67,,,,,,,,,,,,,,,,,,,,,
,,280.0,6140.80000000001,18.3650615901466,5.26315789473653,44.5566666666667,,,,,,,,,,,,,,,,,,,,,
,,281.0,6174.90000000001,16.8490153172862,5.57986870897214,46.7475,,,,,,,,,,,,,,,,,,,,,
,,282.0,6209.00000000002,15.231187669991,4.89573889392558,41.51,,,,,,,,,,,,,,,,,,,,,
,,283.0,6243.10000000002,16.010978956999,3.84263494968054,41.4233333333333,,,,,,,,,,,,,,,,,,,,,
,,284.0,6277.20000000002,16.2633107454018,4.5498547918681,38.8683333333333,,,,,,,,,,,,,,,,,,,,,
,,285.0,6311.30000000002,19.615773508594,5.76339737108112,35.6983333333333,,,,,,,,,,,,,,,,,,,,,
,,286.0,6345.40000000002,17.8713264495636,2.85941223193046,31.9133333333333,14.9285746572891,,,,,,,,,,,,,,,,,,,,
,,287.0,6379.50000000002,17.797356828193,3.08370044052927,28.1583333333333,,,,,,,,,,,,,,,,,,,,,
,,288.0,6413.60000000002,18.6159844054579,2.92397660818723,24.27,,,,,,,,,,,,,,,,,,,,,
,,289.0,6447.70000000002,18.4750733137817,3.61681329423292,20.2516666666667,,,,,,,,,,,,,,,,,,,,,
,,290.0,6481.80000000002,19.4117647058823,3.03921568627438,17.1316666666667,,,,,,,,,,,,,,,,,,,,,
,,291.0,6515.90000000002,19.5817490494296,3.42205323193794,14.4283333333333,23.1646125693077,,,,,,,,,,,,,,,,,,,,
,,292.0,6550.0,19.8388721047335,3.62537764350504,11.8233333333333,,,,,,,,,,,,,,,,,,,,,
,,293.0,6571.06382978723,20.6820682068205,4.07040704070438,9.98833333333333,,,,,,,,,,,,,,,,,,,,,
,,294.0,6592.12765957447,21.8713450292387,3.97660818713564,8.785,,,,,,,,,,,,,,,,,,,,,
,,295.0,6613.1914893617,22.1989528795812,3.87434554973844,8.19666666666667,,,,,,,,,,,,,,,,,,,,,
,,296.0,6634.25531914894,22.0153340635264,3.83351588170951,8.245,23.6597601345574,,,,,,,,,,,,,,,,,,,,
,,297.0,6655.31914893617,22.9934924078075,3.90455531453415,8.34,,,,,,,,,,,,,,,,,,,,,
,,298.0,6676.3829787234,23.7068965517243,4.09482758620691,8.28833333333333,,,,,,,,,,,,,,,,,,,,,
,,299.0,6697.44680851064,23.9277652370208,3.38600451467283,9.10166666666667,,,,,,,,,,,,,,,,,,,,,
,,300.0,6718.51063829787,24.0449438202245,3.82022471910218,9.83,,,,,,,,,,,,,,,,,,,,,
,,301.0,6739.5744680851,23.7575757575765,4.24242424242299,10.8766666666667,30.1220389233539,,,,,,,,,,,,,,,,,,,,
,,302.0,6760.63829787234,23.8841978287092,3.86007237635661,12.2566666666667,,,,,,,,,,,,,,,,,,,,,
,,303.0,6781.70212765957,23.8312428734334,4.10490307867585,14.2533333333333,,,,,,,,,,,,,,,,,,,,,
,,304.0,6802.76595744681,23.6904761904761,4.28571428571489,15.5833333333333,,,,,,,,,,,,,,,,,,,,,
,,305.0,6823.82978723404,24.6722288438614,3.45649582836752,16.63,,,,,,,,,,,,,,,,,,,,,
,,306.0,6844.89361702127,24.2788461538473,3.60576923076724,17.675,29.1205147657984,,,,,,,,,,,,,,,,,,,,
,,307.0,6865.95744680851,24.3243243243243,3.80835380835364,19.1083333333333,,,,,,,,,,,,,,,,,,,,,
,,308.0,6887.02127659574,23.309178743961,4.71014492753605,21.0866666666667,,,,,,,,,,,,,,,,,,,,,
,,309.0,6908.08510638297,22.738693467337,4.02010050251207,22.9725,,,,,,,,,,,,,,,,,,,,,
,,310.0,6929.14893617021,22.2598870056499,4.29378531073446,24.7416666666667,,,,,,,,,,,,,,,,,,,,,
,,311.0,6950.21276595744,22.5653206650835,4.5130641330167,29.62,13.5424241679312,,,,,,,,,,,,,,,,,,,,
,,312.0,6971.27659574468,22.986036519871,3.86680988184706,31.4966666666667,,,,,,,,,,,,,,,,,,,,,
,,313.0,6992.34042553191,22.6351351351354,4.61711711711736,44.0725,,,,,,,,,,,,,,,,,,,,,
,,314.0,7013.40425531914,23.3809001097696,4.39077936333651,43.45,,,,,,,,,,,,,,,,,,,,,
,,315.0,7034.46808510638,23.8623751387352,4.32852386237488,52.5925,,,,,,,,,,,,,,,,,,,,,
,,316.0,7067.02702702703,22.6804123711342,4.0206185567008,42.94,5.12097721400047,,,,,,,,,,,,,,,,,,,,
,,317.0,7111.08108108108,19.5914577530179,4.7353760445687,48.795,,,,,,,,,,,,,,,,,,,,,
,,318.0,7155.13513513513,16.3850110213074,3.4533431300512,41.9083333333333,,,,,,,,,,,,,,,,,,,,,
,,319.0,7199.18918918919,22.1585482330469,4.48901623686695,47.245,,,,,,,,,,,,,,,,,,,,,
,,320.0,7243.24324324324,22.2222222222211,4.17853751187124,42.0483333333333,,,,,,,,,,,,,,,,,,,,,
,,321.0,7287.2972972973,21.7716115261477,4.48239060832441,48.5425,3.50011745360582,,,,,,,,,,,,,,,,,,,,
,,322.0,7331.35135135135,21.9469026548671,3.89380530973486,47.17,,,,,,,,,,,,,,,,,,,,,
,,323.0,7375.40540540541,22.7149321266953,4.25339366515971,56.1175,,,,,,,,,,,,,,,,,,,,,
,,324.0,7419.45945945946,25.2952755905516,3.64173228346481,54.7066666666667,,,,,,,,,,,,,,,,,,,,,
,,325.0,7463.51351351351,24.6276067527317,4.17080436941321,63.7925,,,,,,,,,,,,,,,,,,,,,
,,326.0,7507.56756756757,21.4851485148522,3.86138613861362,57.7616666666667,2.05630354957161,,,,,,,,,,,,,,,,,,,,
,,327.0,7551.62162162162,20.1851851851843,4.53703703703799,54.345,,,,,,,,,,,,,,,,,,,,,
,,328.0,7595.67567567568,17.9297597042523,4.89833641404813,52.95375,,,,,,,,,,,,,,,,,,,,,
,,329.0,7639.72972972973,18.6634066829665,3.91198044009737,56.0233333333333,,,,,,,,,,,,,,,,,,,,,
,,330.0,7683.78378378379,18.7963726298435,3.9571310799666,56.265,,,,,,,,,,,,,,,,,,,,,
,,331.0,7727.83783783784,18.8093183779126,4.055220017256,62.5783333333333,0.9745293466223721,,,,,,,,,,,,,,,,,,,,
,,332.0,7771.89189189189,19.3064667291471,4.40487347703815,65.435,,,,,,,,,,,,,,,,,,,,,
,,333.0,7815.94594594595,20.1729106628241,4.03458213256483,85.3,,,,,,,,,,,,,,,,,,,,,
,,334.0,7860.0,21.8779342723011,3.5680751173709,97.62125,,,,,,,,,,,,,,,,,,,,,
,,335.0,7965.3125,23.119777158775,3.43546889507753,117.2575,,,,,,,,,,,,,,,,,,,,,
,,336.0,8070.625,21.3756613756623,4.97354497354466,129.1075,3.00808897876643,,,,,,,,,,,,,,,,,,,,
,,337.0,8175.9375,21.1798839458411,3.77176015473869,114.6325,,,,,,,,,,,,,,,,,,,,,
,,338.0,8281.25,19.4183864915569,3.56472795497187,86.5725,,,,,,,,,,,,,,,,,,,,,
,,339.0,8386.5625,19.2850423330201,4.23330197554112,71.06,,,,,,,,,,,,,,,,,,,,,
,,340.0,8491.875,7.90729379686469,2.7266530334012,64.7725,,,,,,,,,,,,,,,,,,,,,
,,341.0,8597.1875,10.1910828025476,3.01100173711656,59.18375,-2.84246856581774,,,,,,,,,,,,,,,,,,,,
,,342.0,8702.5,15.422276621787,5.75275397796784,54.47,,,,,,,,,,,,,,,,,,,,,
,,343.0,8807.8125,15.7397691500531,4.19727177334686,51.3375,,,,,,,,,,,,,,,,,,,,,
,,344.0,8913.125,14.715719063545,3.59531772575155,52.435,,,,,,,,,,,,,,,,,,,,,
,,345.0,9018.4375,14.3641354071361,4.11710887465706,61.8975,,,,,,,,,,,,,,,,,,,,,
,,346.0,9123.75,17.0498084291182,3.63984674329504,74.36125,3.4283218691997,,,,,,,,,,,,,,,,,,,,
,,347.0,9229.0625,16.9573643410855,3.87596899224766,73.66125,,,,,,,,,,,,,,,,,,,,,
,,348.0,9334.375,20.6208425720614,3.76940133037803,61.85,,,,,,,,,,,,,,,,,,,,,
,,349.0,9439.6875,17.2768878718538,4.57665903890107,53.0,,,,,,,,,,,,,,,,,,,,,
,,350.0,9545.0,12.4057573680605,3.15284441398211,47.9,,,,,,,,,,,,,,,,,,,,,
,,351.0,9559.61538461538,19.4174757281559,4.0992448759439,44.0875,13.5594680925539,,,,,,,,,,,,,,,,,,,,
,,352.0,9574.23076923077,18.4130213631744,3.45879959308337,41.265,,,,,,,,,,,,,,,,,,,,,
,,353.0,9588.84615384615,25.6440281030451,3.39578454332594,39.41375,,,,,,,,,,,,,,,,,,,,,
,,354.0,9603.46153846154,24.7044917257674,3.42789598108788,33.38,,,,,,,,,,,,,,,,,,,,,
,,355.0,9618.07692307692,23.3993015133872,3.49243306169983,27.6825,,,,,,,,,,,,,,,,,,,,,
,,356.0,9632.69230769231,22.4025974025972,3.4632034632031,32.6666666666667,9.34978642619839,,,,,,,,,,,,,,,,,,,,
,,357.0,9647.30769230769,22.7688787185371,3.77574370709313,28.6575,,,,,,,,,,,,,,,,,,,,,
,,358.0,9661.92307692308,22.0398593200475,3.98593200468837,37.0566666666667,,,,,,,,,,,,,,,,,,,,,
,,359.0,9676.53846153846,25.9085580304806,3.63423212192248,37.8825,,,,,,,,,,,,,,,,,,,,,
,,360.0,9691.15384615385,29.6620775969966,3.7546933667086,59.6783333333333,,,,,,,,,,,,,,,,,,,,,
,,361.0,9705.76923076923,28.6556603773583,3.53773584905668,82.8416666666667,17.3924408931796,,,,,,,,,,,,,,,,,,,,
,,362.0,9720.38461538462,28.4987277353693,4.07124681933799,81.2216666666667,,,,,,,,,,,,,,,,,,,,,
,,363.0,9735.0,22.6730310262531,3.10262529832848,52.9316666666667,,,,,,,,,,,,,,,,,,,,,
,,364.0,9749.61538461539,11.6735537190086,4.85537190082614,34.4425,,,,,,,,,,,,,,,,,,,,,
,,365.0,9764.23076923077,6.91299165673399,2.26460071513709,25.955,,,,,,,,,,,,,,,,,,,,,
,,366.0,9778.84615384616,15.7840083073729,4.88058151609521,19.9175,18.8327605436253,,,,,,,,,,,,,,,,,,,,
,,367.0,9793.46153846154,16.8846611177167,4.8751486325805,17.1933333333333,,,,,,,,,,,,,,,,,,,,,
,,368.0,9808.07692307693,13.3918770581778,5.04939626783747,15.04,,,,,,,,,,,,,,,,,,,,,
,,369.0,9822.69230769231,17.3120728929387,4.8974943052379,14.28,,,,,,,,,,,,,,,,,,,,,
,,370.0,9837.3076923077,27.2316384180779,3.61581920904116,15.32,,,,,,,,,,,,,,,,,,,,,
,,371.0,9851.92307692308,28.0112044817935,4.48179271708636,18.055,28.5197713579236,,,,,,,,,,,,,,,,,,,,
,,372.0,9866.53846153846,24.8648648648646,4.05405405405422,22.14,,,,,,,,,,,,,,,,,,,,,
,,373.0,9881.15384615385,23.3082706766909,4.26065162907279,28.43,,,,,,,,,,,,,,,,,,,,,
,,374.0,9895.76923076923,21.775147928994,4.02366863905337,33.665,,,,,,,,,,,,,,,,,,,,,
,,375.0,9910.38461538462,18.4845005740543,3.78874856486724,35.4525,,,,,,,,,,,,,,,,,,,,,
,,376.0,9925.0,14.0869565217388,3.99999999999997,30.99,38.934484298579,,,,,,,,,,,,,,,,,,,,
,,377.0,9939.61538461539,18.5803757828806,3.86221294363289,27.125,,,,,,,,,,,,,,,,,,,,,
,,378.0,9954.23076923077,16.4212910532275,4.19026047565147,29.3375,,,,,,,,,,,,,,,,,,,,,
,,379.0,9968.84615384616,14.301675977654,4.3575418994411,41.005,,,,,,,,,,,,,,,,,,,,,
,,380.0,9983.46153846154,18.2389937106922,3.87840670859567,109.325,,,,,,,,,,,,,,,,,,,,,
,,381.0,9998.07692307693,17.5588865096352,4.71092077087843,137.935,,,,,,,,,,,,,,,,,,,,,
,,382.0,10012.6923076923,16.9102296450934,4.38413361169191,79.89,1.6422352033506,,,,,,,,,,,,,,,,,,,,
,,383.0,10027.3076923077,15.0673400673408,4.29292929292975,67.68,,,,,,,,,,,,,,,,,,,,,
,,384.0,10041.9230769231,15.387085237328,2.98955301733934,55.6675,,,,,,,,,,,,,,,,,,,,,
,,385.0,10056.5384615385,12.0578513355215,2.35450180350532,63.08,,,,,,,,,,,,,,,,,,,,,
,,386.0,10071.1538461539,10.0027255382938,1.49904606159706,96.29,,,,,,,,,,,,,,,,,,,,,
,,387.0,10085.7692307692,10.3327133705309,1.88055383343669,165.85,0.8273703041144871,,,,,,,,,,,,,,,,,,,,
,,388.0,10100.3846153846,11.5441643719549,2.24528701546286,279.8875,,,,,,,,,,,,,,,,,,,,,
,,389.0,10115.0,13.9267015706809,2.74345549738212,393.2275,,,,,,,,,,,,,,,,,,,,,
,,390.0,10129.6153846154,11.2833626338499,2.47722550743187,497.3675,,,,,,,,,,,,,,,,,,,,,
,,391.0,10144.2307692308,13.0638547158756,2.67525873852764,571.4775,,,,,,,,,,,,,,,,,,,,,
,,392.0,10158.8461538462,13.2029832695022,2.64059665390036,577.765,2.26405807801156,,,,,,,,,,,,,,,,,,,,
,,393.0,10173.4615384615,11.3553113553112,2.94632903328576,589.3525,,,,,,,,,,,,,,,,,,,,,
,,394.0,10188.0769230769,10.8069620253166,2.80063291139234,639.6375,,,,,,,,,,,,,,,,,,,,,
,,395.0,10202.6923076923,11.0499518370718,3.50901334801144,629.403333333333,,,,,,,,,,,,,,,,,,,,,
,,396.0,10217.3076923077,10.3768030615248,3.48837209302323,780.636666666667,,,,,,,,,,,,,,,,,,,,,
,,397.0,10231.9230769231,10.3681334483751,3.78199597354053,871.34,0.39652770335440707,,,,,,,,,,,,,,,,,,,,
,,398.0,10246.5384615385,11.033199771036,4.23583285632517,224.61,,,,,,,,,,,,,,,,,,,,,
,,399.0,10261.1538461539,11.705781339439,3.21980538065267,278.888333333333,,,,,,,,,,,,,,,,,,,,,
,,400.0,10275.7692307692,10.2424619210446,2.53341622629768,305.8375,,,,,,,,,,,,,,,,,,,,,
,,401.0,10290.3846153846,8.96752302472133,2.31055097754058,363.34,,,,,,,,,,,,,,,,,,,,,
,,402.0,10305.0,9.2823113570001,2.50499462117709,365.67,0.978638324739553,,,,,,,,,,,,,,,,,,,,
,,403.0,10319.6153846154,8.65578865578864,2.23776223776227,178.5025,,,,,,,,,,,,,,,,,,,,,
,,404.0,10334.2307692308,8.84735202492198,2.24299065420564,58.815,,,,,,,,,,,,,,,,,,,,,
,,405.0,10348.8461538462,9.86492639247224,3.06571558658357,978.9775,,,,,,,,,,,,,,,,,,,,,
,,406.0,10363.4615384615,9.82872200263507,3.88669301712763,950.1225,,,,,,,,,,,,,,,,,,,,,
,,407.0,10378.0769230769,11.0368864362475,3.03514376996794,911.92,,,,,,,,,,,,,,,,,,,,,
,,408.0,10392.6923076923,11.030971574035,3.6628482534295,863.715,,,,,,,,,,,,,,,,,,,,,
,,409.0,10407.3076923077,11.0112359550561,4.4194756554308,791.9125,,,,,,,,,,,,,,,,,,,,,
,,410.0,10421.9230769231,12.232372252355,4.79588923779616,768.645,,,,,,,,,,,,,,,,,,,,,
,,411.0,10436.5384615385,9.74358974358968,3.90852390852391,999.99,,,,,,,,,,,,,,,,,,,,,
