short_name,depth (cm),age (cal yr BP),MTWA (deg C),MTCO (deg C),ANNP (mm),comments,chron_table,age_type,lab ID,depth (cm).1,14C age (yr BP),14C age error (1s),Material
LR01,1,88,-0.13333333333333286,0.0,-25.0,"Anomaly Recons for MTWA (mean temperature of the Warmest month), MTCO (mean temperature of the coldest month) and ANNP (annual precipitation in mm).Temperatures are an average of the best 3 estimates and the anomalies are relative to 1961-1990 baseline period.",,14C_bulk,Beta-34470,16.0,1410.0,100.0,gyttja
,5,486,-0.06666666666666643,0.0,-12.333333333333314,,,14C_bulk,Beta-31542,29.0,3350.0,120.0,gyttja
,10,797,0.0,0.0,-1.3333333333333144,,,14C_bulk,Beta-31543,85.0,4760.0,110.0,gyttja
,14,1164,-0.06666666666666643,0.0,-13.666666666666686,,,14C_bulk,Beta-31052,125.0,6740.0,200.0,gyttja
,18,1616,0.0,0.0,-1.3333333333333144,,,,,,,,
,20,1960,-0.06666666666666643,0.0,-12.333333333333314,,,comments,,,,,
,22,2325,-0.06666666666666643,0.0,-12.666666666666686,,,1 Calibrated using Stuiver and Reimer 1993,,,,,
,24,2741,-0.06666666666666643,0.0,-13.666666666666686,,,,,,,,
,26,3037,0.0,0.0,-1.3333333333333144,,,,,,,,
,32,3680,-0.06666666666666643,0.0,-14.0,,,,,,,,
,42,4007,0.06666666666666643,0.0,9.333333333333314,,,,,,,,
,50,4313,0.06666666666666643,0.0,9.333333333333314,,,,,,,,
,58,4567,-0.06666666666666643,0.0,-13.666666666666686,,,,,,,,
,66,4859,0.06666666666666643,-0.03333333333333499,1.6666666666666856,,,,,,,,
,74,5121,1.6999999999999993,1.8000000000000007,18.33333333333337,,,,,,,,
,82,5424,1.9333333333333336,-0.06666666666666998,-48.666666666666686,,,,,,,,
,90,5745,0.9333333333333336,1.6666666666666643,-20.0,,,,,,,,
,98,6214,1.666666666666666,5.133333333333329,34.0,,,,,,,,
,106,6606,2.5666666666666664,-1.06666666666667,-188.66666666666669,,,,,,,,
,114,7112,0.3999999999999986,0.36666666666666714,-120.33333333333331,,,,,,,,
,124,7562,-0.36666666666666714,-1.3000000000000007,-86.33333333333331,,,,,,,,
