short_name,age (cal yr BP),Depth (cm),Winter SST (deg C),Winter SSS (psu),Summer SST (deg C),Summer SSS (deg C),Sea ice (months/year),Sea ice concentration (0-10),Mean annual Productivity (g/cm2),Reliability code,chron_table,age_type,Core,Upper depth (cm),Lower depth (cm),depth (cm),Lab ID,Material,mass (mg),14C age (yr BP),14C age error (1s),DeltaR (yr)
MD99-2227,753.39,0.0,3.15424975432582,33.7035045011156,10.636557316881,32.9187955092031,1.09449907733878,0.9171206176712421,235.607166296121,A,,14C,MD99-2227 PC,0.0,1.0,0.5,LLNL-97743,N. pachyderma l.,1.5,1230.0,35.0,0.0
,1017.9,8.0,4.59777809349248,34.9261910313181,8.2326621845488,34.7362240971781,0.0622392372574447,0.0991937843790525,197.986940036545,A,,14C,MD99-2227 PC,50.0,51.0,50.5,LLNL-88290,N. pachyderma l.,3.8,2625.0,35.0,0.0
,1082.6,10.0,2.34702643874464,34.705039203097,6.47796056588541,34.0514218074059,2.10581226910417,1.66467089744167,196.777305500365,A,,14C,MD99-2227 PC,100.0,101.0,100.5,LLNL-97744,N. pachyderma l.,1.9,3690.0,60.0,0.0
,1147.3,12.0,3.29217534494289,34.3970384266716,8.16192363298065,33.8648583272001,0.727667955574488,0.689143908750193,203.499559651579,A,,14C,MD99-2227 PC,150.0,151.0,150.5,LLNL-88291,N. pachyderma l.,3.5,4565.0,35.0,0.0
,1210.8,14.0,2.92962083641827,34.5467690000583,7.14949985053487,33.938497351577,1.90162279121208,1.51023399932229,212.400591930783,A,,14C,MD99-2227 PC,200.0,201.0,200.5,LLNL-97745,N. pachyderma l.,1.9,5640.0,40.0,0.0
,1273.8,16.0,3.95219526150925,34.8808673320756,7.7761091087417,34.6008217427293,0.0954571214602256,0.139980454264199,206.693773036633,A,,14C,MD99-2227 PC,250.0,251.0,250.5,LLNL-88292,N. pachyderma l.,4.8,6835.0,35.0,0.0
,1336.8,18.0,3.12882522586801,34.7426476680924,6.9616493845989,34.3070359052325,0.7177584584816671,0.68230861902175,211.081186241988,A,,14C,MD99-2227 PC,280.0,281.0,280.5,LLNL-110897,Npl,2.4,7570.0,45.0,0.0
,1398.8,20.0,1.0559576535935,32.7783339832109,11.4857376563907,31.4591299796593,3.28156471566947,2.52132955802605,250.015758925941,A,,14C,MD99-2227 PC,300.0,301.0,300.5,LLNL-110898,Npl,2.0,7890.0,50.0,0.0
,1460.2,22.0,4.2412409773031,34.793554382135,8.54402266561574,34.5441975549828,0.0241070643473246,0.0275509306826567,227.287725504565,A,,14C,MD99-2227 PC,328.0,329.0,328.5,LLNL-110899,Npl,2.6,8270.0,50.0,0.0
,1521.6,24.0,2.56082602735363,34.5490049008223,6.95103071941439,33.8770214564659,2.29713971983759,1.80510797464517,205.085243100517,A,,14C,MD99-2227 PC,340.0,341.0,340.5,LLNL-110900,Npl,3.3,8370.0,70.0,0.0
,1582.0,26.0,2.57675732480706,34.1970371755075,7.89629536981541,33.5450244374917,0.94849897947437,0.886990091659502,203.800091985339,A,,14C,MD99-2227 PC,350.0,351.0,350.5,LLNL-88293,N. pachyderma l.,5.8,8300.0,35.0,0.0
,1641.8,28.0,1.64918108066996,33.5894951361857,9.19986466236614,32.6530987946418,1.43760921437987,1.26683728851285,231.127114929253,A,,14C,MD99-2227 PC,380.0,381.0,380.5,LLNL-110901,Npl,2.5,8590.0,60.0,0.0
,1701.7,30.0,2.65874495920872,34.7399619385231,6.90125989327696,34.3279524283781,0.959524201645045,0.86042280507424,217.162777991638,A,,14C,MD99-2227 PC,450.0,451.0,450.5,LLNL-90792,N. pachyderma l.,1.6,9490.0,80.0,0.0
,1760.6,32.0,3.99193731118338,34.7070967799888,8.05166082646059,34.3705001046678,0.6225542851296171,0.552785270416815,227.449850902765,A,,14C,MD99-2227 PC,550.0,551.0,550.5,LLNL-97746,N. pachyderma l.,1.4,12510.0,90.0,0.0
,1819.0,34.0,3.74717154715227,34.7383209793174,7.57034996038104,34.3680733340715,0.716962045406876,0.6369900610039041,212.713795023833,A,,14C,MD99-2227 PC,600.0,601.0,600.5,LLNL-97747,N. pachyderma l.,2.6,15750.0,80.0,0.0
,1877.4,36.0,4.00615666919017,34.7197611673677,8.08779504571286,34.3929919770303,0.588174823124847,0.5222586791539591,223.370690006481,A,,,,,,,,,,,,
,1935.0,38.0,2.74015146838786,33.840775007886,8.98429651174503,33.0914269208713,1.91260790390242,1.54494138567886,206.548014167922,A,,,,,,,,,,,,
,1992.1,40.0,2.12579234776088,34.6596818679633,6.23665705753762,34.1532956817574,1.01840108389179,0.9184594893298811,207.542369613079,A,,,,,,,,,,,,
,2049.1,42.0,2.99381906287256,34.1633641703642,8.8979176350768,33.378821861119,1.92511773519734,1.51432476416448,211.184244955911,A,,,,,,,,,,,,
,2105.6,44.0,4.23393730220991,34.7450663137681,9.03653414799742,34.4291216731033,0.5530022070870121,0.491027821810019,226.088562057881,A,,,,,,,,,,,,
,2161.5,46.0,2.5001517574368,34.6103524741333,6.78802092621179,34.0550568511108,1.89457851684138,1.49523318953394,189.23500149758,A,,,,,,,,,,,,
,2217.4,48.0,3.76873132367568,34.7236209458258,8.17579213929906,34.4491660550785,0.525139189582791,0.466287383853685,215.758115831989,A,,,,,,,,,,,,
,2272.8,50.0,2.66118517274605,34.7887037946797,6.65714307973572,34.345006711396,0.9954397035144611,0.9346430155661851,215.279954685442,A,,,,,,,,,,,,
,2327.6,52.0,4.78474487922652,34.8726988598643,8.88067053097849,34.7011913850299,0.0,0.0,227.781143249242,A,,,,,,,,,,,,
,2382.4,54.0,4.93346498343199,34.8472859218069,9.73989013976792,34.6705386787608,0.0,0.0,224.341502064911,A,,,,,,,,,,,,
,2437.2,56.0,1.41247166153887,34.6536777117596,5.39930855381807,32.8107523015848,4.56259421339718,3.61535295144133,150.215590973375,A,,,,,,,,,,,,
,2492.1,58.0,4.61850036108309,34.9273329413357,8.23753558995418,34.7365933188103,0.0617709407416082,0.0984474368069381,198.79632034048,A,,,,,,,,,,,,
,2546.9,60.0,0.45454058566701105,32.1621362034112,12.9008511732837,31.0028251678432,2.28902286057271,1.84446386392005,248.743924079676,A,,,,,,,,,,,,
,2601.2,62.0,4.90584521352375,34.8382598358182,8.98521904349577,34.6517445920367,0.0,0.0,230.64817900875,A,,,,,,,,,,,,
,2655.0,64.0,4.61289286753633,34.8283839998474,8.511888481157,34.6266056941098,0.059818038295786496,0.0953349985339097,215.754703547312,A,,,,,,,,,,,,
,2708.7,66.0,3.69569963641909,34.6352824755917,7.98354469960592,34.1365170861117,1.47465414184648,1.10244576469773,217.351141059696,A,,,,,,,,,,,,
,2762.0,68.0,4.8258273374187,34.833626066239,8.96708698749783,34.6531175444405,0.0,0.0,226.129472689547,A,,,,,,,,,,,,
,2814.8,70.0,1.46666095773066,34.2087229789006,7.16817958512795,33.5931752523988,1.35145375249263,1.20444078956337,217.064795645783,A,,,,,,,,,,,,
,2867.6,72.0,3.81252558117979,34.7338997279399,7.63128186593763,34.3953143356008,0.6325941005506031,0.6000854307861421,211.429970230849,A,,,,,,,,,,,,
,2920.0,74.0,3.87294676739752,34.7286014789449,7.88724296041772,34.3747129581055,0.675658040383982,0.5999377427547431,218.742567626466,A,,,,,,,,,,,,
,2971.9,76.0,3.85400078796765,34.7364724780172,7.68935911047326,34.4061136374959,0.6005156001701261,0.571092526363156,211.743588934965,A,,,,,,,,,,,,
,3023.8,78.0,3.74804220264188,34.7263571085328,7.51701187410261,34.3688027219493,0.6990792802764271,0.660885840363283,212.267037019368,A,,,,,,,,,,,,
,3075.4,80.0,0.44728669129992504,33.4853509167036,10.0636403797208,32.8257848280789,1.03424618588352,0.8261499439195541,234.256419139032,A,,,,,,,,,,,,
,3126.5,82.0,4.533087987322,34.8216680979889,8.81540705907009,34.6413076027166,0.0,0.0,227.272505784296,A,,,,,,,,,,,,
,3177.6,84.0,3.92874747189866,34.6576066427356,8.1067921411527,34.2891624660898,0.6649217218529481,0.590404632334945,231.040112320431,A,,,,,,,,,,,,
,3228.5,86.0,2.00186185487168,33.9419766717019,8.31953710143502,33.0824003587039,2.17528978304175,1.67358153540308,231.043545020238,A,,,,,,,,,,,,
,3278.9,88.0,3.71605724856312,34.2155946112246,10.9118612690117,33.6694802542313,0.43778473784994204,0.34759732404394605,242.470460028686,A,,,,,,,,,,,,
,3329.4,90.0,2.64310464555168,34.8767648351426,7.23904304533369,34.6115213087421,0.25696672903572304,0.282028268870579,207.508989812139,A,,,,,,,,,,,,
,3379.6,92.0,2.76236692752056,34.7569865655945,6.78647494470698,34.2936740114189,0.22645030836985103,0.22865330012880702,223.471027516974,A,,,,,,,,,,,,
,3429.4,94.0,4.21757978574141,34.82288684297,8.83725194812768,34.683516179691,0.0,0.0,219.318586077082,A,,,,,,,,,,,,
,3479.2,96.0,3.62653385331272,34.837050134906804,8.45273593979009,34.719868125734,0.0,0.0,212.639530240495,A,,,,,,,,,,,,
,3578.1,100.0,0.85122255249614,33.1026870837881,11.4292335779591,32.1121141050925,1.28532286541976,1.01869824166093,242.85375370875,A,,,,,,,,,,,,
,3822.3,110.0,1.71156333509129,34.1516659306943,8.45305420737346,33.4066569260923,2.31488034795959,1.74870579347949,219.479947797232,A,,,,,,,,,,,,
,4062.7,120.0,3.66717775209319,34.3628443120582,9.29038170294548,33.9922030951574,0.5797186149569851,0.5270310918402871,220.267114880305,A,,,,,,,,,,,,
,4301.7,130.0,3.70077573068572,34.412358382359,8.9622028658022,34.0381378132535,0.5458728083427761,0.49958054092882304,213.258567135648,A,,,,,,,,,,,,
,4541.3,140.0,3.7580186873634,34.3488111186886,9.73171034097609,33.9373412292465,0.6839672624266511,0.607041254153397,212.049371086545,A,,,,,,,,,,,,
,4783.2,150.0,2.04541830316337,34.1067124930203,8.12015672195709,33.5769685491168,0.827400785979128,0.748234100729239,212.497542169038,A,,,,,,,,,,,,
,5028.0,160.0,1.82075242043206,34.1827455787592,8.11920589315752,33.6698039522551,0.8398560638702781,0.7505206615658071,201.052464414871,A,,,,,,,,,,,,
,5275.9,170.0,2.4115835646806,34.0331376353988,8.45344365540693,33.4504570942396,1.02882135408061,0.9364442493764421,222.208772384878,A,,,,,,,,,,,,
,5527.1,180.0,1.57317212063533,34.7758764425579,6.15728717095939,34.4597763095645,0.360307936880196,0.36525242598796803,186.755458492341,A,,,,,,,,,,,,
,5781.0,190.0,0.695178472108899,33.7180065535247,9.13534302892353,33.1666696642516,0.99651188945108,0.8444264791643661,203.607265380489,A,,,,,,,,,,,,
,6037.2,200.0,4.87330005355105,34.4297113015817,10.684252811163,33.941856231883,0.63069218190562,0.548879419634625,235.324914625538,A,,,,,,,,,,,,
,6295.2,210.0,2.85962192041539,34.2585677735671,9.85190699464144,33.90219753777,0.47515383541683603,0.37726806674727303,243.187557551763,A,,,,,,,,,,,,
,6554.1,220.0,2.52057511426415,34.868364217973,7.6568735959778,34.7328849721859,0.14061373223148602,0.134716717567914,202.813786275324,A,,,,,,,,,,,,
,6811.9,230.0,0.5414231776285491,34.7262486221149,6.4954768249254,34.5366874612499,0.210525997060997,0.198977727006024,196.19823314483,A,,,,,,,,,,,,
,7065.0,240.0,0.921216079588629,34.2597840482051,7.12166039597663,33.8490798512315,0.851253137713722,0.8082251970912361,197.07253863764,A,,,,,,,,,,,,
,7309.6,250.0,1.76494677746486,34.0887485060666,8.12719529903499,33.5697276646977,0.927210858559641,0.849973325145655,196.374611017357,A,,,,,,,,,,,,
,7541.7,260.0,2.44079219804898,33.4607319630003,10.509287660478,32.7264891940401,1.17431363086177,0.979681183836081,240.135996950267,A,,,,,,,,,,,,
,7762.0,270.0,1.44782240412072,34.1816456333127,7.48353277147689,33.4737108251709,0.9159128143537391,0.8271805011805561,238.5723225045,A,,,,,,,,,,,,
,7967.7,280.0,2.02696150439831,34.8486328482761,7.82868993311891,34.7809009618822,0.0255587103253288,0.0255853176913375,207.213264247885,A,,,,,,,,,,,,
,8152.4,290.0,1.83933769926608,34.3100630818017,8.66878877603747,33.9387560884218,0.5883721453413491,0.487324780387949,222.537532463121,A,,,,,,,,,,,,
,8321.1,300.0,0.693524203467427,34.7287233770109,5.74205130001131,34.3182141941105,0.5594283357325021,0.587650239053773,206.236108119747,A,,,,,,,,,,,,
,8478.7,310.0,1.13537776923895,34.2530389427051,7.95436686335669,33.9076762202679,0.587066948948422,0.5163688628395491,199.455841135174,A,,,,,,,,,,,,
,8623.9,320.0,0.864959907785188,33.507218219292,9.07840165180409,32.5319820826971,1.31517211707039,1.11929177445425,260.651660410745,B,,,,,,,,,,,,
,8753.8,330.0,2.21053606755416,34.7999057926923,7.44962017635966,34.6135371598587,0.022788654953241498,0.0260441770894189,231.355565026894,A,,,,,,,,,,,,
,8862.6,340.0,1.50411598354833,34.7840944046678,7.16880548574514,34.6446194607515,0.10986773575816201,0.10632143019192301,212.438297951591,A,,,,,,,,,,,,
,8936.9,350.0,2.9417198948544,34.8803744137212,8.26395498135885,34.7947842151254,0.0,0.0,227.043627089868,A,,,,,,,,,,,,
,9035.2,360.0,1.52772083501916,34.151388046086,8.48982726239238,33.7415927715413,0.635196269839119,0.501619836904022,219.477025223058,A,,,,,,,,,,,,
,9148.2,370.0,1.91857129768269,34.7615010421197,6.07376949629889,34.2380579234135,0.586755886862457,0.628238872908311,235.688568703891,A,,,,,,,,,,,,
,9270.1,380.0,1.21683690871336,33.5216233133102,9.28701816421384,32.8303930388694,1.31932997291294,1.11768262040948,244.265985300378,A,,,,,,,,,,,,
,9399.5,390.0,1.84303359936274,33.2995512813218,11.1460900679894,32.2574479101474,1.2621584153479,1.08854607556262,287.812641655532,A,,,,,,,,,,,,
,9537.4,400.0,1.84022294276874,34.2242198100694,8.13329680355083,33.5514823471629,0.754099386559402,0.6904395760295531,243.368624823363,A,,,,,,,,,,,,
,9687.5,410.0,0.916385880149267,32.9845195203387,11.3502823500411,32.163049150918,1.53967933371626,1.22078298612745,249.070766952082,A,,,,,,,,,,,,
,9847.5,420.0,0.388442953390425,33.5607757800301,9.19981898561378,32.897520967548,1.14835973306343,0.931973635619143,224.53122235924,A,,,,,,,,,,,,
,10018.0,430.0,-0.284598765516269,32.2330548570201,11.4244083307621,30.9577556332162,3.01689860163086,2.42002735310311,239.777944238086,B,,,,,,,,,,,,
,10202.0,440.0,2.26948603287607,33.5620817382027,10.8105366337433,32.7439856028174,1.06612134077017,0.8492755633780271,251.173493098413,C,,,,,,,,,,,,
,10401.0,450.0,-0.0113333171763423,31.7293189514989,13.2568279745031,30.5377131840118,2.68040622340845,2.12223588550165,262.422956140575,A,,,,,,,,,,,,
,10625.0,460.0,3.51116379872984,34.5099300048174,7.68317022305562,34.0835467155643,1.45546132835106,1.18323832772593,190.624012429725,A,,,,,,,,,,,,
,10880.0,470.0,1.93387703876925,33.7289314462573,9.70183201190024,32.7288347972035,0.8503125260862661,0.77323301889289,318.426636936087,A,,,,,,,,,,,,
,11164.0,480.0,2.72953095155401,32.7580805196889,13.4510799906089,31.6825937264107,0.8527206010871091,0.742845758354519,408.163198738897,A,,,,,,,,,,,,
,11483.0,490.0,2.45348788486347,33.3288814192091,11.7962949392069,32.5767204219615,0.28257722665746804,0.30113283899181,344.510259057191,A,,,,,,,,,,,,
,11832.0,500.0,-0.35105315586746905,31.2445875687471,11.3828788055869,29.0823088082744,3.1895597753728,2.52895742593855,355.281138768968,A,,,,,,,,,,,,
,,,0.6869919776858341,32.2095705080401,12.4817100874764,31.6763753020783,1.23618288208485,0.8558096004204631,239.126178612142,C,,,,,,,,,,,,
,,,8.19780946204819,33.2724854819778,17.7647403013997,32.6797636839459,0.0,0.0,276.564150923035,B,,,,,,,,,,,,
