short_name,depth (m),age (yr BP),d18O (permil),comments
NGRIP,7.35,-40,-35.16,"* age values originally refered to bottom of each 20 yr time interval, e.g. 10 yr BP refers to 0-10 yr BP"
,14.15,-20,-35.82,adjusted to mid points (NM)
,20.4,0,-35.11,
,26.1,20,-34.65,
,31.53,40,-34.53,
,36.83,60,-35.29,
,42.05,80,-35.02,
,46.95,100,-35.02,
,51.75,120,-35.78,
,56.33,140,-35.16,
,60.83,160,-35.61,
,65.13,180,-35.12,
,69.35,200,-35.79,
,73.6,220,-35.82,
,77.6,240,-35.36,
,81.75,260,-36.05,
,85.65,280,-35.39,
,89.55,300,-36.14,
,93.48,320,-35.33,
,97.43,340,-35.35,
,101.4,360,-35.72,
,105.28,380,-35.03,
,109.1,400,-35.61,
,112.88,420,-35.82,
,116.7,440,-34.93,
,120.43,460,-35.07,
,124.05,480,-35.87,
,128.18,500,-35.13,
,131.88,520,-34.98,
,135.73,540,-35.05,
,139.4,560,-35.53,
,143.18,580,-34.86,
,146.93,600,-35.25,
,150.7,620,-36.43,
,154.33,640,-35.07,
,157.73,660,-35.2,
,161.38,680,-35.49,
,165.13,700,-35.67,
,168.63,720,-35.4,
,172.0,740,-35.15,
,175.6,760,-35.8,
,179.23,780,-35.34,
,182.83,800,-35.62,
,186.55,820,-35.37,
,190.18,840,-35.59,
,193.98,860,-35.14,
,197.35,880,-35.45,
,200.75,900,-35.61,
,204.3,920,-35.92,
,207.85,940,-34.96,
,211.48,960,-35.24,
,215.08,980,-35.02,
,218.68,1000,-35.0,
,222.2,1020,-34.98,
,225.8,1040,-35.41,
,229.38,1060,-35.73,
,232.98,1080,-35.35,
,236.38,1100,-35.75,
,239.98,1120,-35.45,
,243.35,1140,-35.34,
,247.0,1160,-35.38,
,250.6,1180,-35.27,
,254.2,1200,-35.15,
,257.73,1220,-35.33,
,261.18,1240,-35.33,
,264.53,1260,-35.27,
,268.1,1280,-35.14,
,271.55,1300,-34.69,
,274.98,1320,-35.44,
,278.7,1340,-35.26,
,282.23,1360,-35.14,
,285.55,1380,-35.28,
,289.23,1400,-34.43,
,292.7,1420,-35.78,
,296.25,1440,-35.33,
,299.7,1460,-35.83,
,303.28,1480,-35.39,
,306.7,1500,-35.35,
,310.13,1520,-35.74,
,313.55,1540,-34.46,
,316.98,1560,-34.64,
,320.4,1580,-35.27,
,323.78,1600,-35.86,
,327.23,1620,-35.49,
,330.78,1640,-35.27,
,334.05,1660,-35.8,
,337.43,1680,-34.93,
,340.7,1700,-35.55,
,344.13,1720,-35.9,
,347.68,1740,-35.44,
,351.0,1760,-35.47,
,354.04,1780,-35.37,
,357.49,1800,-35.04,
,360.91,1820,-35.39,
,364.34,1840,-34.49,
,367.72,1860,-35.07,
,370.57,1880,-34.43,
,373.97,1900,-34.71,
,377.78,1920,-35.1,
,381.49,1940,-35.32,
,384.6,1960,-35.11,
,388.47,1980,-34.79,
,391.47,2000,-35.35,
,395.05,2020,-34.95,
,398.38,2040,-34.89,
,401.53,2060,-35.07,
,405.18,2080,-35.46,
,408.51,2100,-35.18,
,411.73,2120,-36.07,
,414.83,2140,-35.76,
,418.06,2160,-35.2,
,421.46,2180,-35.26,
,424.47,2200,-34.84,
,427.77,2220,-34.57,
,431.03,2240,-34.81,
,434.32,2260,-35.11,
,437.76,2280,-34.94,
,440.88,2300,-35.09,
,444.21,2320,-35.26,
,447.57,2340,-35.08,
,450.97,2360,-34.68,
,454.01,2380,-34.86,
,457.23,2400,-35.32,
,460.43,2420,-35.88,
,463.51,2440,-35.48,
,466.55,2460,-35.71,
,469.85,2480,-34.83,
,472.87,2500,-35.24,
,476.1,2520,-34.84,
,479.35,2540,-35.43,
,482.6,2560,-35.06,
,485.8,2580,-35.41,
,489.17,2600,-35.14,
,492.12,2620,-35.14,
,495.41,2640,-35.43,
,498.71,2660,-35.32,
,501.78,2680,-35.12,
,505.33,2700,-35.1,
,508.48,2720,-34.83,
,511.93,2740,-34.91,
,514.9,2760,-34.99,
,517.85,2780,-34.92,
,520.77,2800,-34.63,
,524.12,2820,-35.49,
,527.42,2840,-35.2,
,530.64,2860,-34.98,
,533.83,2880,-34.81,
,537.17,2900,-34.38,
,540.47,2920,-34.81,
,543.62,2940,-34.85,
,546.74,2960,-34.79,
,549.87,2980,-35.45,
,552.82,3000,-35.14,
,555.91,3020,-34.94,
,558.87,3040,-35.14,
,562.1,3060,-34.97,
,564.9,3080,-34.87,
,567.71,3100,-35.04,
,570.64,3120,-35.26,
,573.67,3140,-34.54,
,576.95,3160,-35.25,
,579.97,3180,-35.28,
,583.19,3200,-34.76,
,586.34,3220,-35.54,
,589.48,3240,-35.25,
,592.26,3260,-35.24,
,595.5,3280,-34.89,
,598.44,3300,-34.29,
,601.36,3320,-34.98,
,604.69,3340,-35.42,
,607.89,3360,-34.66,
,610.92,3380,-34.8,
,613.93,3400,-34.67,
,616.92,3420,-35.19,
,619.98,3440,-35.28,
,622.86,3460,-34.75,
,625.87,3480,-35.1,
,628.99,3500,-35.42,
,632.01,3520,-34.77,
,634.92,3540,-34.63,
,637.89,3560,-35.09,
,640.99,3580,-35.18,
,644.05,3600,-34.93,
,647.02,3620,-34.28,
,650.0,3640,-34.71,
,653.05,3660,-34.68,
,656.12,3680,-34.41,
,659.08,3700,-34.65,
,662.09,3720,-35.36,
,664.95,3740,-35.27,
,667.95,3760,-34.78,
,670.98,3780,-35.01,
,674.26,3800,-35.17,
,677.07,3820,-35.36,
,680.06,3840,-34.9,
,682.84,3860,-35.34,
,685.65,3880,-35.16,
,688.47,3900,-34.85,
,691.68,3920,-35.12,
,694.49,3940,-34.96,
,697.32,3960,-35.14,
,700.63,3980,-34.41,
,704.11,4000,-35.2,
,706.92,4020,-34.74,
,710.13,4040,-35.53,
,713.11,4060,-35.14,
,715.86,4080,-34.87,
,718.63,4100,-35.2,
,721.41,4120,-34.72,
,724.12,4140,-34.76,
,726.81,4160,-34.5,
,729.63,4180,-34.78,
,732.59,4200,-35.01,
,735.13,4220,-35.26,
,738.22,4240,-34.92,
,740.98,4260,-34.63,
,744.0,4280,-34.79,
,746.65,4300,-34.75,
,749.44,4320,-35.0,
,752.45,4340,-35.47,
,755.34,4360,-35.2,
,758.01,4380,-34.76,
,760.81,4400,-34.06,
,763.36,4420,-34.8,
,765.89,4440,-35.15,
,768.33,4460,-34.83,
,770.94,4480,-35.27,
,773.61,4500,-34.83,
,776.64,4520,-34.21,
,779.48,4540,-34.57,
,782.39,4560,-34.51,
,784.91,4580,-35.05,
,787.9,4600,-34.69,
,790.63,4620,-35.21,
,793.03,4640,-35.02,
,795.69,4660,-34.71,
,798.64,4680,-34.79,
,800.95,4700,-35.09,
,804.14,4720,-34.54,
,807.06,4740,-34.82,
,809.86,4760,-34.66,
,812.37,4780,-34.93,
,814.86,4800,-34.42,
,817.78,4820,-34.89,
,820.2,4840,-34.79,
,822.79,4860,-34.65,
,825.43,4880,-34.55,
,827.85,4900,-34.57,
,830.52,4920,-34.08,
,833.42,4940,-34.92,
,835.93,4960,-34.79,
,838.83,4980,-34.53,
,841.59,5000,-34.8,
,844.2,5020,-34.63,
,846.81,5040,-34.84,
,850.05,5060,-34.64,
,852.79,5080,-35.11,
,855.68,5100,-34.73,
,858.5,5120,-35.05,
,861.14,5140,-33.85,
,863.91,5160,-34.63,
,866.83,5180,-34.9,
,869.41,5200,-34.74,
,872.14,5220,-34.56,
,874.64,5240,-35.27,
,877.24,5260,-35.03,
,879.73,5280,-34.77,
,882.13,5300,-35.39,
,885.06,5320,-34.96,
,887.67,5340,-34.78,
,890.47,5360,-35.1,
,893.0,5380,-34.35,
,895.73,5400,-34.81,
,898.46,5420,-34.91,
,901.2,5440,-34.47,
,903.83,5460,-34.53,
,906.5,5480,-34.7,
,909.22,5500,-34.36,
,911.77,5520,-34.22,
,914.42,5540,-35.06,
,917.03,5560,-34.78,
,919.58,5580,-35.19,
,922.16,5600,-33.88,
,924.65,5620,-35.2,
,927.19,5640,-35.18,
,929.55,5660,-34.51,
,931.99,5680,-35.25,
,934.79,5700,-34.69,
,937.22,5720,-34.71,
,939.77,5740,-34.55,
,942.18,5760,-34.5,
,944.93,5780,-34.71,
,947.43,5800,-35.02,
,950.12,5820,-34.71,
,953.03,5840,-33.95,
,955.55,5860,-34.2,
,958.09,5880,-34.61,
,960.18,5900,-34.91,
,962.78,5920,-34.73,
,965.21,5940,-34.85,
,967.97,5960,-35.03,
,970.27,5980,-34.77,
,972.71,6000,-34.78,
,975.29,6020,-35.49,
,977.83,6040,-34.27,
,980.04,6060,-35.17,
,982.61,6080,-34.71,
,985.21,6100,-34.39,
,987.78,6120,-34.42,
,989.94,6140,-34.89,
,992.39,6160,-34.89,
,994.99,6180,-34.58,
,997.45,6200,-34.6,
,1000.34,6220,-35.13,
,1002.84,6240,-34.38,
,1005.35,6260,-35.2,
,1007.78,6280,-34.55,
,1010.77,6300,-34.6,
,1013.29,6320,-34.86,
,1015.62,6340,-34.99,
,1018.21,6360,-34.23,
,1020.62,6380,-34.62,
,1022.89,6400,-34.07,
,1025.55,6420,-34.97,
,1027.6,6440,-34.32,
,1029.94,6460,-34.5,
,1032.45,6480,-34.53,
,1034.79,6500,-35.01,
,1037.43,6520,-34.97,
,1039.75,6540,-34.98,
,1042.22,6560,-34.45,
,1044.88,6580,-34.37,
,1047.34,6600,-34.61,
,1049.75,6620,-34.57,
,1052.32,6640,-34.74,
,1054.83,6660,-34.37,
,1057.53,6680,-34.49,
,1060.01,6700,-34.52,
,1062.56,6720,-34.58,
,1064.83,6740,-35.12,
,1067.2,6760,-34.69,
,1069.6,6780,-34.32,
,1072.08,6800,-34.36,
,1074.49,6820,-34.72,
,1077.09,6840,-34.56,
,1079.59,6860,-34.97,
,1082.24,6880,-34.32,
,1084.41,6900,-34.26,
,1086.53,6920,-35.11,
,1088.77,6940,-34.73,
,1091.33,6960,-34.47,
,1093.71,6980,-34.82,
,1095.88,7000,-34.9,
,1098.2,7020,-34.77,
,1100.75,7040,-34.4,
,1103.61,7060,-34.95,
,1106.0,7080,-34.97,
,1108.25,7100,-34.36,
,1110.46,7120,-35.28,
,1112.82,7140,-34.74,
,1115.24,7160,-34.68,
,1117.64,7180,-34.93,
,1119.92,7200,-34.87,
,1122.07,7220,-34.12,
,1124.25,7240,-34.84,
,1126.65,7260,-34.99,
,1129.13,7280,-34.73,
,1131.51,7300,-34.64,
,1134.16,7320,-34.74,
,1136.34,7340,-34.31,
,1138.52,7360,-34.55,
,1141.01,7380,-34.62,
,1143.07,7400,-34.5,
,1145.4,7420,-34.44,
,1147.83,7440,-33.88,
,1150.16,7460,-34.77,
,1152.66,7480,-34.78,
,1155.07,7500,-35.04,
,1157.29,7520,-34.34,
,1159.81,7540,-34.52,
,1162.23,7560,-34.08,
,1164.07,7580,-34.01,
,1166.38,7600,-34.88,
,1168.31,7620,-33.9,
,1170.54,7640,-34.01,
,1173.11,7660,-34.65,
,1175.36,7680,-34.26,
,1177.35,7700,-34.09,
,1179.41,7720,-34.75,
,1182.27,7740,-34.35,
,1184.71,7760,-34.13,
,1186.97,7780,-33.76,
,1189.47,7800,-34.35,
,1191.64,7820,-34.4,
,1194.1,7840,-34.62,
,1196.22,7860,-34.98,
,1198.38,7880,-34.51,
,1200.51,7900,-34.78,
,1202.58,7920,-34.83,
,1204.84,7940,-33.6,
,1207.12,7960,-34.04,
,1209.33,7980,-34.4,
,1211.48,8000,-34.43,
,1213.51,8020,-35.05,
,1215.53,8040,-34.51,
,1217.62,8060,-34.5,
,1219.47,8080,-33.96,
,1221.56,8100,-35.44,
,1223.46,8120,-35.68,
,1225.46,8140,-35.54,
,1227.26,8160,-36.06,
,1228.99,8180,-35.88,
,1230.56,8200,-36.03,
,1232.53,8220,-35.21,
,1234.78,8240,-35.68,
,1237.16,8260,-34.5,
,1239.2,8280,-34.7,
,1241.04,8300,-34.87,
,1242.94,8320,-34.95,
,1244.84,8340,-34.41,
,1246.74,8360,-35.36,
,1248.7,8380,-34.79,
,1250.75,8400,-34.46,
,1252.59,8420,-35.07,
,1254.39,8440,-34.7,
,1256.5,8460,-34.43,
,1258.4,8480,-34.83,
,1260.45,8500,-34.99,
,1262.41,8520,-34.59,
,1264.2,8540,-34.35,
,1266.07,8560,-34.83,
,1267.97,8580,-34.18,
,1269.66,8600,-35.02,
,1271.79,8620,-35.46,
,1273.68,8640,-35.21,
,1275.67,8660,-34.01,
,1277.56,8680,-34.92,
,1279.4,8700,-34.49,
,1281.18,8720,-35.34,
,1283.04,8740,-34.22,
,1285.07,8760,-35.57,
,1286.76,8780,-35.22,
,1288.68,8800,-34.08,
,1290.44,8820,-35.15,
,1292.17,8840,-34.57,
,1294.04,8860,-34.17,
,1295.85,8880,-34.3,
,1297.54,8900,-34.71,
,1299.74,8920,-34.57,
,1301.54,8940,-34.47,
,1303.4,8960,-34.68,
,1305.08,8980,-35.57,
,1306.82,9000,-35.18,
,1308.46,9020,-34.92,
,1310.23,9040,-34.73,
,1312.12,9060,-34.61,
,1313.93,9080,-34.98,
,1315.62,9100,-34.47,
,1317.55,9120,-34.34,
,1319.24,9140,-34.7,
,1321.01,9160,-34.83,
,1322.88,9180,-34.92,
,1324.4,9200,-35.62,
,1326.11,9220,-35.66,
,1327.73,9240,-36.05,
,1329.25,9260,-35.19,
,1330.87,9280,-35.04,
,1332.57,9300,-34.91,
,1334.36,9320,-34.56,
,1336.18,9340,-34.87,
,1337.81,9360,-34.8,
,1339.56,9380,-34.83,
,1341.22,9400,-35.12,
,1342.94,9420,-35.12,
,1344.72,9440,-34.92,
,1346.41,9460,-34.66,
,1347.87,9480,-35.01,
,1349.52,9500,-34.56,
,1351.16,9520,-34.98,
,1352.67,9540,-35.13,
,1354.48,9560,-34.95,
,1356.13,9580,-34.77,
,1357.78,9600,-34.96,
,1359.35,9620,-34.85,
,1360.87,9640,-34.84,
,1362.51,9660,-34.62,
,1364.19,9680,-34.68,
,1365.83,9700,-34.87,
,1367.39,9720,-34.66,
,1369.07,9740,-34.49,
,1370.71,9760,-35.12,
,1371.87,9780,-35.37,
,1373.44,9800,-35.22,
,1375.15,9820,-34.54,
,1376.7,9840,-35.06,
,1378.2,9860,-35.26,
,1379.72,9880,-34.85,
,1381.21,9900,-35.46,
,1382.79,9920,-34.65,
,1384.34,9940,-35.1,
,1385.88,9960,-34.94,
,1387.37,9980,-35.11,
,1388.82,10000,-35.79,
,1390.23,10020,-35.21,
,1391.72,10040,-35.32,
,1393.18,10060,-35.29,
,1394.61,10080,-35.45,
,1396.05,10100,-34.99,
,1397.61,10120,-35.02,
,1399.13,10140,-34.89,
,1400.55,10160,-35.93,
,1402.07,10180,-35.54,
,1403.52,10200,-36.33,
,1405.04,10220,-36.39,
,1406.44,10240,-36.01,
,1407.91,10260,-36.01,
,1409.42,10280,-35.2,
,1410.77,10300,-36.12,
,1412.14,10320,-36.18,
,1413.48,10340,-36.36,
,1414.8,10360,-35.96,
,1416.18,10380,-36.12,
,1417.5,10400,-36.04,
,1418.84,10420,-35.53,
,1420.22,10440,-36.34,
,1421.55,10460,-35.46,
,1422.87,10480,-35.73,
,1424.23,10500,-35.86,
,1425.59,10520,-35.99,
,1426.93,10540,-35.89,
,1428.22,10560,-36.12,
,1429.54,10580,-36.13,
,1430.85,10600,-36.16,
,1432.22,10620,-35.5,
,1433.5,10640,-35.77,
,1434.84,10660,-36.05,
,1436.11,10680,-36.45,
,1437.43,10700,-35.88,
,1438.71,10720,-36.22,
,1439.92,10740,-36.83,
,1441.16,10760,-35.84,
,1442.44,10780,-36.59,
,1443.8,10800,-36.09,
,1445.12,10820,-37.23,
,1446.33,10840,-37.6,
,1447.53,10860,-37.25,
,1448.64,10880,-37.15,
,1449.92,10900,-37.0,
,1451.03,10920,-38.01,
,1452.29,10940,-36.53,
,1453.54,10960,-37.05,
,1454.75,10980,-36.44,
,1455.98,11000,-36.64,
,1457.18,11020,-36.89,
,1458.38,11040,-37.11,
,1459.59,11060,-36.71,
,1460.85,11080,-36.43,
,1461.97,11100,-37.13,
,1463.16,11120,-36.62,
,1464.37,11140,-37.25,
,1465.52,11160,-37.39,
,1466.67,11180,-37.6,
,1467.9,11200,-36.57,
,1469.13,11220,-36.16,
,1470.36,11240,-36.58,
,1471.51,11260,-37.54,
,1472.66,11280,-36.67,
,1473.88,11300,-36.91,
,1475.02,11320,-37.45,
,1476.16,11340,-37.63,
,1477.23,11360,-37.11,
,1478.16,11380,-38.46,
,1479.15,11400,-38.26,
,1480.13,11420,-38.72,
,1481.24,11440,-37.41,
,1482.32,11460,-37.84,
,1483.41,11480,-36.9,
,1484.59,11500,-36.6,
,1485.69,11520,-36.87,
,1486.95,11540,-36.78,
,1488.1,11560,-36.41,
,1489.26,11580,-36.57,
,1490.44,11600,-36.68,
,1491.45,11620,-38.49,
,1492.33,11640,-39.04,
,1492.94,11660,-39.6,
,1493.62,11680,-39.72,
,1494.26,11700,-40.85,
,1494.85,11720,-40.55,
,1495.43,11740,-39.87,
,1496.06,11760,-40.45,
,1496.68,11780,-40.97,
,1497.25,11800,-39.17,
,1497.81,11820,-38.93,
,1498.35,11840,-41.52,
,1498.93,11860,-39.73,
,1499.53,11880,-41.94,
,1500.15,11900,-40.34,
,1500.74,11920,-41.54,
,1501.29,11940,-40.54,
,1501.85,11960,-39.6,
,1502.51,11980,-40.17,
,1503.09,12000,-39.32,
,1503.65,12020,-40.77,
,1504.25,12040,-40.74,
,1504.78,12060,-41.89,
,1505.35,12080,-40.61,
,1505.87,12100,-41.76,
,1506.37,12120,-42.09,
,1506.94,12140,-38.91,
,1507.49,12160,-41.4,
,1508.03,12180,-40.9,
,1508.58,12200,-39.9,
,1509.2,12220,-40.71,
,1509.74,12240,-41.01,
,1510.29,12260,-40.41,
,1510.78,12280,-40.95,
,1511.34,12300,-41.73,
,1511.83,12320,-41.17,
,1512.41,12340,-40.73,
,1512.95,12360,-41.21,
,1513.56,12380,-41.05,
,1514.2,12400,-41.39,
,1514.75,12420,-40.02,
,1515.27,12440,-41.91,
,1515.84,12460,-40.62,
,1516.38,12480,-39.09,
,1516.89,12500,-40.95,
,1517.46,12520,-40.54,
,1517.94,12540,-41.43,
,1518.39,12560,-42.71,
,1518.9,12580,-40.59,
,1519.5,12600,-41.82,
,1520.04,12620,-40.92,
,1520.59,12640,-42.27,
,1521.21,12660,-41.82,
,1521.82,12680,-41.95,
,1522.36,12700,-41.06,
,1522.91,12720,-39.86,
,1523.44,12740,-40.17,
,1524.02,12760,-40.36,
,1524.7,12780,-39.88,
,1525.3,12800,-38.98,
,1525.94,12820,-39.81,
,1526.67,12840,-40.11,
,1527.42,12860,-39.42,
,1528.24,12880,-37.79,
,1528.98,12900,-38.25,
,1529.76,12920,-39.11,
,1530.73,12940,-38.96,
,1531.5,12960,-39.87,
,1532.26,12980,-39.55,
,1533.12,13000,-39.49,
,1533.86,13020,-40.52,
,1534.55,13040,-39.77,
,1535.21,13060,-40.57,
,1535.89,13080,-40.17,
,1536.56,13100,-41.51,
,1537.23,13120,-40.08,
,1537.94,13140,-40.53,
,1538.64,13160,-40.1,
,1539.37,13180,-40.58,
,1540.0,13200,-39.45,
,1540.8,13220,-39.3,
,1541.65,13240,-38.97,
,1542.48,13260,-39.03,
,1543.37,13280,-39.35,
,1544.2,13300,-39.07,
,1545.02,13320,-38.56,
,1545.94,13340,-38.36,
,1546.78,13360,-38.76,
,1547.75,13380,-38.14,
,1548.55,13400,-38.56,
,1549.46,13420,-38.79,
,1550.33,13440,-38.33,
,1551.27,13460,-37.74,
,1552.17,13480,-38.08,
,1553.16,13500,-38.29,
,1553.95,13520,-38.99,
,1554.75,13540,-39.36,
,1555.5,13560,-39.64,
,1556.26,13580,-40.05,
,1557.08,13600,-39.21,
,1557.89,13620,-39.09,
,1558.84,13640,-38.67,
,1559.72,13660,-38.93,
,1560.62,13680,-37.66,
,1561.51,13700,-38.45,
,1562.43,13720,-39.42,
,1563.36,13740,-38.81,
,1564.34,13760,-37.86,
,1565.2,13780,-39.05,
,1566.16,13800,-37.96,
,1567.16,13820,-38.0,
,1568.06,13840,-38.43,
,1568.98,13860,-38.21,
,1569.95,13880,-38.61,
,1570.75,13900,-38.03,
,1571.51,13920,-39.99,
,1572.26,13940,-39.03,
,1572.97,13960,-39.73,
,1573.59,13980,-40.21,
,1574.28,14000,-39.9,
,1575.03,14020,-40.94,
,1575.9,14040,-38.05,
,1576.77,14060,-38.34,
,1577.59,14080,-38.01,
,1578.54,14100,-38.68,
,1579.3,14120,-38.04,
,1580.19,14140,-37.59,
,1581.18,14160,-37.46,
,1582.16,14180,-38.42,
,1583.16,14200,-37.76,
,1584.06,14220,-37.19,
,1585.16,14240,-37.13,
,1586.22,14260,-37.05,
,1587.24,14280,-37.54,
,1588.24,14300,-36.81,
,1589.2,14320,-37.49,
,1590.16,14340,-36.07,
,1591.12,14360,-37.17,
,1592.08,14380,-37.29,
,1593.14,14400,-37.04,
,1594.21,14420,-36.86,
,1595.05,14440,-36.26,
,1596.12,14460,-36.11,
,1597.21,14480,-36.14,
,1598.32,14500,-36.14,
,1599.47,14520,-36.98,
,1600.52,14540,-35.81,
,1601.4,14560,-36.74,
,1602.32,14580,-37.48,
,1603.31,14600,-37.52,
,1604.17,14620,-37.97,
,1604.89,14640,-40.64,
,1605.38,14660,-41.96,
,1605.96,14680,-42.47,
,1606.49,14700,-40.81,
,1607.08,14720,-41.03,
,1607.68,14740,-39.92,
,1608.28,14760,-40.68,
,1608.8,14780,-42.44,
,1609.36,14800,-40.78,
,1609.88,14820,-41.18,
,1610.39,14840,-40.14,
,1610.9,14860,-41.47,
,1611.37,14880,-41.76,
,1611.83,14900,-41.65,
,1612.3,14920,-40.88,
,1612.83,14940,-42.61,
,1613.32,14960,-42.37,
,1613.72,14980,-41.54,
,1614.18,15000,-43.17,
,1614.66,15020,-39.98,
,1615.13,15040,-43.51,
,1615.55,15060,-42.76,
,1615.98,15080,-40.12,
,1616.39,15100,-42.26,
,1616.84,15120,-42.99,
,1617.32,15140,-42.08,
,1617.73,15160,-40.57,
,1618.18,15180,-43.57,
,1618.67,15200,-40.55,
,1619.12,15220,-44.91,
,1619.63,15240,-41.99,
,1620.11,15260,-41.29,
,1620.56,15280,-42.08,
,1621.02,15300,-40.75,
,1621.45,15320,-40.66,
,1621.92,15340,-40.04,
,1622.38,15360,-43.26,
,1622.83,15380,-42.38,
,1623.27,15400,-42.89,
,1623.77,15420,-41.61,
,1624.25,15440,-41.95,
,1624.71,15460,-43.57,
,1625.17,15480,-41.88,
,1625.6,15500,-43.21,
,1626.03,15520,-44.56,
,1626.44,15540,-42.31,
,1626.87,15560,-42.15,
,1627.34,15580,-42.12,
,1627.74,15600,-42.2,
,1628.16,15620,-40.39,
,1628.56,15640,-43.5,
,1628.98,15660,-43.08,
,1629.41,15680,-44.63,
,1629.81,15700,-42.79,
,1630.21,15720,-44.02,
,1630.6,15740,-43.85,
,1631.06,15760,-40.21,
,1631.51,15780,-41.7,
,1631.99,15800,-41.15,
,1632.52,15820,-40.81,
,1632.96,15840,-43.15,
,1633.38,15860,-42.98,
,1633.83,15880,-41.55,
,1634.32,15900,-40.53,
,1634.76,15920,-41.6,
,1635.26,15940,-41.94,
,1635.7,15960,-42.3,
,1636.21,15980,-41.42,
,1636.66,16000,-41.29,
,1637.12,16020,-42.99,
,1637.54,16040,-44.97,
,1637.99,16060,-43.25,
,1638.43,16080,-40.35,
,1638.85,16100,-43.59,
,1639.3,16120,-41.86,
,1639.76,16140,-41.64,
,1640.23,16160,-44.27,
,1640.66,16180,-39.89,
,1641.06,16200,-42.36,
,1641.51,16220,-41.99,
,1641.94,16240,-40.71,
,1642.37,16260,-42.1,
,1642.79,16280,-42.33,
,1643.27,16300,-42.5,
,1643.76,16320,-39.74,
,1644.22,16340,-42.81,
,1644.71,16360,-41.62,
,1645.15,16380,-40.74,
,1645.64,16400,-42.58,
,1646.11,16420,-41.26,
,1646.55,16440,-41.18,
,1646.99,16460,-38.29,
,1647.48,16480,-40.38,
,1647.9,16500,-41.68,
,1648.3,16520,-41.52,
,1648.75,16540,-40.58,
,1649.2,16560,-42.77,
,1649.73,16580,-42.78,
,1650.24,16600,-40.88,
,1650.75,16620,-41.55,
,1651.2,16640,-40.65,
,1651.66,16660,-42.69,
,1652.1,16680,-39.36,
,1652.56,16700,-40.72,
,1653.03,16720,-41.8,
,1653.52,16740,-40.92,
,1653.96,16760,-39.26,
,1654.49,16780,-40.64,
,1654.97,16800,-39.46,
,1655.41,16820,-40.35,
,1655.84,16840,-40.3,
,1656.28,16860,-42.1,
,1656.66,16880,-41.25,
,1657.11,16900,-42.41,
,1657.54,16920,-40.69,
,1658.02,16940,-42.12,
,1658.5,16960,-40.42,
,1658.94,16980,-42.23,
,1659.44,17000,-40.0,
,1659.92,17020,-39.76,
,1660.37,17040,-38.99,
,1660.89,17060,-42.35,
,1661.36,17080,-39.8,
,1661.88,17100,-40.26,
,1662.31,17120,-40.48,
,1662.8,17140,-40.56,
,1663.28,17160,-40.17,
,1663.78,17180,-41.24,
,1664.18,17200,-42.24,
,1664.59,17220,-39.81,
,1665.04,17240,-39.8,
,1665.49,17260,-41.58,
,1665.89,17280,-40.55,
,1666.33,17300,-40.64,
,1666.86,17320,-39.94,
,1667.31,17340,-41.25,
,1667.78,17360,-42.94,
,1668.19,17380,-42.38,
,1668.65,17400,-41.52,
,1669.09,17420,-40.75,
,1669.55,17440,-40.72,
,1669.95,17460,-41.49,
,1670.38,17480,-41.22,
,1670.8,17500,-38.85,
,1671.2,17520,-40.46,
,1671.65,17540,-41.85,
,1672.12,17560,-39.58,
,1672.61,17580,-39.7,
,1673.08,17600,-40.89,
,1673.63,17620,-40.04,
,1674.11,17640,-40.7,
,1674.49,17660,-42.53,
,1674.92,17680,-41.35,
,1675.35,17700,-41.31,
,1675.8,17720,-41.04,
,1676.27,17740,-40.9,
,1676.8,17760,-38.95,
,1677.31,17780,-41.45,
,1677.78,17800,-42.4,
,1678.2,17820,-43.36,
,1678.67,17840,-41.14,
,1679.16,17860,-40.93,
,1679.64,17880,-42.52,
,1680.05,17900,-41.74,
,1680.47,17920,-43.47,
,1680.96,17940,-42.27,
,1681.39,17960,-42.68,
,1681.82,17980,-41.83,
,1682.25,18000,-40.5,
,1682.64,18020,-42.77,
,1683.07,18040,-42.9,
,1683.57,18060,-42.77,
,1684.07,18080,-42.99,
,1684.55,18100,-40.6,
,1685.06,18120,-40.68,
,1685.55,18140,-40.98,
,1686.04,18160,-42.25,
,1686.5,18180,-41.83,
,1686.95,18200,-41.63,
,1687.35,18220,-44.35,
,1687.86,18240,-42.17,
,1688.35,18260,-40.74,
,1688.78,18280,-43.78,
,1689.23,18300,-42.4,
,1689.66,18320,-43.02,
,1690.04,18340,-42.35,
,1690.43,18360,-41.89,
,1690.92,18380,-42.12,
,1691.32,18400,-42.25,
,1691.75,18420,-42.82,
,1692.19,18440,-40.04,
,1692.67,18460,-42.21,
,1693.11,18480,-41.75,
,1693.54,18500,-39.92,
,1693.97,18520,-40.92,
,1694.41,18540,-42.85,
,1694.92,18560,-41.37,
,1695.36,18580,-40.41,
,1695.82,18600,-40.96,
,1696.29,18620,-40.12,
,1696.74,18640,-41.7,
,1697.18,18660,-41.13,
,1697.67,18680,-41.01,
,1698.13,18700,-42.66,
,1698.59,18720,-42.25,
,1699.01,18740,-41.46,
,1699.51,18760,-41.24,
,1700.0,18780,-40.87,
,1700.51,18800,-41.97,
,1700.94,18820,-40.39,
,1701.38,18840,-40.26,
,1701.82,18860,-42.36,
,1702.27,18880,-42.09,
,1702.68,18900,-40.85,
,1703.14,18920,-42.11,
,1703.56,18940,-41.29,
,1703.99,18960,-42.16,
,1704.42,18980,-40.04,
,1704.87,19000,-42.61,
,1705.33,19020,-41.81,
,1705.76,19040,-42.03,
,1706.18,19060,-41.5,
,1706.68,19080,-42.48,
,1707.08,19100,-42.75,
,1707.55,19120,-41.38,
,1708.02,19140,-43.74,
,1708.4,19160,-42.52,
,1708.82,19180,-40.54,
,1709.27,19200,-43.75,
,1709.72,19220,-41.23,
,1710.14,19240,-42.72,
,1710.58,19260,-40.42,
,1711.04,19280,-41.28,
,1711.47,19300,-41.68,
,1711.88,19320,-41.75,
,1712.33,19340,-42.86,
,1712.79,19360,-43.07,
,1713.29,19380,-42.36,
,1713.72,19400,-40.85,
,1714.18,19420,-41.35,
,1714.61,19440,-42.17,
,1715.1,19460,-41.37,
,1715.54,19480,-42.65,
,1716.03,19500,-40.93,
,1716.53,19520,-42.56,
,1716.99,19540,-40.46,
,1717.4,19560,-40.83,
,1717.83,19580,-40.89,
,1718.29,19600,-41.84,
,1718.67,19620,-39.93,
,1719.11,19640,-41.5,
,1719.51,19660,-42.05,
,1719.89,19680,-41.43,
,1720.28,19700,-41.4,
,1720.73,19720,-41.63,
,1721.17,19740,-42.8,
,1721.64,19760,-43.02,
,1722.09,19780,-41.4,
,1722.54,19800,-40.22,
,1723.03,19820,-40.69,
,1723.44,19840,-41.43,
,1723.9,19860,-40.66,
,1724.34,19880,-41.6,
,1724.81,19900,-42.62,
,1725.24,19920,-42.14,
,1725.63,19940,-42.66,
,1726.07,19960,-41.97,
,1726.48,19980,-41.69,
,1726.96,20000,-42.76,
,1727.42,20020,-42.71,
,1727.81,20040,-41.33,
,1728.24,20060,-42.68,
,1728.67,20080,-42.01,
,1729.12,20100,-42.6,
,1729.56,20120,-42.19,
,1730.04,20140,-42.79,
,1730.55,20160,-40.37,
,1731.0,20180,-41.4,
,1731.47,20200,-42.46,
,1731.96,20220,-42.54,
,1732.41,20240,-41.92,
,1732.92,20260,-42.38,
,1733.32,20280,-43.13,
,1733.76,20300,-41.86,
,1734.14,20320,-43.12,
,1734.57,20340,-44.51,
,1735.04,20360,-42.45,
,1735.43,20380,-43.21,
,1735.82,20400,-43.52,
,1736.26,20420,-42.04,
,1736.75,20440,-41.92,
,1737.16,20460,-43.2,
,1737.61,20480,-43.36,
,1738.09,20500,-44.97,
,1738.51,20520,-42.52,
,1738.97,20540,-42.06,
,1739.44,20560,-41.89,
,1739.86,20580,-42.42,
,1740.31,20600,-40.62,
,1740.77,20620,-40.09,
,1741.14,20640,-43.6,
,1741.54,20660,-42.12,
,1741.97,20680,-39.93,
,1742.43,20700,-42.75,
,1742.87,20720,-42.39,
,1743.32,20740,-42.98,
,1743.7,20760,-40.72,
,1744.13,20780,-43.35,
,1744.54,20800,-42.55,
,1744.94,20820,-42.08,
,1745.31,20840,-43.27,
,1745.74,20860,-42.27,
,1746.13,20880,-43.93,
,1746.52,20900,-42.95,
,1746.92,20920,-43.09,
,1747.3,20940,-44.85,
,1747.68,20960,-43.5,
,1748.07,20980,-42.52,
,1748.43,21000,-42.26,
,1748.81,21020,-43.68,
,1749.18,21040,-43.31,
,1749.54,21060,-42.63,
,1749.92,21080,-41.83,
,1750.29,21100,-42.08,
,1750.69,21120,-41.92,
,1751.11,21140,-43.89,
,1751.5,21160,-42.88,
,1751.91,21180,-43.91,
,1752.32,21200,-42.58,
,1752.71,21220,-42.68,
,1753.09,21240,-41.02,
,1753.45,21260,-41.96,
,1753.85,21280,-42.42,
,1754.28,21300,-43.83,
,1754.64,21320,-42.06,
,1755.0,21340,-42.52,
,1755.37,21360,-43.75,
,1755.75,21380,-41.22,
,1756.14,21400,-42.34,
,1756.55,21420,-43.06,
,1756.9,21440,-44.58,
,1757.26,21460,-41.88,
,1757.68,21480,-42.04,
,1758.04,21500,-42.86,
,1758.4,21520,-42.1,
,1758.76,21540,-41.02,
,1759.18,21560,-42.87,
,1759.55,21580,-41.93,
,1759.91,21600,-43.4,
,1760.26,21620,-42.04,
,1760.62,21640,-41.6,
,1761.02,21660,-44.16,
,1761.43,21680,-43.94,
,1761.8,21700,-42.49,
,1762.17,21720,-43.68,
,1762.53,21740,-43.51,
,1762.91,21760,-43.1,
,1763.29,21780,-42.76,
,1763.67,21800,-43.59,
,1764.07,21820,-43.13,
,1764.45,21840,-41.36,
,1764.86,21860,-41.9,
,1765.26,21880,-42.24,
,1765.62,21900,-42.45,
,1765.99,21920,-42.68,
,1766.36,21940,-42.6,
,1766.71,21960,-42.55,
,1767.07,21980,-41.88,
,1767.43,22000,-40.51,
,1767.79,22020,-43.27,
,1768.18,22040,-40.99,
,1768.5,22060,-43.28,
,1768.89,22080,-42.03,
,1769.23,22100,-41.0,
,1769.61,22120,-42.17,
,1770.0,22140,-41.51,
,1770.39,22160,-41.53,
,1770.73,22180,-41.15,
,1771.13,22200,-41.44,
,1771.49,22220,-42.32,
,1771.81,22240,-42.41,
,1772.21,22260,-43.05,
,1772.58,22280,-42.69,
,1772.95,22300,-41.05,
,1773.33,22320,-43.67,
,1773.74,22340,-42.38,
,1774.12,22360,-43.47,
,1774.53,22380,-42.36,
,1774.91,22400,-42.51,
,1775.33,22420,-41.82,
,1775.76,22440,-42.0,
,1776.15,22460,-43.97,
,1776.59,22480,-43.04,
,1776.96,22500,-42.77,
,1777.33,22520,-42.05,
,1777.75,22540,-42.34,
,1778.12,22560,-41.7,
,1778.51,22580,-42.74,
,1778.9,22600,-42.96,
,1779.27,22620,-43.02,
,1779.66,22640,-43.31,
,1780.04,22660,-42.72,
,1780.48,22680,-40.56,
,1780.91,22700,-40.83,
,1781.31,22720,-40.19,
,1781.74,22740,-42.56,
,1782.12,22760,-41.26,
,1782.46,22780,-42.21,
,1782.84,22800,-41.82,
,1783.24,22820,-43.69,
,1783.62,22840,-42.37,
,1784.03,22860,-41.04,
,1784.47,22880,-42.02,
,1784.96,22900,-40.35,
,1785.42,22920,-41.31,
,1785.85,22940,-41.83,
,1786.28,22960,-42.79,
,1786.65,22980,-42.06,
,1787.07,23000,-41.94,
,1787.52,23020,-42.18,
,1787.94,23040,-43.6,
,1788.31,23060,-43.04,
,1788.78,23080,-42.03,
,1789.21,23100,-41.85,
,1789.59,23120,-42.78,
,1789.92,23140,-41.48,
,1790.26,23160,-41.17,
,1790.68,23180,-41.93,
,1791.16,23200,-41.22,
,1791.63,23220,-40.28,
,1792.16,23240,-39.11,
,1792.62,23260,-40.34,
,1793.19,23280,-40.04,
,1793.69,23300,-41.21,
,1794.08,23320,-42.47,
,1794.49,23340,-42.83,
,1794.88,23360,-44.36,
,1795.27,23380,-42.78,
,1795.64,23400,-42.41,
,1795.98,23420,-41.87,
,1796.35,23440,-42.04,
,1796.72,23460,-44.64,
,1797.07,23480,-44.12,
,1797.36,23500,-44.64,
,1797.67,23520,-44.25,
,1798.03,23540,-41.8,
,1798.4,23560,-44.75,
,1798.71,23580,-44.64,
,1799.03,23600,-42.81,
,1799.34,23620,-43.13,
,1799.67,23640,-44.55,
,1799.97,23660,-45.29,
,1800.31,23680,-43.41,
,1800.63,23700,-41.51,
,1800.95,23720,-44.11,
,1801.27,23740,-43.95,
,1801.58,23760,-43.84,
,1801.91,23780,-44.14,
,1802.21,23800,-44.13,
,1802.53,23820,-43.66,
,1802.85,23840,-43.11,
,1803.16,23860,-43.53,
,1803.47,23880,-42.93,
,1803.77,23900,-44.44,
,1804.06,23920,-43.86,
,1804.35,23940,-40.99,
,1804.66,23960,-42.65,
,1804.94,23980,-42.48,
,1805.23,24000,-44.11,
,1805.56,24020,-44.03,
,1805.87,24040,-44.24,
,1806.18,24060,-42.92,
,1806.49,24080,-44.3,
,1806.81,24100,-43.05,
,1807.09,24120,-44.18,
,1807.4,24140,-42.27,
,1807.74,24160,-44.34,
,1808.04,24180,-44.51,
,1808.39,24200,-44.33,
,1808.74,24220,-43.6,
,1809.03,24240,-43.86,
,1809.4,24260,-41.79,
,1809.73,24280,-43.65,
,1810.05,24300,-43.11,
,1810.36,24320,-44.07,
,1810.72,24340,-43.88,
,1811.06,24360,-44.29,
,1811.35,24380,-42.3,
,1811.69,24400,-42.04,
,1812.02,24420,-44.64,
,1812.37,24440,-43.01,
,1812.7,24460,-42.93,
,1813.0,24480,-43.63,
,1813.28,24500,-43.8,
,1813.57,24520,-42.72,
,1813.89,24540,-42.02,
,1814.19,24560,-43.29,
,1814.49,24580,-42.78,
,1814.79,24600,-45.76,
,1815.08,24620,-43.64,
,1815.37,24640,-44.79,
,1815.69,24660,-42.48,
,1815.96,24680,-42.71,
,1816.3,24700,-43.02,
,1816.6,24720,-44.34,
,1816.88,24740,-43.24,
,1817.14,24760,-45.27,
,1817.46,24780,-44.28,
,1817.77,24800,-43.69,
,1818.11,24820,-44.14,
,1818.47,24840,-44.93,
,1818.79,24860,-44.77,
,1819.1,24880,-43.33,
,1819.44,24900,-41.88,
,1819.76,24920,-43.23,
,1820.06,24940,-42.66,
,1820.43,24960,-42.41,
,1820.78,24980,-43.54,
,1821.11,25000,-42.71,
,1821.43,25020,-43.66,
,1821.76,25040,-44.35,
,1822.06,25060,-44.14,
,1822.38,25080,-44.35,
,1822.72,25100,-43.05,
,1823.0,25120,-42.74,
,1823.29,25140,-43.11,
,1823.58,25160,-43.42,
,1823.88,25180,-42.35,
,1824.16,25200,-44.12,
,1824.46,25220,-43.08,
,1824.74,25240,-43.91,
,1825.03,25260,-43.14,
,1825.33,25280,-44.02,
,1825.67,25300,-43.4,
,1826.0,25320,-42.2,
,1826.28,25340,-43.45,
,1826.6,25360,-43.65,
,1826.9,25380,-45.14,
,1827.2,25400,-44.36,
,1827.49,25420,-45.3,
,1827.78,25440,-44.09,
,1828.07,25460,-42.41,
,1828.35,25480,-41.35,
,1828.63,25500,-42.65,
,1828.94,25520,-45.02,
,1829.24,25540,-43.6,
,1829.53,25560,-43.17,
,1829.85,25580,-43.0,
,1830.13,25600,-44.91,
,1830.42,25620,-44.45,
,1830.71,25640,-46.11,
,1830.99,25660,-43.74,
,1831.29,25680,-43.94,
,1831.59,25700,-45.14,
,1831.89,25720,-43.34,
,1832.19,25740,-43.46,
,1832.5,25760,-44.1,
,1832.79,25780,-43.96,
,1833.09,25800,-45.11,
,1833.36,25820,-44.4,
,1833.64,25840,-44.55,
,1833.94,25860,-44.51,
,1834.25,25880,-42.56,
,1834.53,25900,-43.2,
,1834.82,25920,-44.36,
,1835.12,25940,-42.59,
,1835.45,25960,-44.19,
,1835.79,25980,-45.64,
,1836.17,26000,-43.37,
,1836.53,26020,-42.39,
,1836.83,26040,-43.78,
,1837.15,26060,-41.93,
,1837.5,26080,-44.14,
,1837.87,26100,-42.56,
,1838.25,26120,-42.46,
,1838.64,26140,-41.67,
,1839.03,26160,-43.1,
,1839.46,26180,-42.19,
,1839.83,26200,-44.16,
,1840.19,26220,-43.22,
,1840.56,26240,-42.92,
,1840.92,26260,-43.21,
,1841.29,26280,-42.18,
,1841.65,26300,-42.76,
,1841.99,26320,-42.87,
,1842.33,26340,-41.74,
,1842.67,26360,-42.75,
,1842.98,26380,-42.85,
,1843.36,26400,-43.4,
,1843.74,26420,-43.25,
,1844.13,26440,-42.75,
,1844.47,26460,-44.69,
,1844.76,26480,-44.44,
,1845.05,26500,-46.5,
,1845.36,26520,-45.54,
,1845.72,26540,-43.31,
,1846.02,26560,-43.22,
,1846.33,26580,-44.2,
,1846.66,26600,-43.05,
,1847.0,26620,-43.1,
,1847.34,26640,-43.63,
,1847.66,26660,-43.09,
,1848.0,26680,-43.5,
,1848.3,26700,-44.54,
,1848.67,26720,-43.78,
,1849.04,26740,-44.37,
,1849.36,26760,-44.73,
,1849.71,26780,-42.85,
,1850.04,26800,-42.83,
,1850.39,26820,-44.65,
,1850.74,26840,-43.44,
,1851.08,26860,-43.13,
,1851.42,26880,-44.22,
,1851.79,26900,-43.1,
,1852.17,26920,-41.77,
,1852.51,26940,-43.73,
,1852.83,26960,-43.44,
,1853.15,26980,-44.0,
,1853.49,27000,-44.59,
,1853.86,27020,-43.95,
,1854.21,27040,-42.86,
,1854.57,27060,-42.44,
,1854.91,27080,-41.29,
,1855.2,27100,-44.38,
,1855.52,27120,-41.8,
,1855.84,27140,-43.26,
,1856.18,27160,-43.39,
,1856.5,27180,-43.19,
,1856.86,27200,-43.21,
,1857.23,27220,-43.05,
,1857.56,27240,-43.45,
,1857.91,27260,-43.13,
,1858.23,27280,-44.58,
,1858.56,27300,-43.26,
,1858.9,27320,-44.36,
,1859.24,27340,-43.64,
,1859.58,27360,-44.89,
,1859.93,27380,-44.91,
,1860.22,27400,-43.95,
,1860.53,27420,-44.47,
,1860.88,27440,-42.95,
,1861.22,27460,-42.51,
,1861.69,27480,-43.01,
,1862.24,27500,-41.71,
,1862.75,27520,-41.07,
,1863.36,27540,-40.93,
,1863.95,27560,-40.98,
,1864.58,27580,-39.39,
,1865.24,27600,-39.42,
,1865.79,27620,-40.29,
,1866.38,27640,-40.41,
,1867.03,27660,-38.84,
,1867.72,27680,-38.22,
,1868.43,27700,-38.37,
,1869.12,27720,-39.46,
,1869.6,27740,-43.8,
,1869.9,27760,-43.26,
,1870.19,27780,-44.26,
,1870.54,27800,-44.15,
,1870.85,27820,-41.95,
,1871.17,27840,-44.87,
,1871.49,27860,-44.54,
,1871.82,27880,-43.23,
,1872.12,27900,-43.67,
,1872.5,27920,-43.86,
,1872.81,27940,-44.03,
,1873.14,27960,-45.0,
,1873.46,27980,-44.97,
,1873.77,28000,-44.0,
,1874.1,28020,-44.8,
,1874.39,28040,-44.92,
,1874.69,28060,-43.77,
,1874.97,28080,-43.94,
,1875.29,28100,-43.08,
,1875.58,28120,-46.28,
,1875.9,28140,-43.68,
,1876.19,28160,-43.65,
,1876.5,28180,-44.78,
,1876.84,28200,-44.58,
,1877.13,28220,-44.91,
,1877.47,28240,-43.64,
,1877.79,28260,-42.04,
,1878.1,28280,-45.54,
,1878.44,28300,-44.62,
,1878.75,28320,-42.71,
,1879.09,28340,-44.9,
,1879.38,28360,-42.91,
,1879.75,28380,-43.38,
,1880.12,28400,-44.1,
,1880.45,28420,-44.35,
,1880.75,28440,-45.03,
,1881.1,28460,-43.34,
,1881.49,28480,-42.38,
,1881.84,28500,-43.96,
,1882.19,28520,-43.12,
,1882.62,28540,-42.98,
,1883.1,28560,-40.88,
,1883.62,28580,-40.77,
,1884.17,28600,-40.52,
,1884.75,28620,-40.21,
,1885.38,28640,-40.17,
,1885.91,28660,-41.1,
,1886.57,28680,-40.14,
,1887.16,28700,-40.78,
,1887.77,28720,-40.49,
,1888.47,28740,-38.62,
,1889.11,28760,-39.1,
,1889.79,28780,-39.6,
,1890.48,28800,-40.05,
,1891.07,28820,-40.01,
,1891.57,28840,-42.08,
,1891.96,28860,-43.87,
,1892.31,28880,-43.58,
,1892.65,28900,-43.1,
,1892.95,28920,-43.32,
,1893.28,28940,-45.38,
,1893.6,28960,-44.58,
,1893.92,28980,-44.0,
,1894.23,29000,-43.34,
,1894.52,29020,-43.85,
,1894.79,29040,-45.15,
,1895.08,29060,-43.98,
,1895.35,29080,-44.89,
,1895.64,29100,-42.89,
,1895.93,29120,-43.79,
,1896.2,29140,-45.31,
,1896.5,29160,-43.82,
,1896.78,29180,-42.86,
,1897.05,29200,-45.81,
,1897.32,29220,-44.05,
,1897.63,29240,-43.67,
,1897.89,29260,-44.52,
,1898.2,29280,-42.8,
,1898.48,29300,-44.88,
,1898.78,29320,-43.81,
,1899.08,29340,-43.22,
,1899.35,29360,-43.34,
,1899.61,29380,-43.94,
,1899.9,29400,-45.35,
,1900.16,29420,-44.63,
,1900.4,29440,-43.92,
,1900.64,29460,-46.36,
,1900.91,29480,-44.45,
,1901.16,29500,-44.09,
,1901.46,29520,-44.61,
,1901.78,29540,-45.84,
,1902.06,29560,-46.22,
,1902.34,29580,-44.46,
,1902.6,29600,-43.01,
,1902.87,29620,-44.9,
,1903.16,29640,-46.45,
,1903.42,29660,-44.21,
,1903.67,29680,-46.14,
,1903.98,29700,-44.54,
,1904.27,29720,-44.42,
,1904.57,29740,-43.57,
,1904.85,29760,-44.05,
,1905.12,29780,-45.18,
,1905.42,29800,-44.54,
,1905.74,29820,-43.74,
,1906.01,29840,-44.68,
,1906.28,29860,-44.48,
,1906.58,29880,-43.72,
,1906.89,29900,-44.63,
,1907.22,29920,-44.08,
,1907.54,29940,-42.98,
,1907.8,29960,-43.67,
,1908.09,29980,-45.52,
,1908.37,30000,-45.7,
,1908.67,30020,-43.85,
,1908.95,30040,-44.95,
,1909.22,30060,-46.25,
,1909.5,30080,-44.21,
,1909.77,30100,-45.03,
,1910.09,30120,-44.59,
,1910.36,30140,-43.06,
,1910.63,30160,-45.43,
,1910.92,30180,-44.55,
,1911.19,30200,-44.65,
,1911.46,30220,-45.24,
,1911.72,30240,-44.76,
,1912.04,30260,-44.87,
,1912.33,30280,-43.49,
,1912.6,30300,-44.28,
,1912.87,30320,-42.29,
,1913.19,30340,-43.97,
,1913.44,30360,-44.73,
,1913.69,30380,-44.93,
,1913.92,30400,-45.24,
,1914.17,30420,-44.77,
,1914.48,30440,-43.95,
,1914.78,30460,-43.47,
,1915.13,30480,-43.49,
,1915.41,30500,-44.21,
,1915.75,30520,-42.71,
,1916.08,30540,-44.22,
,1916.43,30560,-43.29,
,1916.77,30580,-43.8,
,1917.12,30600,-41.58,
,1917.45,30620,-42.44,
,1917.81,30640,-43.39,
,1918.23,30660,-42.22,
,1918.67,30680,-42.69,
,1919.11,30700,-42.05,
,1919.47,30720,-42.01,
,1919.83,30740,-44.03,
,1920.21,30760,-45.08,
,1920.56,30780,-42.83,
,1920.91,30800,-43.9,
,1921.27,30820,-42.45,
,1921.61,30840,-43.19,
,1921.94,30860,-43.76,
,1922.22,30880,-44.79,
,1922.53,30900,-45.37,
,1922.87,30920,-43.42,
,1923.16,30940,-44.4,
,1923.46,30960,-42.99,
,1923.78,30980,-44.97,
,1924.13,31000,-41.75,
,1924.46,31020,-44.27,
,1924.78,31040,-44.2,
,1925.11,31060,-44.13,
,1925.45,31080,-43.08,
,1925.78,31100,-43.57,
,1926.08,31120,-42.73,
,1926.36,31140,-45.16,
,1926.63,31160,-43.7,
,1926.96,31180,-44.25,
,1927.32,31200,-44.18,
,1927.64,31220,-43.7,
,1927.94,31240,-43.97,
,1928.25,31260,-42.79,
,1928.56,31280,-43.63,
,1928.83,31300,-43.67,
,1929.15,31320,-44.36,
,1929.45,31340,-45.2,
,1929.77,31360,-43.57,
,1930.07,31380,-43.09,
,1930.35,31400,-44.57,
,1930.66,31420,-41.65,
,1930.96,31440,-43.28,
,1931.24,31460,-45.39,
,1931.55,31480,-43.86,
,1931.85,31500,-43.37,
,1932.15,31520,-44.74,
,1932.51,31540,-43.33,
,1932.83,31560,-43.98,
,1933.15,31580,-44.19,
,1933.48,31600,-43.69,
,1933.8,31620,-44.29,
,1934.11,31640,-43.64,
,1934.47,31660,-43.2,
,1934.8,31680,-42.67,
,1935.12,31700,-43.16,
,1935.46,31720,-45.06,
,1935.79,31740,-43.26,
,1936.11,31760,-43.37,
,1936.42,31780,-43.5,
,1936.74,31800,-45.22,
,1937.04,31820,-42.81,
,1937.36,31840,-44.89,
,1937.65,31860,-42.76,
,1937.97,31880,-44.23,
,1938.28,31900,-43.48,
,1938.6,31920,-44.16,
,1938.95,31940,-42.54,
,1939.32,31960,-44.45,
,1939.68,31980,-43.87,
,1940.03,32000,-41.4,
,1940.48,32020,-41.72,
,1940.9,32040,-41.23,
,1941.39,32060,-42.79,
,1941.84,32080,-40.5,
,1942.31,32100,-41.06,
,1942.82,32120,-40.69,
,1943.31,32140,-40.85,
,1943.82,32160,-40.59,
,1944.26,32180,-39.86,
,1944.73,32200,-40.34,
,1945.23,32220,-40.7,
,1945.83,32240,-40.51,
,1946.41,32260,-40.7,
,1946.96,32280,-40.42,
,1947.49,32300,-40.44,
,1948.01,32320,-39.83,
,1948.59,32340,-39.04,
,1949.2,32360,-40.38,
,1949.79,32380,-39.61,
,1950.41,32400,-38.81,
,1951.02,32420,-38.91,
,1951.65,32440,-40.14,
,1952.12,32460,-42.38,
,1952.45,32480,-43.82,
,1952.71,32500,-43.57,
,1953.0,32520,-44.14,
,1953.27,32540,-43.77,
,1953.58,32560,-43.67,
,1953.92,32580,-43.3,
,1954.26,32600,-44.81,
,1954.58,32620,-43.29,
,1954.82,32640,-45.77,
,1955.1,32660,-44.61,
,1955.38,32680,-44.58,
,1955.67,32700,-43.09,
,1955.96,32720,-43.42,
,1956.25,32740,-45.03,
,1956.53,32760,-45.25,
,1956.82,32780,-44.84,
,1957.11,32800,-44.81,
,1957.42,32820,-45.78,
,1957.72,32840,-44.23,
,1958.02,32860,-44.07,
,1958.28,32880,-43.85,
,1958.57,32900,-42.07,
,1958.85,32920,-42.72,
,1959.16,32940,-44.33,
,1959.46,32960,-43.76,
,1959.76,32980,-43.83,
,1960.01,33000,-42.67,
,1960.25,33020,-43.84,
,1960.55,33040,-44.33,
,1960.82,33060,-44.15,
,1961.07,33080,-44.25,
,1961.35,33100,-43.29,
,1961.65,33120,-42.87,
,1961.91,33140,-42.7,
,1962.23,33160,-43.14,
,1962.49,33180,-44.7,
,1962.76,33200,-43.02,
,1963.03,33220,-43.44,
,1963.32,33240,-43.61,
,1963.61,33260,-45.89,
,1963.95,33280,-43.29,
,1964.3,33300,-43.35,
,1964.62,33320,-41.9,
,1965.14,33340,-41.15,
,1965.64,33360,-41.56,
,1966.18,33380,-40.98,
,1966.73,33400,-39.74,
,1967.27,33420,-40.08,
,1967.79,33440,-39.61,
,1968.38,33460,-40.44,
,1968.97,33480,-40.32,
,1969.54,33500,-38.92,
,1970.1,33520,-39.98,
,1970.7,33540,-39.96,
,1971.23,33560,-39.7,
,1971.75,33580,-39.91,
,1972.32,33600,-40.07,
,1972.97,33620,-38.59,
,1973.59,33640,-39.06,
,1974.16,33660,-39.83,
,1974.55,33680,-40.52,
,1974.91,33700,-41.82,
,1975.29,33720,-41.98,
,1975.62,33740,-42.06,
,1975.97,33760,-42.39,
,1976.34,33780,-42.4,
,1976.65,33800,-42.16,
,1977.0,33820,-44.12,
,1977.33,33840,-41.36,
,1977.65,33860,-43.39,
,1977.99,33880,-42.95,
,1978.28,33900,-42.82,
,1978.58,33920,-44.86,
,1978.9,33940,-42.81,
,1979.21,33960,-43.39,
,1979.53,33980,-42.27,
,1979.86,34000,-42.68,
,1980.14,34020,-43.05,
,1980.42,34040,-42.22,
,1980.7,34060,-43.3,
,1981.02,34080,-43.07,
,1981.33,34100,-42.13,
,1981.63,34120,-42.34,
,1981.91,34140,-43.38,
,1982.21,34160,-43.15,
,1982.55,34180,-41.84,
,1982.85,34200,-42.67,
,1983.13,34220,-42.3,
,1983.48,34240,-43.47,
,1983.78,34260,-44.04,
,1984.08,34280,-43.38,
,1984.38,34300,-42.35,
,1984.69,34320,-42.41,
,1984.99,34340,-44.39,
,1985.31,34360,-42.63,
,1985.64,34380,-43.15,
,1986.0,34400,-42.33,
,1986.32,34420,-41.98,
,1986.56,34440,-43.23,
,1986.87,34460,-42.7,
,1987.14,34480,-43.39,
,1987.43,34500,-43.95,
,1987.71,34520,-42.59,
,1988.0,34540,-43.1,
,1988.31,34560,-43.92,
,1988.61,34580,-43.51,
,1988.88,34600,-41.78,
,1989.26,34620,-41.32,
,1989.58,34640,-42.26,
,1989.94,34660,-43.09,
,1990.28,34680,-44.35,
,1990.74,34700,-40.9,
,1991.25,34720,-40.22,
,1991.75,34740,-39.35,
,1992.28,34760,-40.4,
,1992.79,34780,-40.99,
,1993.3,34800,-40.21,
,1993.79,34820,-40.35,
,1994.21,34840,-41.16,
,1994.67,34860,-40.45,
,1995.19,34880,-41.79,
,1995.66,34900,-40.08,
,1996.15,34920,-41.3,
,1996.54,34940,-41.06,
,1997.04,34960,-41.15,
,1997.52,34980,-40.04,
,1998.06,35000,-39.72,
,1998.5,35020,-39.08,
,1999.04,35040,-39.52,
,1999.58,35060,-40.02,
,2000.08,35080,-40.36,
,2000.63,35100,-39.75,
,2001.14,35120,-39.31,
,2001.7,35140,-40.11,
,2002.23,35160,-40.46,
,2002.75,35180,-38.74,
,2003.34,35200,-39.64,
,2003.89,35220,-39.32,
,2004.43,35240,-39.82,
,2005.0,35260,-39.21,
,2005.55,35280,-39.61,
,2006.09,35300,-38.48,
,2006.65,35320,-38.81,
,2007.16,35340,-39.45,
,2007.75,35360,-38.8,
,2008.32,35380,-38.25,
,2008.88,35400,-39.18,
,2009.44,35420,-39.46,
,2009.93,35440,-40.96,
,2010.33,35460,-42.74,
,2010.7,35480,-42.95,
,2011.04,35500,-44.65,
,2011.36,35520,-40.86,
,2011.65,35540,-43.18,
,2011.94,35560,-42.78,
,2012.23,35580,-42.88,
,2012.49,35600,-41.54,
,2012.82,35620,-42.92,
,2013.11,35640,-42.91,
,2013.43,35660,-41.75,
,2013.71,35680,-41.57,
,2014.03,35700,-41.3,
,2014.28,35720,-44.02,
,2014.58,35740,-43.05,
,2014.88,35760,-43.14,
,2015.18,35780,-44.11,
,2015.47,35800,-44.88,
,2015.75,35820,-44.37,
,2016.04,35840,-44.75,
,2016.33,35860,-43.88,
,2016.6,35880,-44.02,
,2016.91,35900,-41.76,
,2017.22,35920,-43.07,
,2017.51,35940,-42.45,
,2017.8,35960,-43.33,
,2018.1,35980,-43.34,
,2018.37,36000,-43.63,
,2018.69,36020,-43.2,
,2018.98,36040,-43.09,
,2019.27,36060,-43.11,
,2019.55,36080,-42.56,
,2019.82,36100,-43.05,
,2020.11,36120,-42.43,
,2020.42,36140,-40.64,
,2020.7,36160,-43.78,
,2021.0,36180,-42.71,
,2021.32,36200,-43.12,
,2021.63,36220,-43.18,
,2021.94,36240,-44.56,
,2022.25,36260,-42.31,
,2022.54,36280,-43.35,
,2022.85,36300,-41.17,
,2023.16,36320,-41.89,
,2023.5,36340,-42.49,
,2023.83,36360,-43.57,
,2024.15,36380,-41.99,
,2024.53,36400,-43.74,
,2024.97,36420,-41.83,
,2025.35,36440,-41.87,
,2025.71,36460,-41.4,
,2026.02,36480,-43.4,
,2026.33,36500,-43.0,
,2026.66,36520,-43.04,
,2027.03,36540,-42.38,
,2027.43,36560,-41.52,
,2027.78,36580,-41.92,
,2028.17,36600,-39.88,
,2028.6,36620,-40.22,
,2029.03,36640,-41.79,
,2029.47,36660,-41.09,
,2029.9,36680,-40.73,
,2030.34,36700,-41.32,
,2030.75,36720,-41.36,
,2031.2,36740,-41.23,
,2031.65,36760,-41.37,
,2032.15,36780,-39.93,
,2032.67,36800,-41.13,
,2033.18,36820,-41.21,
,2033.57,36840,-41.19,
,2033.93,36860,-41.51,
,2034.33,36880,-41.47,
,2034.74,36900,-42.16,
,2035.18,36920,-41.18,
,2035.62,36940,-41.03,
,2036.05,36960,-40.84,
,2036.52,36980,-41.21,
,2036.96,37000,-41.45,
,2037.39,37020,-40.73,
,2037.8,37040,-40.78,
,2038.23,37060,-41.31,
,2038.66,37080,-40.04,
,2039.16,37100,-40.52,
,2039.68,37120,-40.26,
,2040.22,37140,-39.92,
,2040.77,37160,-39.47,
,2041.31,37180,-39.69,
,2041.83,37200,-39.35,
,2042.36,37220,-40.4,
,2042.92,37240,-39.95,
,2043.46,37260,-39.39,
,2044.01,37280,-38.89,
,2044.54,37300,-39.43,
,2045.05,37320,-40.84,
,2045.54,37340,-40.19,
,2046.08,37360,-40.76,
,2046.67,37380,-39.03,
,2047.21,37400,-39.16,
,2047.79,37420,-38.75,
,2048.37,37440,-38.55,
,2048.97,37460,-39.31,
,2049.53,37480,-39.96,
,2050.11,37500,-38.6,
,2050.66,37520,-38.63,
,2051.29,37540,-38.5,
,2051.89,37560,-39.6,
,2052.44,37580,-39.04,
,2053.04,37600,-38.7,
,2053.65,37620,-39.19,
,2054.25,37640,-38.56,
,2054.86,37660,-38.73,
,2055.39,37680,-39.29,
,2055.97,37700,-38.75,
,2056.53,37720,-39.11,
,2057.08,37740,-38.89,
,2057.7,37760,-39.04,
,2058.28,37780,-39.37,
,2058.86,37800,-38.75,
,2059.44,37820,-39.66,
,2060.05,37840,-39.17,
,2060.71,37860,-38.92,
,2061.26,37880,-39.18,
,2061.84,37900,-38.97,
,2062.49,37920,-38.13,
,2063.13,37940,-39.07,
,2063.68,37960,-38.88,
,2064.33,37980,-38.16,
,2064.99,38000,-38.75,
,2065.63,38020,-39.01,
,2066.22,38040,-38.67,
,2066.9,38060,-38.21,
,2067.6,38080,-37.87,
,2068.25,38100,-38.22,
,2068.9,38120,-38.53,
,2069.5,38140,-37.58,
,2070.02,38160,-39.55,
,2070.4,38180,-42.16,
,2070.71,38200,-41.77,
,2071.02,38220,-42.12,
,2071.33,38240,-42.1,
,2071.7,38260,-42.05,
,2072.04,38280,-42.62,
,2072.39,38300,-43.3,
,2072.7,38320,-43.48,
,2072.99,38340,-41.51,
,2073.28,38360,-43.54,
,2073.59,38380,-39.9,
,2073.92,38400,-41.88,
,2074.17,38420,-43.58,
,2074.52,38440,-41.92,
,2074.82,38460,-41.41,
,2075.11,38480,-44.24,
,2075.39,38500,-43.0,
,2075.73,38520,-43.1,
,2076.04,38540,-41.8,
,2076.3,38560,-44.31,
,2076.59,38580,-42.12,
,2076.91,38600,-42.77,
,2077.2,38620,-42.74,
,2077.49,38640,-43.76,
,2077.77,38660,-44.41,
,2078.08,38680,-42.34,
,2078.39,38700,-43.42,
,2078.7,38720,-42.78,
,2079.03,38740,-44.18,
,2079.3,38760,-43.23,
,2079.64,38780,-43.39,
,2079.88,38800,-43.54,
,2080.19,38820,-42.41,
,2080.47,38840,-41.67,
,2080.75,38860,-42.86,
,2081.07,38880,-43.23,
,2081.42,38900,-41.34,
,2081.76,38920,-42.51,
,2082.05,38940,-41.68,
,2082.36,38960,-43.85,
,2082.69,38980,-44.43,
,2082.97,39000,-45.16,
,2083.24,39020,-42.13,
,2083.51,39040,-43.08,
,2083.8,39060,-44.58,
,2084.05,39080,-43.24,
,2084.36,39100,-43.68,
,2084.66,39120,-43.45,
,2084.96,39140,-42.28,
,2085.23,39160,-43.0,
,2085.52,39180,-44.15,
,2085.83,39200,-43.43,
,2086.09,39220,-44.21,
,2086.37,39240,-43.4,
,2086.65,39260,-42.61,
,2086.93,39280,-44.15,
,2087.19,39300,-42.37,
,2087.5,39320,-43.58,
,2087.84,39340,-43.74,
,2088.1,39360,-43.61,
,2088.42,39380,-41.92,
,2088.7,39400,-41.65,
,2088.95,39420,-44.66,
,2089.21,39440,-44.17,
,2089.47,39460,-44.32,
,2089.75,39480,-43.43,
,2090.04,39500,-42.24,
,2090.3,39520,-42.56,
,2090.59,39540,-41.71,
,2090.85,39560,-44.69,
,2091.15,39580,-43.47,
,2091.39,39600,-43.03,
,2091.65,39620,-42.35,
,2091.94,39640,-42.48,
,2092.18,39660,-43.06,
,2092.46,39680,-44.26,
,2092.72,39700,-42.15,
,2092.97,39720,-43.67,
,2093.23,39740,-42.32,
,2093.49,39760,-42.84,
,2093.74,39780,-44.11,
,2094.0,39800,-43.49,
,2094.31,39820,-43.54,
,2094.64,39840,-42.61,
,2094.97,39860,-42.21,
,2095.27,39880,-42.19,
,2095.58,39900,-42.19,
,2095.92,39920,-41.6,
,2096.31,39940,-40.85,
,2096.73,39960,-40.35,
,2097.14,39980,-40.83,
,2097.56,40000,-40.71,
,2097.98,40020,-40.5,
,2098.4,40040,-39.67,
,2098.85,40060,-40.59,
,2099.25,40080,-39.45,
,2099.61,40100,-40.84,
,2099.97,40120,-42.55,
,2100.35,40140,-43.72,
,2100.68,40160,-42.58,
,2100.97,40180,-42.09,
,2101.28,40200,-42.53,
,2101.63,40220,-42.07,
,2101.93,40240,-42.49,
,2102.26,40260,-42.12,
,2102.6,40280,-41.98,
,2102.93,40300,-42.4,
,2103.28,40320,-42.41,
,2103.59,40340,-41.76,
,2103.87,40360,-42.37,
,2104.13,40380,-42.28,
,2104.43,40400,-43.0,
,2104.73,40420,-42.07,
,2105.04,40440,-42.32,
,2105.36,40460,-41.79,
,2105.67,40480,-41.92,
,2105.97,40500,-42.41,
,2106.26,40520,-43.4,
,2106.57,40540,-43.0,
,2106.89,40560,-42.58,
,2107.21,40580,-45.42,
,2107.54,40600,-42.57,
,2107.86,40620,-42.49,
,2108.16,40640,-42.86,
,2108.43,40660,-44.29,
,2108.81,40680,-42.54,
,2109.13,40700,-44.53,
,2109.4,40720,-43.86,
,2109.71,40740,-43.19,
,2110.05,40760,-41.04,
,2110.34,40780,-42.59,
,2110.69,40800,-41.46,
,2111.04,40820,-42.63,
,2111.37,40840,-41.98,
,2111.71,40860,-42.35,
,2112.04,40880,-41.3,
,2112.38,40900,-42.16,
,2112.78,40920,-40.41,
,2113.17,40940,-41.18,
,2113.62,40960,-40.8,
,2114.03,40980,-39.59,
,2114.42,41000,-39.83,
,2114.79,41020,-40.35,
,2115.2,41040,-39.6,
,2115.67,41060,-39.22,
,2116.07,41080,-40.36,
,2116.57,41100,-39.7,
,2117.01,41120,-41.25,
,2117.49,41140,-39.25,
,2117.94,41160,-39.36,
,2118.39,41180,-40.13,
,2118.92,41200,-39.84,
,2119.42,41220,-39.94,
,2119.93,41240,-38.34,
,2120.41,41260,-39.47,
,2120.91,41280,-39.41,
,2121.4,41300,-39.97,
,2121.89,41320,-38.94,
,2122.45,41340,-38.82,
,2123.02,41360,-38.56,
,2123.6,41380,-38.36,
,2124.03,41400,-39.79,
,2124.45,41420,-41.75,
,2124.72,41440,-43.22,
,2125.02,41460,-42.27,
,2125.35,41480,-41.32,
,2125.67,41500,-43.49,
,2125.95,41520,-42.76,
,2126.21,41540,-42.71,
,2126.48,41560,-41.75,
,2126.79,41580,-42.31,
,2127.06,41600,-41.7,
,2127.35,41620,-43.61,
,2127.64,41640,-42.91,
,2127.94,41660,-41.92,
,2128.2,41680,-41.67,
,2128.48,41700,-43.75,
