short_name,sample,Depth (cm),Age (cal yr BP),LOI (%),sample.1,Age (cal yr BP).1,BSi (%),sample.2,Depth (cm).1,Age (cal yr BP).2,Temperature (deg C),chron_table,age_type,core,depth (cm),lab ID,Material,Fraction Modern,Fraction Modern error,d13C (permil),14C age (cal yr BP),14C age error (1s)
north,LOI,1,-52,26.4674,BSi,-43.0,16.4273,chironomids,0.38,-56.0,0.0,,14C,08NOR-3,23.0,CURL-10089,plant macrofossils,0.7265,0.001,-28.1,2565.0,15.0
,,2,-42,27.6596,,-42.0,25.7243,,0.88,-51.0,-0.246846,,14C,08NOR-3,40.0,CURL-12613,plant macrofossils,0.6746,0.0013000000000000002,-24.0,3160.0,20.0
,,3,-34,27.1777,,-28.0,16.3595,,1.88,-42.0,-0.230693,,14C,08NOR-3,61.0,CURL-12600,plant macrofossils,0.5928,0.0009000000000000001,-24.9,4200.0,15.0
,,4,-25,26.4671,,-16.0,22.0633,,2.38,-38.0,-0.12321199999999999,,14C,08NOR-3,74.0,CURL-10091,plant macrofossils,0.5562,0.001,-28.6,4715.0,20.0
,,5,-16,28.6116,,-7.0,19.6066,,3.25,-28.0,0.387915,,14C,08NOR-3,100.0,CURL-12603,plant macrofossils,0.4631,0.0008,-28.8,6185.0,15.0
,,6,-6,25.5411,,47.0,22.4405,,5.25,-7.0,-0.8176879999999999,,14C,08NOR-3,103.0,CURL-10092,plant macrofossils,0.4006,0.0008,-12.7,7350.0,20.0
,,7,12,25.0,,208.0,23.5656,,0.5,0.0,-0.5561670000000001,,,,,,,,,,,
,,8,47,24.6531,,653.0,22.2474,,7.75,25.0,-1.12082,,,,,,,,,,,
,,9,111,21.875,,1039.0,24.1546,,10.25,70.0,-1.45821,,,,,,,,,,,
,,10,208,21.8549,,1460.0,24.78,,2.5,298.225,0.290124,,,,,,,,,,,
,,11,333,22.9686,,2090.0,24.4989,,5.5,656.095,0.44871700000000003,,,,,,,,,,,
,,12,483,25.4215,,2461.0,24.1878,,10.5,1252.55,0.32560500000000003,,,,,,,,,,,
,,13,653,22.871,,2883.0,25.2008,,15.5,1848.99,0.5651590000000001,,,,,,,,,,,
,,14,840,22.1457,,3077.0,21.7136,,20.5,2445.45,0.30418500000000004,,,,,,,,,,,
,,15,1039,21.2828,,3266.0,19.1547,,25.5,2803.21,0.241726,,,,,,,,,,,
,,16,1247,23.1313,,3342.0,21.2456,,30.5,3001.82,1.45022,,,,,,,,,,,
,,17,1460,25.5102,,3409.0,18.9913,,35.5,3200.43,1.27225,,,,,,,,,,,
,,18,1674,29.021,,3440.0,19.8832,,40.5,3399.04,1.23978,,,,,,,,,,,
,,19,1885,23.8929,,3494.0,16.0111,,45.5,3727.17,1.62241,,,,,,,,,,,
,,20,2090,23.3365,,3552.0,16.7756,,50.5,4055.34,2.33417,,,,,,,,,,,
,,21,2283,22.8106,,3677.0,12.4262,,55.5,4383.51,1.9366500000000002,,,,,,,,,,,
,,22,2461,23.3135,,3782.0,17.2066,,60.5,4711.68,1.96013,,,,,,,,,,,
,,23,2621,26.4648,,3962.0,19.015,,65.5,4985.19,1.7189800000000002,,,,,,,,,,,
,,24,2761,25.0923,,4094.0,21.1067,,70.5,5287.52,2.86294,,,,,,,,,,,
,,25,2883,25.3219,,4302.0,21.1192,,75.5,5589.86,1.85911,,,,,,,,,,,
,,26,2988,23.9331,,4442.0,19.4806,,80.5,5892.19,2.54187,,,,,,,,,,,
,,27,3077,22.6804,,4648.0,19.2884,,85.5,6194.53,1.20076,,,,,,,,,,,
,,28,3152,24.2286,,4777.0,21.0191,,90.5,6496.86,1.50737,,,,,,,,,,,
,,29,3215,22.7679,,4959.0,16.944,,95.5,6799.2,1.04812,,,,,,,,,,,
,,30,3266,23.004,,5074.0,16.9972,,100.5,7101.53,0.6269950000000001,,,,,,,,,,,
,,31,3308,23.4597,,5241.0,16.8384,,,,,,,,,,,,,,,
,,32,3342,24.5125,,5352.0,16.8652,,,,,,,,,,,,,,,
,,33,3369,23.1746,,5520.0,15.722,,,,,,,,,,,,,,,
,,34,3391,22.9207,,5635.0,15.5052,,,,,,,,,,,,,,,
,,35,3409,21.5645,,5812.0,11.0556,,,,,,,,,,,,,,,
,,36,3425,22.6399,,5932.0,13.825,,,,,,,,,,,,,,,
,,37,3440,22.4709,,6117.0,7.24478,,,,,,,,,,,,,,,
,,38,3455,20.9276,,6241.0,8.13949,,,,,,,,,,,,,,,
,,39,3473,18.9885,,6431.0,10.4027,,,,,,,,,,,,,,,
,,40,3494,17.4439,,6559.0,8.82348,,,,,,,,,,,,,,,
,,41,3520,16.5714,,6752.0,3.5736,,,,,,,,,,,,,,,
,,42,3552,17.233,,6882.0,2.73069,,,,,,,,,,,,,,,
,,43,3589,16.5432,,7076.0,0.9879450000000001,,,,,,,,,,,,,,,
,,44,3631,16.8551,,,,,,,,,,,,,,,,,,
,,45,3677,17.6636,,,,,,,,,,,,,,,,,,
,,46,3728,20.3429,,,,,,,,,,,,,,,,,,
,,47,3782,21.473,,,,,,,,,,,,,,,,,,
,,48,3839,22.5434,,,,,,,,,,,,,,,,,,
,,49,3899,21.4022,,,,,,,,,,,,,,,,,,
,,50,3962,22.2482,,,,,,,,,,,,,,,,,,
,,51,4027,23.9882,,,,,,,,,,,,,,,,,,
,,52,4094,25.1799,,,,,,,,,,,,,,,,,,
,,53,4162,28.5473,,,,,,,,,,,,,,,,,,
,,54,4232,31.7557,,,,,,,,,,,,,,,,,,
,,55,4302,28.989,,,,,,,,,,,,,,,,,,
,,56,4372,34.3519,,,,,,,,,,,,,,,,,,
,,57,4442,29.8865,,,,,,,,,,,,,,,,,,
,,58,4511,29.3622,,,,,,,,,,,,,,,,,,
,,59,4580,33.0306,,,,,,,,,,,,,,,,,,
,,60,4648,30.7607,,,,,,,,,,,,,,,,,,
,,61,4714,35.3607,,,,,,,,,,,,,,,,,,
,,62,4777,32.7759,,,,,,,,,,,,,,,,,,
,,63,4840,35.3982,,,,,,,,,,,,,,,,,,
,,64,4900,34.4203,,,,,,,,,,,,,,,,,,
,,65,4959,34.2942,,,,,,,,,,,,,,,,,,
,,66,5017,30.7484,,,,,,,,,,,,,,,,,,
,,67,5074,32.3529,,,,,,,,,,,,,,,,,,
,,68,5130,36.0577,,,,,,,,,,,,,,,,,,
,,69,5186,30.6738,,,,,,,,,,,,,,,,,,
,,70,5241,39.2052,,,,,,,,,,,,,,,,,,
,,71,5297,31.1758,,,,,,,,,,,,,,,,,,
,,72,5352,31.3702,,,,,,,,,,,,,,,,,,
,,73,5407,30.1232,,,,,,,,,,,,,,,,,,
,,74,5463,31.3167,,,,,,,,,,,,,,,,,,
,,75,5520,28.6055,,,,,,,,,,,,,,,,,,
,,76,5577,24.6337,,,,,,,,,,,,,,,,,,
,,77,5635,19.8161,,,,,,,,,,,,,,,,,,
,,78,5693,28.2519,,,,,,,,,,,,,,,,,,
,,79,5752,30.8725,,,,,,,,,,,,,,,,,,
,,80,5812,29.5803,,,,,,,,,,,,,,,,,,
,,81,5872,27.2408,,,,,,,,,,,,,,,,,,
,,82,5932,31.9957,,,,,,,,,,,,,,,,,,
,,83,5993,29.8263,,,,,,,,,,,,,,,,,,
,,84,6055,19.3614,,,,,,,,,,,,,,,,,,
,,85,6117,21.39,,,,,,,,,,,,,,,,,,
,,86,6179,34.543,,,,,,,,,,,,,,,,,,
,,87,6241,31.0252,,,,,,,,,,,,,,,,,,
,,88,6304,25.5335,,,,,,,,,,,,,,,,,,
,,89,6368,23.0897,,,,,,,,,,,,,,,,,,
,,90,6431,17.6026,,,,,,,,,,,,,,,,,,
,,91,6495,23.2678,,,,,,,,,,,,,,,,,,
,,92,6559,23.5687,,,,,,,,,,,,,,,,,,
,,93,6623,21.0478,,,,,,,,,,,,,,,,,,
,,94,6688,23.619,,,,,,,,,,,,,,,,,,
,,95,6752,19.3548,,,,,,,,,,,,,,,,,,
,,96,6817,20.181,,,,,,,,,,,,,,,,,,
,,97,6882,21.7699,,,,,,,,,,,,,,,,,,
,,98,6946,21.5074,,,,,,,,,,,,,,,,,,
,,99,7011,18.4109,,,,,,,,,,,,,,,,,,
,,100,7076,19.0184,,,,,,,,,,,,,,,,,,
,,101,7141,18.2952,,,,,,,,,,,,,,,,,,
,,102,7206,17.7564,,,,,,,,,,,,,,,,,,
,,103,7271,13.3997,,,,,,,,,,,,,,,,,,
