short_name,sample,Core,depth orig (cm),depth (cm),Age (cal yr BP),Temperature (deg C),Temperature error (2s),Salinity (psu),Salinity error (2s),sample.1,depth (cm).1,age (cal yr BP),BSi (%),core,chron_table,age_type,lab ID,depth (cm).2,14C Age orig (yr BP),14C age error (1s),14C Age (yr BP),age (cal yr BP).1,Material,rejected,notes
qipisirargo,frechette2009,98QIP-G01,0.625,0.625,8,7.856,2.2,31.856,4.032000000000004,kaplan2002,0.625,6.333125,7.22142394602162,gravity core,,surface,,0.0,,,,-48.0,,,Assumed top age based on collection year (1998)
,,98QIP-G01,0.875,0.875,11,8.328,2.016,32.178,3.0650000000000013,,1.125,11.399625,5.22863055523454,gravity core,,14C_bulk,CURL-5578,2.0,>modern,,>modern,,Humic acids,,
,,98QIP-G01,1.125,1.125,14,8.019,2.944,34.086,3.558,,1.875,18.999375,5.0215397517569,gravity core,,14C_bulk,CURL-4477,3.75,1300,35.0,1070,,Humic acids,x,Age rejected by authors
,,98QIP-G01,1.375,1.375,17,7.65,4.051,32.311,2.666000000000004,,2.875,29.132375,3.24128634500793,gravity core,,14C_bulk,CURL-4475,20.0,1240,35.0,1010,,Humic acids,x,Age rejected by authors
,,98QIP-G01,1.625,1.625,20,8.143,2.2,31.826,4.121000000000002,,3.75,38.0,1.88930830890179,gravity core,,14C_bulk,CURL-3036,23.0,530,40.0,300,,Humic acids,,
,,98QIP-G01,1.875,1.875,23,7.544,4.369,32.451,2.2470000000000034,,5.25,53.19825,0.5373302727956462,gravity core,,14C_bulk,CURL-4486,40.0,1330,40.0,1100,,Humic acids,,
,,98QIP-G01,2.125,2.125,26,8.101,2.2,31.878,3.966000000000001,,3.5,81.545,0.5185432599325491,percussion core,,14C_bulk,CURL-4476,60.0,2570,35.0,2340,,Humic acids,,
,,98QIP-G01,2.375,2.375,29,8.088,1.9000000000000004,32.732,1.4040000000000035,,10.0,158.7,0.580855185451797,percussion core,,14C_bulk,CURL-3037,86.5,3970,40.0,3740,,Humic acids,,
,,98QIP-G01,2.625,2.625,33,7.781,1.9000000000000004,32.618,1.5000000000000036,,18.0,253.66,0.643272907402923,percussion core,,14C_bulk,CURL-4487,136.0,5840,60.0,5610,,Humic acids,x,Age not used by authors
,,98QIP-G01,2.875,2.875,36,7.106,1.7999999999999998,32.087,4.5,,22.0,301.14,0.9130536937849661,percussion core,,14C,CURL-4488,136.0,5610,60.0,5610,,Macroflora,,
,,98QIP-G01,3.125,3.125,39,7.57,3.0,32.92,2.1999999999999993,,25.0,367.56925859375,5.19250735586033,percussion core,,14C_bulk,CURL-3038,187.5,8400,40.0,8170,,Humic acids,,
,,98QIP-G01,3.375,3.375,42,6.93,2.0,34.127,7.282,,28.0,485.44141440512,2.0812620885623,percussion core,,14C,CURL-4914,264.0,8560,50.0,8560,,Macroflora,,
,,98QIP-G01,3.875,3.875,49,7.324,2.0,34.99,7.099999999999998,,32.0,661.87684377088,1.00920580275394,percussion core,,,,,,,,,,,
,,98QIP-02,1.5,4.0,50,7.388,1.7999999999999998,38.216,2.200000000000003,,34.0,757.68743386016,1.50816429833767,percussion core,,,,,,,,,,,
,,98QIP-02,5.5,8.0,106,7.051,1.7999999999999998,38.731,2.200000000000003,,36.0,858.16453686784,3.68466368519404,percussion core,,,,,,,,,,,
,,98QIP-02,10.5,13.0,182,7.082,1.9999999999999991,37.966,4.901000000000003,,38.0,963.01205679712,5.55155982232675,percussion core,,,,,,,,,,,
,,98QIP-02,15.5,18.0,270,7.362,1.7999999999999998,38.379,2.200000000000003,,42.0,1184.63854912288,11.1331457950036,percussion core,,,comments,,,,,,,,
,,98QIP-02,20.5,23.0,370,7.642,2.3,38.564,2.0,,44.0,1300.83109705216,8.24509797527736,percussion core,,,No short-lived isotopes reported,,,,,,,,
,,98QIP-02,24.5,27.0,467,7.668,3.0,33.119,1.2999999999999972,,46.0,1420.22200085984,6.13303281727941,percussion core,,,Years subtracted from humic acid ages to correct for offset measured between paired macrofossil and humic acid dates (230 years),,,,,,,,
,,98QIP-02,30.5,33.0,656,7.33,1.9999999999999991,36.465,6.5,,50.0,1667.449825,9.65519991668665,percussion core,,,,,,,,,,,
,,98QIP-02,34.5,37.0,812,7.232,1.9999999999999991,37.486,6.341000000000001,,56.0,2055.17964573184,16.1503359196682,percussion core,,,,,,,,,,,
,,98QIP-02,42.5,45.0,1207,8.104,2.5,33.095,3.1999999999999993,,62.0,2456.62323774688,18.6424986063272,percussion core,,,,,,,,,,,
,,98QIP-02,45.5,48.0,1388,8.553,4.300000000000001,34.1,7.201000000000004,,68.0,2864.77028173312,20.7472458467981,percussion core,,,,,,,,,,,
,,98QIP-02,50.5,53.0,1709,8.202,0.2940000000000005,36.493,4.219999999999999,,74.0,3273.09318934816,17.9764716726701,percussion core,,,,,,,,,,,
,,98QIP-02,55.5,58.0,2041,7.306,1.9999999999999991,34.102,7.2059999999999995,,82.0,3807.61012093088,20.8637159591431,percussion core,,,,,,,,,,,
,,98QIP-02,61.5,64.0,2446,8.726,2.1769999999999996,35.894,5.600000000000001,,90.0,4319.748061,21.002429745973,percussion core,,,,,,,,,,,
,,98QIP-02,64.5,67.0,2648,8.809,2.426,36.532,7.699999999999996,,98.0,4799.84808490912,20.5520543087278,percussion core,,,,,,,,,,,
,,98QIP-02,70.5,73.0,3052,8.196,0.3000000000000007,36.394,4.518000000000001,,106.0,5241.18883729184,21.3304997903557,percussion core,,,,,,,,,,,
,,98QIP-02,75.5,78.0,3384,9.733,2.4989999999999988,37.102,8.399999999999999,,112.0,5544.58812850688,22.6854528949003,percussion core,,,,,,,,,,,
,,98QIP-02,80.5,83.0,3707,8.2,0.29900000000000126,36.507,4.18,,118.0,5824.14455849312,21.6459481395247,percussion core,,,,,,,,,,,
,,98QIP-02,86.5,89.0,4071,10.029,3.7,39.695,3.3149999999999977,,124.0,6081.07608290816,22.1395225412727,percussion core,,,,,,,,,,,
,,98QIP-02,91.5,94.0,4341,8.87,4.300000000000001,36.331,9.099999999999998,,130.0,6317.976857,20.5165501538746,percussion core,,,,,,,,,,,
,,98QIP-02,95.5,98.0,4539,9.331,4.300000000000001,37.392,9.099999999999998,,136.0,6538.91296438784,19.0692462287555,percussion core,,,,,,,,,,,
,,98QIP-02,100.5,103.0,4772,10.471,3.388,38.154,7.939,,142.0,6749.51814584288,16.8567776102657,percussion core,,,,,,,,,,,
,,98QIP-02,105.5,108.0,4995,7.785,1.5440000000000005,34.934,7.299999999999997,,148.0,6957.08952806912,17.2959819255307,percussion core,,,,,,,,,,,
,,98QIP-02,110.5,113.0,5215,8.667,2.4000000000000004,35.002,8.500000000000004,,154.0,7170.68335248416,17.0696495942821,percussion core,,,,,,,,,,,
,,98QIP-02,115.5,118.0,5435,9.145,5.000000000000001,33.665,12.600000000000001,,171.0,7911.92053329109,15.1627095775655,percussion core,,,,,,,,,,,
,,98QIP-02,120.5,123.0,5659,11.423,0.7999999999999989,40.78,0.0589999999999975,,183.0,8700.00494741737,10.4614871670714,percussion core,,,,,,,,,,,
,,98QIP-02,125.5,128.0,5887,10.628,3.215,38.997,5.409999999999997,,187.0,9084.8412,6.32392245854991,percussion core,,,,,,,,,,,
,,98QIP-02,130.5,133.0,6120,11.427,0.7999999999999989,40.778,0.0659999999999954,,191.0,9109.9116,7.63403549408363,percussion core,,,,,,,,,,,
,,98QIP-02,135.5,138.0,6358,10.502,4.5,38.319,8.799999999999997,,201.0,9172.5876,4.15067911925849,percussion core,,,,,,,,,,,
,,98QIP-02,140.5,143.0,6602,11.955,2.299999999999999,41.365,6.0,,231.0,9360.6156,3.18701294054478,percussion core,,,,,,,,,,,
,,98QIP-02,145.5,148.0,6849,12.181,1.6999999999999993,41.651,7.299999999999997,,263.0,,3.78348541521947,percussion core,,,,,,,,,,,
,,98QIP-02,150.5,153.0,7101,12.109,1.4000000000000004,42.554,3.799999999999997,,,,,,,,,,,,,,,,
,,98QIP-02,155.5,158.0,7357,10.358,5.7,36.587,15.5,,,,,,,,,,,,,,,,
,,98QIP-02,160.5,163.0,7616,6.234,5.4,32.038,6.487000000000002,,,,,,,,,,,,,,,,
,,98QIP-02,165.5,168.0,7880,7.588,2.5,30.622,6.700000000000003,,,,,,,,,,,,,,,,
,,98QIP-02,170.5,173.0,8147,7.105,3.7,31.698,10.399999999999999,,,,,,,,,,,,,,,,
,,98QIP-02,175.5,178.0,8416,6.099,5.1,31.995,3.900000000000002,,,,,,,,,,,,,,,,
,,98QIP-02,179.5,182.0,8634,5.779,5.938,33.862,12.0,,,,,,,,,,,,,,,,
