short_name,depth (m),age (cal yr BP),d18O_orig (permil),d18O (permil),comments
renland,23.1,-10,-27.14,-27.14,second d18O column
,36.1,10,-26.76,-26.76,
,47.05,30,-26.94,-26.94,
,56.05,50,-27.86,-27.86,
,64.7,70,-27.63,-27.63,
,72.55,90,-27.23,-27.23,
,79.85,110,-27.74,-27.74,
,86.6,130,-27.77,-27.77,
,92.85,150,-27.49,-27.49,
,98.65,170,-27.38,-27.38,
,104.5,190,-27.47,-27.47,
,111.25,210,-27.74,-27.74,
,117.15,230,-27.65,-27.65,
,122.25,250,-27.97,-27.97,
,127.2,270,-27.07,-27.07,
,131.35,290,-27.26,-27.26,
,136.35,310,-27.35,-27.35,
,140.2,330,-27.63,-27.63,
,144.25,350,-27.56,-27.56,
,148.4,370,-27.34,-27.34,
,151.9,390,-27.61,-27.61,
,155.525,410,-27.13,-27.13,
,159.075,430,-27.01,-27.01,
,162.525,450,-27.5,-27.5,
,166.075,470,-27.32,-27.32,
,169.075,490,-27.48,-27.48,
,172.15,510,-26.73,-26.73,
,174.575,530,-27.58,-27.58,
,177.15,550,-26.71,-26.71,
,179.35,570,-26.72,-26.72,
,181.925,590,-27.6,-27.6,
,184.475,610,-27.63,-27.63,
,186.8,630,-27.0,-27.0,
,188.975,650,-27.17,-27.17,
,191.375,670,-27.71,-27.71,
,193.975,690,-27.46,-27.46,
,195.775,710,-27.78,-27.78,
,197.475,730,-27.32,-27.32,
,199.125,750,-27.0,-27.0,
,201.15,770,-27.5,-27.5,
,202.726,790,-26.55,-26.55,
,204.3,810,-27.21,-27.21,
,205.842,830,-27.46,-27.46,
,207.352,850,-27.11,-27.11,
,208.832,870,-27.41,-27.41,
,210.282,890,-27.76,-27.76,
,211.703,910,-27.35,-27.35,
,213.096,930,-27.42,-27.42,
,214.462,950,-27.15,-27.15,
,215.802,970,-27.16,-27.16,
,217.115,990,-26.81,-26.81,
,218.405,1010,-27.29,-27.29,
,219.667,1030,-27.16,-27.16,
,220.882,1050,-27.39,-27.39,
,222.02,1070,-26.92,-26.92,
,223.07,1090,-27.07,-27.07,
,224.093,1110,-27.03,-27.03,
,225.099,1130,-26.9,-26.9,
,226.089,1150,-27.52,-27.52,
,227.06,1170,-27.88,-27.88,
,228.013,1190,-26.51,-26.51,
,228.947,1210,-26.96,-26.96,
,229.862,1230,-27.2,-27.2,
,230.756,1250,-27.42,-27.42,
,231.629,1270,-27.67,-27.67,
,232.48,1290,-27.28,-27.28,
,233.31,1310,-27.52,-27.52,
,234.116,1330,-27.07,-27.07,
,234.899,1350,-27.29,-27.29,
,235.658,1370,-27.46,-27.46,
,236.392,1390,-27.02,-27.02,
,237.101,1410,-26.89,-26.89,
,237.785,1430,-27.27,-27.27,
,238.451,1450,-26.97,-26.97,
,239.101,1470,-27.2,-27.2,
,239.736,1490,-27.86,-27.86,
,240.355,1510,-26.97,-26.97,
,240.96,1530,-26.71,-26.71,
,241.55,1550,-26.45,-26.45,
,242.127,1570,-27.11,-27.11,
,242.69,1590,-27.26,-27.26,
,243.239,1610,-27.26,-27.26,
,243.776,1630,-26.86,-26.86,
,244.301,1650,-27.73,-27.73,
,244.814,1670,-26.79,-26.79,
,245.315,1690,-27.59,-27.59,
,245.805,1710,-27.33,-27.33,
,246.284,1730,-27.62,-27.62,
,246.753,1750,-27.5,-27.5,
,247.212,1770,-27.43,-27.43,
,247.659,1790,-26.89,-26.89,
,248.093,1810,-27.25,-27.25,
,248.513,1830,-26.53,-26.53,
,248.921,1850,-27.33,-27.33,
,249.319,1870,-27.73,-27.73,
,249.706,1890,-26.81,-26.81,
,250.084,1910,-27.08,-27.08,
,250.455,1930,-27.21,-27.21,
,250.818,1950,-26.96,-26.96,
,251.176,1970,-27.16,-27.16,
,251.53,1990,-26.1,-26.1,
,251.879,2010,-26.98,-26.98,
,252.222,2030,-27.7,-27.7,
,252.558,2050,-26.96,-26.96,
,252.887,2070,-27.09,-27.09,
,253.21,2090,-27.37,-27.37,
,253.527,2110,-26.73,-26.73,
,253.839,2130,-27.14,-27.14,
,254.145,2150,-27.45,-27.45,
,254.447,2170,-27.59,-27.59,
,254.744,2190,-27.45,-27.45,
,255.037,2210,-26.85,-26.85,
,255.33,2230,-27.27,-27.27,
,255.624,2250,-26.97,-26.97,
,255.918,2270,-26.95,-26.95,
,256.211,2290,-27.89,-27.89,
,256.503,2310,-27.56,-27.56,
,256.794,2330,-27.34,-27.34,
,257.083,2350,-27.4,-27.4,
,257.371,2370,-26.85,-26.85,
,257.655,2390,-27.32,-27.32,
,257.937,2410,-27.16,-27.16,
,258.216,2430,-27.77,-27.77,
,258.491,2450,-27.62,-27.62,
,258.762,2470,-26.65,-26.65,
,259.028,2490,-26.79,-26.79,
,259.29,2510,-26.74,-26.74,
,259.546,2530,-26.92,-26.92,
,259.797,2550,-27.09,-27.09,
,260.041,2570,-27.49,-27.49,
,260.28,2590,-26.83,-26.83,
,260.511,2610,-26.96,-26.96,
,260.735,2630,-26.76,-26.76,
,260.951,2650,-26.75,-26.75,
,261.159,2670,-27.6,-27.6,
,261.359,2690,-27.34,-27.34,
,261.55,2710,-27.25,-27.25,
,261.734,2730,-26.84,-26.84,
,261.911,2750,-27.03,-27.03,
,262.083,2770,-27.13,-27.13,
,262.248,2790,-26.7,-26.7,
,262.41,2810,-27.33,-27.33,
,262.567,2830,-27.02,-27.02,
,262.722,2850,-26.88,-26.88,
,262.874,2870,-27.18,-27.18,
,263.025,2890,-27.24,-27.24,
,263.175,2910,-26.77,-26.77,
,263.325,2930,-26.36,-26.36,
,263.476,2950,-27.04,-27.04,
,263.628,2970,-26.91,-26.91,
,263.783,2990,-26.7,-26.7,
,263.941,3010,-27.15,-27.15,
,264.103,3030,-26.95,-26.95,
,264.267,3050,-27.12,-27.12,
,264.433,3070,-26.97,-26.97,
,264.601,3090,-26.86,-26.86,
,264.771,3110,-27.36,-27.36,
,264.943,3130,-26.37,-26.37,
,265.116,3150,-26.82,-26.82,
,265.29,3170,-27.17,-27.17,
,265.465,3190,-27.14,-27.14,
,265.642,3210,-27.02,-27.02,
,265.819,3230,-26.59,-26.59,
,265.998,3250,-27.13,-27.13,
,266.177,3270,-26.74,-26.74,
,266.356,3290,-26.81,-26.81,
,266.536,3310,-26.93,-26.93,
,266.716,3330,-27.28,-27.28,
,266.897,3350,-26.63,-26.63,
,267.077,3370,-26.91,-26.91,
,267.258,3390,-26.95,-26.95,
,267.438,3410,-26.87,-26.87,
,267.618,3430,-26.6,-26.6,
,267.797,3450,-26.89,-26.89,
,267.976,3470,-27.17,-27.17,
,268.154,3490,-26.61,-26.61,
,268.331,3510,-26.79,-26.79,
,268.508,3530,-27.22,-27.22,
,268.683,3550,-26.44,-26.44,
,268.857,3570,-26.18,-26.18,
,269.029,3590,-26.39,-26.39,
,269.2,3610,-26.42,-26.42,
,269.37,3630,-26.62,-26.62,
,269.538,3650,-26.56,-26.56,
,269.703,3670,-26.61,-26.61,
,269.867,3690,-26.94,-26.94,
,270.029,3710,-26.78,-26.78,
,270.188,3730,-26.47,-26.47,
,270.346,3750,-27.2,-27.2,
,270.5,3770,-27.09,-27.09,
,270.652,3790,-26.82,-26.82,
,270.801,3810,-26.69,-26.69,
,270.947,3830,-26.5,-26.5,
,271.091,3850,-26.21,-26.21,
,271.231,3870,-26.69,-26.69,
,271.368,3890,-26.24,-26.24,
,271.501,3910,-26.76,-26.76,
,271.631,3930,-26.44,-26.44,
,271.757,3950,-26.44,-26.44,
,271.88,3970,-26.96,-26.96,
,271.998,3990,-27.02,-27.02,
,272.113,4010,-26.66,-26.66,
,272.225,4030,-26.66,-26.66,
,272.336,4050,-26.51,-26.51,
,272.445,4070,-27.07,-27.07,
,272.552,4090,-26.69,-26.69,
,272.658,4110,-26.42,-26.42,
,272.761,4130,-26.4,-26.4,
,272.863,4150,-26.67,-26.67,
,272.964,4170,-26.68,-26.68,
,273.062,4190,-26.69,-26.69,
,273.16,4210,-27.01,-27.01,
,273.255,4230,-26.56,-26.56,
,273.35,4250,-26.84,-26.84,
,273.443,4270,-26.95,-26.95,
,273.534,4290,-26.98,-26.98,
,273.625,4310,-26.51,-26.51,
,273.714,4330,-26.51,-26.51,
,273.802,4350,-26.04,-26.04,
,273.888,4370,-26.4,-26.4,
,273.974,4390,-26.71,-26.71,
,274.059,4410,-26.53,-26.53,
,274.142,4430,-26.02,-26.02,
,274.224,4450,-26.84,-26.84,
,274.306,4470,-26.56,-26.56,
,274.387,4490,-27.01,-27.01,
,274.466,4510,-26.93,-26.93,
,274.545,4530,-26.52,-26.52,
,274.624,4550,-26.15,-26.15,
,274.701,4570,-26.46,-26.46,
,274.778,4590,-26.7,-26.7,
,274.854,4610,-26.93,-26.93,
,274.93,4630,-27.15,-27.15,
,275.005,4650,-26.67,-26.67,
,275.08,4670,-26.92,-26.92,
,275.154,4690,-26.52,-26.52,
,275.228,4710,-26.79,-26.79,
,275.301,4730,-27.09,-27.09,
,275.373,4750,-26.94,-26.94,
,275.445,4770,-26.16,-26.16,
,275.517,4790,-26.55,-26.55,
,275.587,4810,-26.73,-26.73,
,275.657,4830,-26.33,-26.33,
,275.726,4850,-26.47,-26.47,
,275.794,4870,-26.33,-26.33,
,275.861,4890,-26.45,-26.45,
,275.927,4910,-27.0,-27.0,
,275.992,4930,-26.36,-26.36,
,276.056,4950,-26.77,-26.77,
,276.119,4970,-26.72,-26.72,
,276.181,4990,-26.33,-26.33,
,276.242,5010,-26.53,-26.53,
,276.301,5030,-25.68,-25.68,
,276.359,5050,-26.95,-26.95,
,276.416,5070,-26.86,-26.86,
,276.471,5090,-26.45,-26.45,
,276.525,5110,-26.41,-26.41,
,276.577,5130,-26.26,-26.26,
,276.628,5150,-26.37,-26.37,
,276.677,5170,-26.49,-26.49,
,276.724,5190,-26.62,-26.62,
,276.768,5210,-26.63,-26.63,
,276.81,5230,-26.48,-26.48,
,276.851,5250,-26.41,-26.41,
,276.89,5270,-25.83,-25.83,
,276.928,5290,-25.85,-25.85,
,276.966,5310,-26.34,-26.34,
,277.003,5330,-26.64,-26.64,
,277.041,5350,-26.9,-26.9,
,277.08,5370,-26.75,-26.75,
,277.12,5390,-27.0,-27.0,
,277.161,5410,-26.76,-26.76,
,277.204,5430,-26.93,-26.93,
,277.25,5450,-26.72,-26.72,
,277.297,5470,-26.59,-26.59,
,277.346,5490,-26.88,-26.88,
,277.395,5510,-26.27,-26.27,
,277.446,5530,-26.56,-26.56,
,277.497,5550,-26.91,-26.91,
,277.547,5570,-27.13,-27.13,
,277.598,5590,-26.66,-26.66,
,277.648,5610,-26.51,-26.51,
,277.697,5630,-26.47,-26.47,
,277.745,5650,-26.33,-26.33,
,277.792,5670,-26.61,-26.61,
,277.837,5690,-26.48,-26.48,
,277.88,5710,-26.65,-26.65,
,277.924,5730,-26.32,-26.32,
,277.967,5750,-26.61,-26.61,
,278.01,5770,-26.28,-26.28,
,278.052,5790,-26.73,-26.73,
,278.093,5810,-26.5,-26.5,
,278.133,5830,-26.41,-26.41,
,278.173,5850,-26.13,-26.13,
,278.212,5870,-26.91,-26.91,
,278.249,5890,-26.83,-26.83,
,278.285,5910,-26.72,-26.72,
,278.32,5930,-26.59,-26.59,
,278.353,5950,-26.42,-26.42,
,278.386,5970,-26.47,-26.47,
,278.417,5990,-26.33,-26.33,
,278.448,6010,-25.95,-25.95,
,278.478,6030,-26.18,-26.18,
,278.507,6050,-25.99,-25.99,
,278.535,6070,-26.6,-26.6,
,278.563,6090,-26.89,-26.89,
,278.59,6110,-26.74,-26.74,
,278.617,6130,-26.5,-26.5,
,278.643,6150,-26.74,-26.74,
,278.668,6170,-27.01,-27.01,
,278.693,6190,-26.53,-26.53,
,278.717,6210,-26.44,-26.44,
,278.741,6230,-25.98,-25.98,
,278.765,6250,-26.23,-26.23,
,278.788,6270,-26.48,-26.48,
,278.81,6290,-26.43,-26.43,
,278.833,6310,-26.19,-26.19,
,278.855,6330,-25.81,-25.81,
,278.877,6350,-26.1,-26.1,
,278.898,6370,-26.17,-26.17,
,278.919,6390,-26.16,-26.16,
,278.941,6410,-26.34,-26.34,
,278.962,6430,-26.56,-26.56,
,278.982,6450,-26.51,-26.51,
,279.003,6470,-26.1,-26.1,
,279.024,6490,-25.62,-25.62,
,279.045,6510,-25.86,-25.86,
,279.065,6530,-26.01,-26.01,
,279.086,6550,-26.09,-26.09,
,279.107,6570,-26.34,-26.34,
,279.128,6590,-26.76,-26.76,
,279.149,6610,-26.62,-26.62,
,279.171,6630,-26.54,-26.54,
,279.192,6650,-26.58,-26.58,
,279.214,6670,-26.58,-26.58,
,279.236,6690,-26.37,-26.37,
,279.258,6710,-26.2,-26.2,
,279.281,6730,-26.29,-26.29,
,279.304,6750,-26.5,-26.5,
,279.327,6770,-27.03,-27.03,
,279.351,6790,-26.2,-26.2,
,279.376,6810,-26.03,-26.03,
,279.401,6830,-26.31,-26.31,
,279.426,6850,-26.49,-26.49,
,279.452,6870,-26.16,-26.16,
,279.478,6890,-26.48,-26.49,
,279.505,6910,-26.34,-26.35,
,279.533,6930,-26.12,-26.13,
,279.562,6950,-26.15,-26.16,
,279.591,6970,-26.21,-26.23,
,279.621,6990,-26.23,-26.25,
,279.651,7010,-26.43,-26.45,
,279.683,7030,-26.46,-26.48,
,279.715,7050,-26.23,-26.26,
,279.748,7070,-25.95,-25.98,
,279.783,7090,-26.78,-26.81,
,279.818,7110,-26.46,-26.5,
,279.854,7130,-26.23,-26.27,
,279.891,7150,-26.02,-26.06,
,279.929,7170,-26.57,-26.61,
,279.968,7190,-25.85,-25.9,
,280.009,7210,-26.05,-26.1,
,280.055,7230,-26.2,-26.25,
,280.105,7250,-26.48,-26.54,
,280.159,7270,-26.46,-26.52,
,280.217,7290,-26.03,-26.09,
,280.277,7310,-26.23,-26.29,
,280.341,7330,-26.07,-26.14,
,280.407,7350,-26.42,-26.49,
,280.474,7370,-26.16,-26.23,
,280.544,7390,-25.82,-25.89,
,280.614,7410,-26.13,-26.21,
,280.685,7430,-26.19,-26.27,
,280.757,7450,-26.16,-26.24,
,280.829,7470,-26.14,-26.23,
,280.9,7490,-25.92,-26.01,
,280.97,7510,-26.33,-26.42,
,281.039,7530,-26.13,-26.22,
,281.107,7550,-26.03,-26.13,
,281.172,7570,-26.36,-26.46,
,281.236,7590,-26.44,-26.54,
,281.297,7610,-25.56,-25.66,
,281.358,7630,-26.01,-26.12,
,281.418,7650,-25.88,-25.99,
,281.478,7670,-25.84,-25.95,
,281.538,7690,-25.75,-25.87,
,281.598,7710,-25.91,-26.03,
,281.658,7730,-25.7,-25.82,
,281.719,7750,-25.82,-25.94,
,281.781,7770,-25.94,-26.07,
,281.843,7790,-26.0,-26.13,
,281.908,7810,-25.89,-26.02,
,281.973,7830,-25.64,-25.77,
,282.039,7850,-25.68,-25.82,
,282.105,7870,-25.48,-25.62,
,282.17,7890,-25.81,-25.95,
,282.235,7910,-25.87,-26.02,
,282.3,7930,-25.95,-26.1,
,282.366,7950,-25.3,-25.45,
,282.433,7970,-25.74,-25.89,
,282.501,7990,-25.45,-25.61,
,282.57,8010,-25.61,-25.77,
,282.64,8030,-25.75,-25.91,
,282.713,8050,-25.55,-25.72,
,282.788,8070,-26.27,-26.44,
,282.865,8090,-26.08,-26.25,
,282.945,8110,-26.27,-26.44,
,283.028,8130,-26.67,-26.85,
,283.115,8150,-26.95,-27.13,
,283.205,8170,-27.31,-27.49,
,283.299,8190,-27.68,-27.86,
,283.402,8210,-26.44,-26.63,
,283.514,8230,-26.29,-26.48,
,283.634,8250,-26.17,-26.36,
,283.76,8270,-26.06,-26.26,
,283.892,8290,-26.0,-26.2,
,284.027,8310,-25.71,-25.91,
,284.164,8330,-25.94,-26.14,
,284.302,8350,-25.65,-25.86,
,284.439,8370,-25.81,-26.02,
,284.573,8390,-25.86,-26.07,
,284.706,8410,-26.14,-26.35,
,284.838,8430,-26.31,-26.53,
,284.972,8450,-25.86,-26.08,
,285.108,8470,-26.33,-26.55,
,285.248,8490,-26.05,-26.28,
,285.393,8510,-26.43,-26.66,
,285.544,8530,-26.3,-26.53,
,285.705,8550,-26.25,-26.48,
,285.876,8570,-26.1,-26.34,
,286.053,8590,-26.04,-26.28,
,286.235,8610,-25.7,-25.94,
,286.417,8630,-26.11,-26.35,
,286.598,8650,-26.06,-26.31,
,286.777,8670,-25.9,-26.15,
,286.956,8690,-25.89,-26.14,
,287.135,8710,-26.21,-26.47,
,287.314,8730,-25.86,-26.12,
,287.493,8750,-25.71,-25.97,
,287.673,8770,-25.0,-25.26,
,287.854,8790,-25.8,-26.07,
,288.035,8810,-25.7,-25.97,
,288.217,8830,-25.42,-25.69,
,288.399,8850,-25.89,-26.17,
,288.583,8870,-25.34,-25.62,
,288.768,8890,-25.75,-26.03,
,288.954,8910,-26.05,-26.33,
,289.142,8930,-25.98,-26.27,
,289.331,8950,-25.93,-26.22,
,289.522,8970,-25.54,-25.83,
,289.714,8990,-25.96,-26.25,
,289.909,9010,-25.65,-25.95,
,290.115,9030,-26.14,-26.44,
,290.33,9050,-25.48,-25.78,
,290.544,9070,-25.79,-26.1,
,290.75,9090,-25.41,-25.72,
,290.939,9110,-25.34,-25.65,
,291.103,9130,-25.86,-26.17,
,291.244,9150,-25.87,-26.19,
,291.383,9170,-25.07,-25.39,
,291.539,9190,-25.46,-25.78,
,291.716,9210,-25.25,-25.57,
,291.906,9230,-26.18,-26.51,
,292.107,9250,-26.62,-26.95,
,292.317,9270,-25.9,-26.23,
,292.536,9290,-25.82,-26.16,
,292.762,9310,-25.7,-26.04,
,292.993,9330,-25.65,-25.99,
,293.228,9350,-25.5,-25.84,
,293.465,9370,-25.78,-26.13,
,293.702,9390,-25.5,-25.85,
,293.939,9410,-25.18,-25.53,
,294.174,9430,-25.72,-26.07,
,294.405,9450,-25.77,-26.13,
,294.631,9470,-25.68,-26.04,
,294.851,9490,-25.96,-26.32,
,295.067,9510,-25.67,-26.04,
,295.284,9530,-25.44,-25.81,
,295.5,9550,-26.15,-26.52,
,295.717,9570,-25.39,-25.76,
,295.934,9590,-25.95,-26.33,
,296.151,9610,-26.25,-26.63,
,296.368,9630,-25.65,-26.03,
,296.584,9650,-25.72,-26.11,
,296.8,9670,-25.13,-25.52,
,297.016,9690,-25.3,-25.69,
,297.231,9710,-25.72,-26.11,
,297.446,9730,-25.96,-26.36,
,297.659,9750,-25.33,-25.73,
,297.872,9770,-25.78,-26.18,
,298.084,9790,-26.26,-26.66,
,298.296,9810,-25.49,-25.9,
,298.506,9830,-25.9,-26.31,
,298.714,9850,-25.93,-26.34,
,298.922,9870,-26.05,-26.47,
,299.128,9890,-25.68,-26.1,
,299.333,9910,-26.26,-26.68,
,299.536,9930,-25.45,-25.87,
,299.737,9950,-26.41,-26.84,
,299.937,9970,-25.88,-26.31,
,300.135,9990,-25.77,-26.2,
,300.331,10010,-25.93,-26.36,
,300.528,10030,-26.29,-26.73,
,300.731,10050,-26.12,-26.56,
,300.938,10070,-25.92,-26.36,
,301.146,10090,-26.39,-26.84,
,301.355,10110,-26.33,-26.78,
,301.563,10130,-26.54,-26.99,
,301.767,10150,-26.62,-27.07,
,301.967,10170,-26.37,-26.83,
,302.159,10190,-26.15,-26.61,
,302.343,10210,-26.2,-26.66,
,302.516,10230,-26.52,-26.98,
,302.677,10250,-26.24,-26.71,
,302.825,10270,-26.51,-26.98,
,302.956,10290,-26.82,-27.29,
,303.071,10310,-26.66,-27.14,
,303.169,10330,-26.78,-27.26,
,303.257,10350,-26.75,-27.23,
,303.337,10370,-27.15,-27.63,
,303.411,10390,-26.27,-26.76,
,303.483,10410,-26.79,-27.28,
,303.555,10430,-26.54,-27.03,
,303.629,10450,-26.04,-26.54,
,303.704,10470,-26.2,-26.7,
,303.777,10490,-26.59,-27.09,
,303.851,10510,-27.18,-27.68,
,303.924,10530,-26.69,-27.2,
,303.997,10550,-26.44,-26.95,
,304.069,10570,-26.47,-26.98,
,304.141,10590,-26.64,-27.15,
,304.213,10610,-26.32,-26.84,
,304.284,10630,-26.5,-27.02,
,304.354,10650,-26.62,-27.14,
,304.424,10670,-26.77,-27.3,
,304.493,10690,-27.02,-27.55,
,304.562,10710,-26.8,-27.33,
,304.63,10730,-26.64,-27.17,
,304.697,10750,-27.14,-27.68,
,304.763,10770,-26.9,-27.44,
,304.829,10790,-26.76,-27.3,
,304.894,10810,-27.26,-27.8,
,304.958,10830,-27.3,-27.85,
,305.021,10850,-27.1,-27.65,
,305.084,10870,-27.07,-27.62,
,305.145,10890,-27.38,-27.94,
,305.206,10910,-27.06,-27.62,
,305.265,10930,-27.43,-27.99,
,305.323,10950,-27.35,-27.91,
,305.381,10970,-27.66,-28.23,
,305.437,10990,-27.72,-28.29,
,305.492,11010,-27.47,-28.04,
,305.546,11030,-27.28,-27.85,
,305.599,11050,-27.21,-27.79,
,305.652,11070,-27.2,-27.78,
,305.705,11090,-27.36,-27.94,
,305.756,11110,-27.77,-28.36,
,305.807,11130,-27.42,-28.01,
,305.856,11150,-27.64,-28.23,
,305.903,11170,-27.52,-28.11,
,305.947,11190,-27.33,-27.93,
,305.988,11210,-27.42,-28.02,
,306.026,11230,-27.53,-28.13,
,306.061,11250,-27.72,-28.33,
,306.091,11270,-27.57,-28.18,
,306.119,11290,-27.32,-27.93,
,306.144,11310,-27.85,-28.46,
,306.168,11330,-28.7,-29.32,
,306.19,11350,-29.13,-29.75,
,306.211,11370,-29.18,-29.8,
,306.232,11390,-29.04,-29.66,
,306.252,11410,-28.85,-29.48,
,306.272,11430,-28.76,-29.39,
,306.292,11450,-28.49,-29.12,
,306.313,11470,-28.38,-29.02,
,306.335,11490,-28.11,-28.75,
,306.358,11510,-27.88,-28.52,
,306.383,11530,-27.96,-28.6,
,306.408,11550,-27.76,-28.41,
,306.435,11570,-27.56,-28.21,
,306.462,11590,-27.48,-28.13,
,306.489,11610,-27.61,-28.26,
,306.517,11630,-28.35,-29.01,
,306.546,11650,-29.28,-29.94,
,306.575,11690,-30.12,,
,306.6,11728,-30.7,,
,306.625,11765,-30.57,,
,306.65,11802,-30.43,,
,306.675,11839,-30.38,,
,306.7,11877,-30.4,,
,306.725,11914,-29.98,,
,306.75,11951,-30.45,,
,306.775,11989,-30.62,,
,306.8,12026,-30.12,,
,306.825,12063,-30.13,,
,306.85,12100,-30.47,,
,306.875,12138,-30.36,,
,306.9,12175,-30.27,,
,306.925,12212,-30.53,,
,306.95,12249,-30.69,,
,306.975,12287,-30.48,,
,307.0,12324,-30.66,,
,307.025,12361,-30.79,,
,307.05,12399,-30.58,,
,307.075,12436,-30.65,,
,307.1,12473,-30.58,,
,307.125,12510,-30.57,,
,307.15,12548,-31.0,,
,307.175,12585,-30.94,,
,307.2,12622,-31.08,,
,307.225,12660,-31.09,,
,307.25,12697,-30.94,,
,307.275,12734,-30.85,,
,307.3,12771,-30.56,,
,307.325,12809,-29.95,,
,307.35,12846,-29.4,,
,307.375,12892,-28.92,,
,307.4,12938,-28.9,,
,307.425,12984,-29.38,,
,307.45,13030,-29.64,,
,307.475,13076,-30.24,,
,307.5,13122,-30.39,,
,307.525,13168,-30.73,,
,307.55,13214,-30.73,,
,307.575,13260,-30.05,,
,307.6,13307,-29.18,,
,307.625,13353,-29.03,,
,307.65,13399,-28.66,,
,307.675,13445,-28.53,,
,307.7,13491,-28.54,,
,307.725,13537,-28.48,,
,307.75,13583,-28.49,,
,307.775,13629,-29.3,,
,307.8,13675,-29.79,,
,307.825,13721,-28.86,,
,307.85,13767,-28.43,,
,307.875,13813,-28.34,,
,307.9,13859,-28.42,,
,307.925,13905,-29.2,,
,307.95,13951,-30.03,,
,307.975,13997,-29.42,,
,308.0,14043,-29.0,,
,308.025,14089,-28.59,,
,308.05,14135,-28.27,,
,308.075,14181,-27.9,,
,308.1,14228,-28.11,,
,308.125,14274,-28.21,,
,308.15,14320,-28.12,,
,308.175,14366,-28.2,,
,308.2,14412,-28.3,,
,308.225,14458,-28.01,,
,308.25,14504,-28.06,,
,308.275,14550,-28.18,,
,308.3,14596,-28.48,,
,308.325,14642,-29.3,,
,308.35,14776,-30.38,,
,308.375,14910,-30.75,,
,308.4,15044,-30.6,,
,308.425,15178,-30.65,,
,308.45,15311,-30.59,,
,308.475,15445,-30.67,,
,308.5,15579,-30.93,,
,308.525,15713,-30.9,,
,308.55,15847,-31.09,,
,308.575,15981,-31.05,,
,308.6,16115,-31.13,,
,308.625,16249,-31.34,,
,308.65,16382,-31.29,,
,308.675,16516,-31.18,,
,308.7,16650,-31.29,,
,308.725,16784,-31.04,,
,308.75,16918,-30.96,,
,308.775,17052,-31.14,,
,308.8,17186,-31.28,,
,308.825,17319,-31.39,,
,308.85,17453,-31.26,,
,308.875,17587,-31.29,,
,308.9,17721,-31.01,,
,308.925,17855,-30.62,,
,308.95,17989,-30.43,,
,308.975,18123,-30.95,,
,309.0,18257,-30.96,,
,309.025,18391,-30.97,,
,309.05,18524,-31.02,,
,309.075,18658,-30.69,,
,309.1,18792,-30.97,,
,309.125,18926,-31.05,,
,309.15,19060,-31.21,,
,309.175,19194,-31.34,,
,309.2,19328,-30.68,,
,309.225,19462,-30.65,,
,309.25,19595,-31.19,,
,309.275,19729,-31.16,,
,309.3,19863,-30.88,,
,309.325,19997,-30.93,,
,309.35,20131,-30.7,,
,309.375,20265,-30.46,,
,309.4,20399,-30.73,,
,309.425,20533,-30.72,,
,309.45,20666,-30.83,,
,309.475,20800,-31.21,,
,309.5,20934,-31.46,,
,309.525,21068,-31.44,,
,309.55,21202,-31.21,,
,309.575,21336,-31.25,,
,309.6,21470,-31.25,,
,309.625,21603,-31.49,,
,309.65,21737,-31.82,,
,309.675,21871,-31.89,,
,309.7,22005,-31.56,,
,309.725,22139,-31.5,,
,309.75,22273,-31.6,,
,309.775,22407,-31.34,,
,309.8,22541,-31.27,,
,309.825,22674,-31.42,,
,309.85,22808,-31.16,,
,309.875,22942,-30.79,,
,309.9,23076,-31.28,,
,309.925,23210,-31.46,,
,309.95,23250,-30.47,,
,309.975,23290,-30.4,,
,310.0,23440,-31.68,,
,310.025,23590,-32.46,,
,310.05,23740,-32.33,,
,310.075,23890,-32.0,,
,310.1,24040,-31.62,,
,310.125,24190,-31.71,,
,310.15,24340,-31.83,,
,310.175,24490,-31.94,,
,310.2,24640,-32.0,,
,310.225,24790,-31.92,,
,310.25,24940,-31.72,,
,310.275,25090,-31.77,,
,310.3,25240,-32.21,,
,310.325,25390,-32.37,,
,310.35,25540,-32.5,,
,310.375,25690,-32.4,,
,310.4,25840,-32.02,,
,310.425,25990,-32.13,,
,310.45,26140,-32.05,,
,310.475,26290,-31.93,,
,310.5,26440,-32.25,,
,310.525,26590,-32.1,,
,310.55,26740,-32.02,,
,310.575,26890,-31.92,,
,310.6,27040,-31.99,,
,310.625,27190,-32.0,,
,310.65,27340,-32.09,,
,310.675,27490,-31.63,,
,310.7,27570,-30.82,,
,310.725,27650,-30.25,,
,310.75,27730,-30.72,,
,310.775,27935,-31.74,,
,310.8,28140,-32.25,,
,310.825,28345,-32.28,,
,310.85,28550,-31.78,,
,310.875,28650,-30.65,,
,310.9,28750,-31.18,,
,310.925,28850,-31.18,,
,310.95,29166,-31.98,,
,310.975,29482,-32.25,,
,311.0,29798,-32.4,,
,311.025,30114,-32.3,,
,311.05,30430,-32.33,,
,311.075,30746,-32.03,,
,311.1,31062,-31.67,,
,311.125,31378,-31.93,,
,311.15,31694,-31.76,,
,311.175,32010,-31.67,,
,311.2,32120,-31.08,,
,311.225,32230,-30.37,,
,311.25,32340,-30.04,,
,311.275,32450,-30.5,,
,311.3,32743,-31.47,,
,311.325,33037,-31.84,,
,311.35,33330,-31.65,,
,311.375,33420,-30.93,,
,311.4,33510,-30.2,,
,311.425,33600,-29.99,,
,311.45,33690,-30.66,,
,311.475,34030,-31.31,,
,311.5,34370,-31.44,,
,311.525,34710,-30.99,,
,311.55,34890,-30.18,,
,311.575,35070,-29.83,,
,311.6,35250,-29.64,,
,311.625,35430,-30.26,,
,311.65,35720,-31.31,,
,311.675,36010,-31.39,,
,311.7,36300,-31.39,,
,311.725,36590,-30.97,,
,311.75,36748,-30.54,,
,311.775,36906,-30.15,,
,311.8,37064,-29.68,,
,311.825,37222,-29.43,,
,311.85,37380,-29.25,,
,311.875,37538,-29.31,,
,311.9,37696,-29.32,,
,311.925,37854,-29.33,,
,311.95,38012,-29.26,,
,311.975,38170,-30.19,,
,312.0,38366,-31.19,,
,312.025,38561,-31.38,,
,312.05,38757,-31.48,,
,312.075,38952,-31.6,,
,312.1,39148,-31.8,,
,312.125,39343,-31.73,,
,312.15,39539,-31.61,,
,312.175,39734,-31.52,,
,312.2,39930,-31.4,,
,312.225,40020,-30.66,,
,312.25,40110,-30.36,,
,312.275,40227,-30.8,,
,312.3,40344,-31.07,,
,312.325,40461,-31.16,,
,312.35,40579,-31.04,,
,312.375,40696,-31.05,,
,312.4,40813,-31.2,,
,312.425,40930,-30.9,,
,312.45,41010,-30.3,,
,312.475,41090,-29.82,,
,312.5,41170,-29.78,,
,312.525,41250,-29.45,,
,312.55,41330,-29.19,,
,312.575,41410,-29.66,,
,312.6,41547,-30.84,,
,312.625,41683,-31.35,,
,312.65,41820,-31.57,,
,312.675,41957,-31.63,,
,312.7,42093,-31.62,,
,312.725,42230,-31.4,,
,312.75,42326,-30.79,,
,312.775,42423,-30.62,,
,312.8,42519,-30.65,,
,312.825,42615,-30.28,,
,312.85,42712,-29.7,,
,312.875,42808,-29.48,,
,312.9,42905,-29.31,,
,312.925,43001,-29.3,,
,312.95,43097,-29.48,,
,312.975,43194,-29.81,,
,313.0,43290,-30.57,,
,313.025,43550,-31.55,,
,313.05,43810,-31.44,,
,313.075,44070,-31.56,,
,313.1,44330,-31.31,,
,313.125,44476,-30.44,,
,313.15,44622,-29.86,,
,313.175,44768,-29.99,,
,313.2,44914,-30.3,,
,313.225,45059,-30.33,,
,313.25,45205,-30.46,,
,313.275,45351,-30.06,,
,313.3,45497,-29.84,,
,313.325,45643,-29.54,,
,313.35,45789,-29.27,,
,313.375,45935,-29.19,,
,313.4,46081,-29.03,,
,313.425,46226,-28.88,,
,313.45,46372,-28.85,,
,313.475,46518,-28.8,,
,313.5,46664,-29.6,,
,313.525,46810,-30.41,,
,313.55,47106,-31.29,,
,313.575,47402,-31.4,,
,313.6,47698,-31.25,,
,313.625,47994,-31.4,,
,313.65,48290,-31.14,,
,313.675,48408,-30.66,,
,313.7,48525,-30.4,,
,313.725,48643,-30.09,,
,313.75,48760,-29.8,,
,313.775,48878,-29.63,,
,313.8,48995,-29.55,,
,313.825,49113,-29.25,,
,313.85,49230,-29.32,,
,313.875,49400,-30.05,,
,313.9,49570,-30.46,,
,313.925,49709,-30.11,,
,313.95,49849,-30.09,,
,313.975,49988,-29.92,,
,314.0,50128,-29.86,,
,314.025,50267,-30.08,,
,314.05,50406,-30.06,,
,314.075,50546,-29.91,,
,314.1,50685,-30.0,,
,314.125,50825,-30.09,,
,314.15,50964,-29.99,,
,314.175,51103,-29.97,,
,314.2,51243,-30.14,,
,314.225,51382,-30.19,,
,314.25,51522,-30.0,,
,314.275,51661,-30.01,,
,314.3,51800,-30.1,,
,314.325,51940,-30.01,,
,314.35,52079,-29.92,,
,314.375,52218,-29.86,,
,314.4,52358,-29.83,,
,314.425,52497,-29.78,,
,314.45,52637,-29.61,,
,314.475,52776,-29.37,,
,314.5,52915,-28.98,,
,314.525,53055,-28.83,,
,314.55,53194,-28.99,,
,314.575,53334,-29.14,,
,314.6,53473,-28.95,,
,314.625,53612,-28.87,,
,314.65,53752,-28.84,,
,314.675,53891,-28.86,,
,314.7,54031,-28.98,,
,314.725,54170,-29.73,,
,314.75,54780,-30.5,,
,314.775,55390,-30.59,,
,314.8,55510,-29.88,,
,314.825,55630,-29.42,,
,314.85,55750,-30.09,,
,314.875,56090,-31.05,,
,314.9,56430,-31.04,,
,314.925,56594,-30.56,,
,314.95,56757,-30.11,,
,314.975,56921,-30.06,,
,315.0,57085,-30.02,,
,315.025,57248,-29.9,,
,315.05,57412,-29.86,,
,315.075,57575,-29.94,,
,315.1,57739,-29.82,,
,315.125,57903,-29.81,,
,315.15,58066,-30.18,,
,315.175,58230,-30.52,,
,315.2,58315,-31.34,,
,315.225,58400,-31.79,,
,315.25,58485,-31.63,,
,315.275,58570,-31.13,,
,315.3,58647,-30.43,,
,315.325,58723,-29.78,,
,315.35,58800,-29.49,,
,315.375,58877,-29.02,,
,315.4,58953,-28.92,,
,315.425,59030,-29.77,,
,315.45,59090,-30.99,,
,315.475,59150,-31.65,,
,315.5,59210,-31.8,,
,315.525,59270,-30.74,,
,315.55,59310,-29.34,,
,315.575,59350,-29.0,,
,315.6,59390,-29.97,,
