short_name,core,depth (cm),age (cal yrs BP),Temperature (deg C),chron_table,age_type,lab ID,Lower depth (cm),Upper depth (cm),14C age (yr BP),14C age error (1s),age (cal yr BP),chron_table.1,age_type.1,lab ID.1,Lower depth (cm).1,Upper depth (cm).1,14C age (yr BP).1,14C age error (1s).1,age (cal yr BP).1
s53s52,S53,1.5,-40,16.37522043,S53,surface,surface age,0,0,,,-43,S52,surface,,0,0,,,-43
,S53,7.5,-27,16.20746263,,14C,Poz-24369,25,26,70,30,,,14C,Poz-19656,4,5,114,30,
,S53,15.5,3,16.37417793,,14C,Poz-32067,35,36,320,30,,,14C,Poz-18597,13,14,1120,30,
,S53,25.5,83,14.39447399,,14C,Hel-3851*,41,42,460,90,,,14C,Poz-26424,30,31,1335,30,
,S53,27.5,105.7272727,15.17644979,,14C,Poz-26425,47,48,960,30,,,14C,Poz-16805,44,45,1614,36,
,S53,35.5,387,12.48718217,,14C,Poz-26426,57,58,1200,30,,,14C,Poz-19675,48,49,1750,30,
,S53,37.5,404,13.87544405,,14C,Poz-24370,67,68,1740,30,,,14C,Poz-19658,61,62,1770,30,
,S53,39.5,421,16.62351595,,14C,AECV1967,83,85,2490,70,,,14C,Poz-19659,69,70,2160,30,
,S53,41.5,438,14.92250947,,14C,AECV1906,129,130,5320,90,,,14C,Poz-16806,86,87,2605,32,
,S53,45.5,811.6,15.56617015,,,,,,,,,,14C,Poz-19660,94,95,2915,30,
,S53,47.5,863,15.97903172,,,,,,,,,,14C,Poz-19661,117,118,3250,35,
,S53,51.5,965.8,15.69438203,,,,,,,,,,14C,AECV1966,127,129,3690,90,
,S53,57.5,1120,13.82764658,,,,,,,,,,14C,Poz-19662,158,159,3890,35,
,S52,15.5,1051.823529,14.29796032,,,,,,,,,,14C,Poz-20142,184.5,185.5,5250,40,
,S52,25.5,1195.941176,16.57346784,,,,,,,,,,14C,AECV1905,198,199,5780,90,
,S52,30.5,1268,16.63686148,,,,,,,,,,,,,,,,
,S52,40.5,1425.857143,13.55354651,,,,,,,,,,comments,,,,,,
,S52,50.5,1657.384615,12.52883652,,,,,,,,,,the first radiocarbon sample (poz 19656) has 0.36 modern carbon - assumed 30 years error NM,,,,,,
,S52,60.5,1704.307692,17.88941454,,,,,,,,,,All analyses on Sphagnum remains,,,,,,
,S52,67.5,2063.75,15.06754391,,,,,,,,,,Notes: Includes Cs,,,,,,
,S52,71.5,2236.546713,13.91840645,,,,,,,,,,,,,,,,
,S52,77.5,2446.941176,16.31212,,,,,,,,,,,,,,,,
,S52,83.5,2645.647059,17.88379078,,,,,,,,,,,,,,,,
,S52,95.5,3080.086957,18.49700652,,,,,,,,,,,,,,,,
,S52,106.5,3279.043478,15.2928875,,,,,,,,,,,,,,,,
,S52,117.5,3478,17.81335433,,,,,,,,,,,,,,,,
,S52,123.5,3811.142857,16.274872,,,,,,,,,,,,,,,,
,S52,129.5,4074.081967,15.1468059,,,,,,,,,,,,,,,,
,S52,146.5,4222.344262,16.04960385,,,,,,,,,,,,,,,,
,S52,158.5,4327,18.96329512,,,,,,,,,,,,,,,,
,S52,162.5,4583,17.559928,,,,,,,,,,,,,,,,
,S52,168.5,4967,13.89781487,,,,,,,,,,,,,,,,
,S52,171.5,5159,17.280568,,,,,,,,,,,,,,,,
,S52,176.5,5479,16.35601286,,,,,,,,,,,,,,,,
,S52,180.5,5735,14.244856,,,,,,,,,,,,,,,,
,S52,185,6023,17.094328,,,,,,,,,,,,,,,,
,S52,188.5,6171.296296,12.86278696,,,,,,,,,,,,,,,,