short_name,sample,depth (cm),age (cal yr BP),OM (%),sample.1,depth (cm).1,age (cal yr BP).1,MS,chron_table,age_type,lab ID,Lower depth (cm),Upper depth (cm),14C age (yr BP),14C age error (1s),age (cal yr BP).2,rejected,Material,notes
SP02,OM,0.5,-53.4,6.35814889336036,MS,16.5,1455.22424242424,4.6,,surface,,0.0,0.0,,,-58.0,,,Assumed top age based on collection year (2008)
,,1.5,-30.1,4.92537313432817,,17.5,1562.30303030303,4.6,,14C,BETA-258119,21.5,18.5,1890.0,40.0,,,plant and chitinous material -marcofossils,
,,2.5,8.7,8.14272644098787,,18.5,1669.38181818182,3.65,,14C,BETA-252730,38.5,35.5,3850.0,50.0,,,plant and chitinous material -marcofossils,
,,3.5,63.2,5.94871794871804,,19.5,1776.46060606061,4.1,,14C,BETA-252731,58.5,55.5,7970.0,50.0,,x,plant and chitinous material -marcofossils,Age rejected by authors
,,4.5,170.278787878789,4.88843813387437,,20.5,1921.0,4.05,,14C,BETA-252732,57.0,54.0,4940.0,40.0,,,Wood fragment (small stem),
,,5.5,277.357575757576,5.85688820982931,,21.5,2063.0,3.8,,14C,BETA-252733,77.0,74.0,5820.0,40.0,,,Plant remains,
,,6.5,384.436363636364,6.09845701689947,,22.5,2206.0,5.85,,14C,BETA-252734,77.0,74.0,5650.0,50.0,,,Plant and wood remains,
,,7.5,491.515151515152,6.32138637258793,,23.5,2348.0,4.35,,,,,,,,,,,
,,8.5,598.59393939394,6.9206969548934,,24.5,2491.0,4.15,,,,,,,,,,,
,,9.5,705.672727272728,6.58025922233302,,25.5,2633.0,5.3,,,comments,,,,,,,,
,,10.5,812.751515151516,3.08454971082338,,28.0,2988.82352941176,4.75,,,Pb-210 was analyzed from a surface core; Data are available in the article,,,,,,,,
,,11.5,919.830303030304,3.74649282059737,,29.0,3131.17647058823,4.15,,,Sample thickness not indicated for all samples,,,,,,,,
,,12.5,1026.90909090909,4.70868449981688,,30.0,3273.52941176471,4.45,,,upper depth on last three samples assumed to be 3 cm above lower depth (NM),,,,,,,,
,,13.5,1133.98787878788,4.87714072970948,,31.0,3415.88235294118,4.35,,,,,,,,,,,
,,14.5,1241.06666666667,6.40996602491521,,32.0,3558.23529411765,4.4,,,,,,,,,,,
,,15.5,1348.14545454545,3.96377322982834,,33.0,3700.58823529412,5.3,,,,,,,,,,,
,,16.5,1455.22424242424,5.40064572938062,,34.0,3842.94117647059,5.15,,,,,,,,,,,
,,17.5,1562.30303030303,6.01606562980682,,35.0,3985.29411764706,5.5,,,,,,,,,,,
,,18.5,1669.38181818182,6.0234030308846,,36.0,4127.64705882353,5.05,,,,,,,,,,,
,,19.5,1776.46060606061,7.159256940096,,37.0,4270.0,6.05,,,,,,,,,,,
,,20.5,1921.17647058824,7.42563663599416,,38.0,4330.0,5.85,,,,,,,,,,,
,,21.5,2063.52941176471,8.01253357206806,,39.0,4400.0,5.95,,,,,,,,,,,
,,22.5,2205.88235294118,6.60194174757262,,40.0,4470.0,5.95,,,,,,,,,,,
,,23.5,2348.23529411765,7.04285108188373,,41.0,4540.0,6.65,,,,,,,,,,,
,,24.5,2490.58823529412,6.35062611806795,,42.0,4610.0,7.2,,,,,,,,,,,
,,25.5,2632.94117647059,5.48381954407776,,43.0,4680.0,7.15,,,,,,,,,,,
,,26.5,2775.29411764706,7.47069342340542,,44.0,4750.0,7.65,,,,,,,,,,,
,,27.25,2882.05882352941,9.22833935018044,,45.0,4820.0,8.1,,,,,,,,,,,
,,28.0,2988.82352941176,9.28074245939676,,46.0,4890.0,8.05,,,,,,,,,,,
,,29.0,3131.17647058823,9.66286169365555,,47.0,4960.0,7.5,,,,,,,,,,,
,,30.0,3273.52941176471,9.5890410958907,,48.0,5030.0,8.9,,,,,,,,,,,
,,31.0,3415.88235294118,9.1134224863797,,49.0,5100.0,11.9,,,,,,,,,,,
,,32.0,3558.23529411765,9.51541850220276,,50.0,5170.0,12.65,,,,,,,,,,,
,,33.0,3700.58823529412,10.4677695379349,,51.0,5240.0,14.15,,,,,,,,,,,
,,34.0,3842.94117647059,10.5248064238602,,52.0,5310.0,15.65,,,,,,,,,,,
,,35.0,3985.29411764706,9.47494033412883,,53.0,5380.0,19.5,,,,,,,,,,,
,,36.0,4127.64705882353,8.87693342299934,,54.0,5450.0,24.4,,,,,,,,,,,
,,37.0,4270.0,9.88752288778463,,55.0,5520.0,32.75,,,,,,,,,,,
,,38.0,4330.0,9.83827493261455,,56.0,5590.0,37.9,,,,,,,,,,,
,,39.0,4400.0,9.91401112797147,,57.0,5660.0,39.0,,,,,,,,,,,
,,40.0,4470.0,8.78222594843849,,58.0,5680.0,38.15,,,,,,,,,,,
,,41.0,4540.0,8.41700491348013,,59.0,5730.0,17.4,,,,,,,,,,,
,,42.0,4610.0,7.42616033755269,,60.0,5780.0,20.7,,,,,,,,,,,
,,43.0,4680.0,7.53367003367006,,61.0,5830.0,23.8,,,,,,,,,,,
,,44.0,4750.0,7.47749402902798,,62.0,5880.0,26.75,,,,,,,,,,,
,,45.0,4820.0,7.50964075502349,,63.0,5930.0,37.55,,,,,,,,,,,
,,46.0,4890.0,6.40188610808856,,64.0,5980.0,43.95,,,,,,,,,,,
,,47.0,4960.0,8.13437566025757,,65.0,6030.0,58.5,,,,,,,,,,,
,,48.0,5030.0,7.11218965839089,,66.0,6080.0,72.55,,,,,,,,,,,
,,49.0,5100.0,7.56889392223494,,67.0,6130.0,95.45,,,,,,,,,,,
,,50.0,5170.0,7.68792710706146,,68.0,6180.0,100.7,,,,,,,,,,,
,,51.0,5240.0,7.75179177668806,,69.0,6230.0,133.05,,,,,,,,,,,
,,52.0,5310.0,7.72891680944229,,70.0,6280.0,147.25,,,,,,,,,,,
,,53.0,5380.0,8.10258316298079,,71.0,6330.0,108.75,,,,,,,,,,,
,,54.0,5450.0,7.6603838837973,,72.0,6380.0,129.05,,,,,,,,,,,
,,55.0,5520.0,7.42753623188413,,73.0,6430.0,140.4,,,,,,,,,,,
,,56.0,5590.0,7.51621518504381,,74.0,6480.0,126.35,,,,,,,,,,,
,,57.0,5660.0,7.03465087933137,,75.0,6530.0,112.0,,,,,,,,,,,
,,58.0,5680.0,7.08647605683213,,76.0,6580.0,135.15,,,,,,,,,,,
,,59.0,5730.0,6.98996655518399,,80.5,6805.0,113.9,,,,,,,,,,,
,,60.0,5780.0,6.05719115368352,,81.5,6855.0,122.9,,,,,,,,,,,
,,61.0,5830.0,4.82106222931379,,82.5,6905.0,131.1,,,,,,,,,,,
,,62.0,5880.0,4.78265856176173,,83.5,6955.0,238.8,,,,,,,,,,,
,,63.0,5930.0,5.28330781010713,,84.5,7005.0,149.05,,,,,,,,,,,
,,64.0,5980.0,5.61907078569699,,85.5,7055.0,176.6,,,,,,,,,,,
,,65.0,6030.0,4.41328108888446,,86.5,7105.0,233.6,,,,,,,,,,,
,,66.0,6080.0,3.54847469901324,,87.5,7155.0,76.95,,,,,,,,,,,
,,67.0,6130.0,3.25414254342188,,88.5,7205.0,98.6,,,,,,,,,,,
,,68.0,6180.0,3.18655344480438,,89.5,7255.0,203.5,,,,,,,,,,,
,,69.0,6230.0,3.34909061773885,,90.5,7305.0,62.15,,,,,,,,,,,
,,70.0,6280.0,3.27479829140954,,91.5,7355.0,23.7,,,,,,,,,,,
,,71.0,6330.0,2.72204293531641,,92.5,7405.0,12.65,,,,,,,,,,,
,,72.0,6380.0,2.79345372460497,,93.5,7455.0,110.0,,,,,,,,,,,
,,73.0,6430.0,3.03754746167913,,95.5,7555.0,159.8,,,,,,,,,,,
,,74.0,6480.0,2.72188533627345,,96.5,7605.0,177.6,,,,,,,,,,,
,,75.0,6530.0,2.65476466496637,,97.5,7655.0,137.4,,,,,,,,,,,
,,76.0,6580.0,3.15513827680912,,98.5,7705.0,165.35,,,,,,,,,,,
,,77.0,6630.0,3.3017969394882,,99.5,7755.0,125.3,,,,,,,,,,,
,,78.0,6680.0,2.6305940223493,,100.5,7805.0,181.75,,,,,,,,,,,
,,79.0,6730.0,3.62491716368459,,101.5,7855.0,211.0,,,,,,,,,,,
,,80.0,6780.0,3.58959018845351,,,,,,,,,,,,,,,
,,81.0,6830.0,3.43293452774595,,,,,,,,,,,,,,,
,,82.0,6880.0,2.19304788900494,,,,,,,,,,,,,,,
,,83.0,6930.0,2.90572890870065,,,,,,,,,,,,,,,
,,84.0,6980.0,2.71049596309118,,,,,,,,,,,,,,,
,,85.0,7030.0,2.3596531264263,,,,,,,,,,,,,,,
,,86.0,7080.0,1.47452577591738,,,,,,,,,,,,,,,
,,87.0,7130.0,1.3344986386097,,,,,,,,,,,,,,,
,,88.0,7180.0,1.23761539241876,,,,,,,,,,,,,,,
,,89.0,7230.0,1.24928636195723,,,,,,,,,,,,,,,
,,90.0,7280.0,1.22022080185937,,,,,,,,,,,,,,,
,,91.0,7330.0,1.31220995359259,,,,,,,,,,,,,,,
,,92.0,7380.0,1.33290793718321,,,,,,,,,,,,,,,
,,93.0,7430.0,1.16854950959768,,,,,,,,,,,,,,,
,,94.0,7480.0,1.21266786931245,,,,,,,,,,,,,,,
,,95.0,7530.0,1.24644315229495,,,,,,,,,,,,,,,
,,96.0,7580.0,1.15313910088578,,,,,,,,,,,,,,,
,,97.0,7630.0,1.31821776957556,,,,,,,,,,,,,,,
,,98.0,7680.0,1.18900266306586,,,,,,,,,,,,,,,
,,99.0,7730.0,1.12875779920589,,,,,,,,,,,,,,,
,,100.0,7780.0,1.28272447678345,,,,,,,,,,,,,,,
,,101.0,7830.0,1.07809988359847,,,,,,,,,,,,,,,
,,102.0,7880.0,1.02530301365852,,,,,,,,,,,,,,,
,,103.0,7930.0,0.9346822080492981,,,,,,,,,,,,,,,
,,104.0,7980.0,2.07030407591111,,,,,,,,,,,,,,,
,,105.0,8030.0,3.3724091063542,,,,,,,,,,,,,,,
,,106.0,8080.0,4.01097928103411,,,,,,,,,,,,,,,
