age_max,age_min,age_mean,area,file
14,13,13.5,2608247,14-13_ka_merged_polygon.shp
13,12,12.5,2409931,13-12_ka_merged_polygon.shp
12,11.5,11.75,2318249,12-11.5_ka_merged_polygon.shp
11.5,11,11.25,2242811,11.5-11.0_ka_merged_polygon.shp
11,10.5,10.75,2157275,11-10.5_ka_merged_polygon.shp
10.5,10,10.25,2059035,10.5-10.0_ka_merged_polygon.shp
10,9.5,9.75,1964528,10-9.5_ka_merged_polygon.shp
9.5,9,9.25,1886182,9.5-9_ka_merged_polygon.shp
9,8.5,8.75,1822876,9-8.5_ka_merged_polygon.shp
8.5,8,8.25,1772175,8.5-8_ka_merged_polygon.shp
8,7.5,7.75,1751039,8-7.5_ka_merged_polygon.shp
7.5,7,7.25,1732342,7.5-7_ka_merged_polygon.shp
7,6.5,6.75,1722845,7-6.5_ka_merged_polygon.shp