Age,Insolation (wm-2)
-10,546.69515
-9.9,546.442256
-9.8,546.171382
-9.7,545.882711
-9.6,545.576346
-9.5,545.252319
-9.4,544.910605
-9.3,544.551139
-9.2,544.17383
-9.1,543.778589
-9,543.365341
-8.9,542.93215
-8.8,542.481099
-8.7,542.012436
-8.6,541.526472
-8.5,541.023589
-8.4,540.504229
-8.3,539.968902
-8.2,539.418175
-8.1,538.85267
-8,538.273056
-7.9,537.679015
-7.8,537.072432
-7.7,536.454149
-7.6,535.825008
-7.5,535.185842
-7.4,534.53746
-7.3,533.88064
-7.2,533.216119
-7.1,532.544587
-7,531.866683
-6.9,531.184703
-6.8,530.497161
-6.7,529.804439
-6.6,529.106916
-6.5,528.404978
-6.4,527.699027
-6.3,526.989484
-6.2,526.276796
-6.1,525.561437
-6,524.843907
-5.9,524.125026
-5.8,523.405278
-5.7,522.685142
-5.6,521.965071
-5.5,521.245491
-5.4,520.526806
-5.3,519.8094
-5.2,519.093652
-5.1,518.379936
-5,517.66864
-4.9,516.957246
-4.8,516.24917
-4.7,515.545172
-4.6,514.84606
-4.5,514.152675
-4.4,513.465878
-4.3,512.786532
-4.2,512.115481
-4.1,511.453532
-4,510.801442
-3.9,510.163594
-3.8,509.536606
-3.7,508.920675
-3.6,508.315928
-3.5,507.722433
-3.4,507.140216
-3.3,506.569274
-3.2,506.009589
-3.1,505.461142
-3,504.923928
-2.9,504.396008
-2.8,503.879627
-2.7,503.375013
-2.6,502.882413
-2.5,502.402085
-2.4,501.934296
-2.3,501.479322
-2.2,501.03744
-2.1,500.608933
-2,500.19408
-1.9,499.792443
-1.8,499.405015
-1.7,499.032137
-1.6,498.674144
-1.5,498.331355
-1.4,498.004068
-1.3,497.692548
-1.2,497.39702
-1.1,497.117666
-1,496.854612
-0.9,496.609923
-0.8,496.381406
-0.7,496.168854
-0.6,495.972022
-0.5,495.790639
-0.4,495.624414
-0.3,495.473047
-0.2,495.336238
-0.1,495.213689
0,495.105112