Age,Sand %
0.756877799,2.230046948
0.770755049,3.051643192
0.798635704,4.929577465
0.825002478,3.990610329
0.838059708,3.286384977
0.879439143,5.281690141
0.905364368,3.521126761
0.907193642,6.924882629
0.933938886,6.690140845
0.960242582,5.633802817
0.986104728,3.755868545
1.040730628,5.399061033
1.052904761,3.051643192
1.053661701,4.460093897
1.093022627,2.699530516
1.133455886,2.9342723
1.133960513,3.873239437
1.200066683,1.877934272
1.214511638,3.755868545
1.267560578,2.464788732
1.32092491,1.76056338
1.334928316,2.816901408
1.335622178,4.107981221
1.376370829,4.929577465
1.415857911,3.403755869
1.416804087,5.164319249
1.456165013,3.403755869
1.510664756,4.812206573
1.563398304,2.9342723
1.591531273,5.281690141
1.605660836,6.572769953
1.64470637,4.225352113
1.699773819,6.690140845
1.725699044,4.929577465
1.7535797,6.807511737
1.765943067,4.812206573
1.808457913,8.920187793
1.819055085,3.638497653
1.846304957,4.342723005
1.887684392,6.338028169
1.915628126,8.333333333
1.940733332,5.046948357
1.953790562,4.342723005
2.006839502,3.051643192
2.047461995,3.638497653
2.088399881,4.812206573
2.141448821,3.521126761
2.155578384,4.812206573
2.221810711,3.051643192
2.262748597,4.225352113
2.275868905,3.638497653
2.316996026,5.164319249
2.331188668,6.572769953
2.343425878,4.342723005
2.371180377,5.985915493
2.424355474,4.929577465
2.438169645,5.633802817
2.452046894,6.455399061
2.452362286,7.042253521
2.49298478,7.629107981
2.518594613,5.281690141
2.519036162,6.103286385
2.545150622,4.694835681
2.585394646,4.577464789
2.599271895,5.399061033
2.625638669,4.460093897
2.639389761,5.046948357
2.667207339,6.807511737
2.707640597,7.042253521
2.7201932,5.399061033
2.760500302,5.399061033
2.775134492,7.629107981
2.829129608,8.098591549
2.841871446,6.807511737
2.856253323,8.568075117
2.870256729,9.624413146
2.897569679,10.44600939
2.911257693,10.91549296
2.938633722,11.85446009
2.950934011,9.741784038
2.963612771,8.333333333
3.003415245,7.394366197
3.003919872,8.333333333
3.030980509,8.685446009
3.106737675,NaN
3.254530381,NaN
3.299000658,7.394366197
3.312120966,6.807511737
3.341704739,11.85446009
3.381317978,10.56338028
3.39431213,9.741784038
3.419858885,7.276995305
3.446351815,6.572769953
3.474232471,8.450704225
3.526839862,6.338028169
3.527470646,7.511737089
3.58152884,8.098591549
3.620889766,6.338028169
3.649716598,9.976525822
3.688888288,7.863849765
3.755372929,6.572769953
3.769817884,8.450704225
3.809683437,7.629107981
3.837437935,9.272300469
3.850495165,8.568075117
3.892000757,10.79812207
3.904301046,8.685446009
3.958359241,9.272300469
3.986113739,10.91549296
4.038594974,8.568075117
4.067043335,11.50234742
4.12028151,10.56338028
4.122867725,15.37558685
4.150811459,17.37089202
4.188153875,11.85446009
4.227830193,10.68075117
4.230227172,15.14084507
4.270660431,15.37558685
4.297027205,14.43661972
4.32490786,16.31455399
4.364205708,14.43661972
4.379849152,18.54460094
4.403755869,13.02816901
4.431194975,14.08450704
4.445198382,15.14084507
4.460147964,17.95774648
4.513133825,16.54929577
4.541329873,19.01408451
4.552557829,14.90610329
4.580690799,17.25352113
4.60636371,15.02347418
4.620808665,16.90140845
4.645346165,12.55868545
4.674488389,16.78403756
4.701801339,17.6056338
4.715867824,18.77934272
4.755670298,17.84037559
4.78292017,18.54460094
4.783866346,20.30516432
4.837987619,21.00938967
4.849089418,16.66666667
4.874951565,14.78873239
4.944779361,19.71830986
4.954998063,13.73239437
4.98041866,11.03286385
4.998396006,19.48356808
5.051571103,18.42723005
5.063745235,16.07981221
5.075603976,13.14553991
5.104872356,17.6056338
5.135780776,NaN
5.231912267,NaN
5.268182351,21.47887324
5.277959504,14.6713615
5.330440738,12.32394366
5.333594658,18.19248826
5.357753688,13.14553991
5.388094401,19.60093897
5.424238328,11.85446009
5.425562975,14.31924883
5.438494048,13.38028169
5.477981131,11.85446009
5.492299929,13.49765258
5.494066124,16.78403756
5.560550765,15.49295775
5.572472583,12.67605634
5.600984023,15.72769953
5.62962162,19.01408451
5.666522487,12.67605634
5.708406549,15.61032864
5.709857353,18.30985915
5.723923837,19.48356808
5.765870978,22.53521127
5.806682707,23.4741784
5.820938426,25
5.883512206,16.43192488
5.913348292,21.94835681
5.914294468,23.70892019
5.952709218,20.18779343
5.979959089,20.89201878
5.980526795,21.94835681
6.022032386,24.17840376
6.059690195,19.24882629
6.101195786,21.47887324
6.103403531,25.58685446
6.145098357,28.16901408
6.154433961,20.5399061
6.18376542,25.11737089
6.206032098,16.54929577
6.235678949,21.71361502
6.248546944,20.657277
6.271949033,14.20187793
6.273525993,17.13615023
6.312949997,15.49295775
6.315914682,21.00938967
6.34329071,21.94835681
6.346507709,27.9342723
6.372685248,26.64319249
6.387130203,28.52112676
6.41179386,24.41314554
6.440936084,28.63849765
6.466482838,26.17370892
6.493858867,27.11267606
6.521739522,28.99061033
6.546340101,24.76525822
6.570625287,19.95305164
6.585007164,21.71361502
6.613013976,23.82629108
6.615663269,28.75586854
6.641903887,27.58215962
6.66511674,20.77464789
6.690032711,17.13615023
6.702963784,16.1971831
6.728889009,14.43661972
6.741189298,12.32394366
6.767997621,12.20657277
6.770205365,16.31455399
6.797896786,17.84037559
6.823317384,15.14084507
6.848296432,11.61971831
6.851387274,17.37089202
6.860785957,9.85915493
6.876303245,13.73239437
6.917367288,15.14084507
6.942157101,11.26760563
6.956412821,12.79342723
6.967262307,7.981220657
7.008263271,9.272300469
7.020878953,7.746478873
7.047308805,6.924882629
7.075000225,8.450704225
7.075252539,8.920187793
7.102439332,9.507042254
7.12785993,6.807511737
7.168860894,8.098591549
7.181791967,7.159624413
7.193839943,4.577464789
7.248402765,6.103286385
7.262090779,6.572769953
7.279815811,14.55399061
7.289466807,7.511737089
7.316842836,8.450704225
7.317158228,9.037558685
7.31747362,9.624413146