age,temperature
0.678,6.122538706
0.88,6.102578474
1.084,6.147732765
1.298,6.744913725
1.497,6.192953506
1.698,6.027911889
1.899,5.984739966
2.107,6.285186917
2.31,6.473278092
2.515,6.204965613
2.717,6.473908062
2.912,6.612413103
3.12,6.761127418
3.321,7.391856263
3.533,7.051868911
3.736,6.60757588
3.939,6.799865696
4.144,6.948498424
4.346,6.556294373
4.552,7.117887637
4.754,7.073394717
4.966,7.25597636
5.389,7.069284003
5.597,6.792953046
5.81,6.671628329
6.01,6.207023268
6.22,7.704908115
6.429,6.256720083
6.639,6.026960891
6.854,5.481344098
7.043,5.692102553
7.245,5.496643222
7.447,5.577474341
7.647,5.462152486
7.864,5.656794828
8.06,5.280121986
8.258,5.084575269
8.466,4.796001909
8.676,5.85299107
9.092,5.273150716
9.291,5.419262303
9.38144,4.975661423
9.580441,4.505915809